case_id,channel,seed,snr_db,trials,metric,value,reported_value,config,log
pbch,PBCH,12345,-10,200,bler,0.64,6.4000e-01,configs/pbch_seed12345.cfg,logs/pbch_seed12345.txt
pbch,PBCH,12345,-5,200,bler,0,0.0000e+00,configs/pbch_seed12345.cfg,logs/pbch_seed12345.txt
pbch,PBCH,12345,0,200,bler,0,0.0000e+00,configs/pbch_seed12345.cfg,logs/pbch_seed12345.txt
pbch,PBCH,12345,5,200,bler,0,0.0000e+00,configs/pbch_seed12345.cfg,logs/pbch_seed12345.txt
pbch,PBCH,12345,10,200,bler,0,0.0000e+00,configs/pbch_seed12345.cfg,logs/pbch_seed12345.txt
pbch,PBCH,12345,15,200,bler,0,0.0000e+00,configs/pbch_seed12345.cfg,logs/pbch_seed12345.txt
pbch,PBCH,12345,20,200,bler,0,0.0000e+00,configs/pbch_seed12345.cfg,logs/pbch_seed12345.txt
pbch,PBCH,67890,-10,200,bler,0.68,6.8000e-01,configs/pbch_seed67890.cfg,logs/pbch_seed67890.txt
pbch,PBCH,67890,-5,200,bler,0,0.0000e+00,configs/pbch_seed67890.cfg,logs/pbch_seed67890.txt
pbch,PBCH,67890,0,200,bler,0,0.0000e+00,configs/pbch_seed67890.cfg,logs/pbch_seed67890.txt
pbch,PBCH,67890,5,200,bler,0,0.0000e+00,configs/pbch_seed67890.cfg,logs/pbch_seed67890.txt
pbch,PBCH,67890,10,200,bler,0,0.0000e+00,configs/pbch_seed67890.cfg,logs/pbch_seed67890.txt
pbch,PBCH,67890,15,200,bler,0,0.0000e+00,configs/pbch_seed67890.cfg,logs/pbch_seed67890.txt
pbch,PBCH,67890,20,200,bler,0,0.0000e+00,configs/pbch_seed67890.cfg,logs/pbch_seed67890.txt
pdcch_css_al4,PDCCH,12345,-10,200,p_detect,0,0.0000,configs/pdcch_css_al4_seed12345.cfg,logs/pdcch_css_al4_seed12345.txt
pdcch_css_al4,PDCCH,12345,-10,200,p_miss,1,1.0000,configs/pdcch_css_al4_seed12345.cfg,logs/pdcch_css_al4_seed12345.txt
pdcch_css_al4,PDCCH,12345,-10,200,p_false_alarm,0,0.0000e+00,configs/pdcch_css_al4_seed12345.cfg,logs/pdcch_css_al4_seed12345.txt
pdcch_css_al4,PDCCH,12345,-10,200,ber_detected,0,0.0000e+00,configs/pdcch_css_al4_seed12345.cfg,logs/pdcch_css_al4_seed12345.txt
pdcch_css_al4,PDCCH,12345,-5,200,p_detect,0.8,0.8000,configs/pdcch_css_al4_seed12345.cfg,logs/pdcch_css_al4_seed12345.txt
pdcch_css_al4,PDCCH,12345,-5,200,p_miss,0.2,0.2000,configs/pdcch_css_al4_seed12345.cfg,logs/pdcch_css_al4_seed12345.txt
pdcch_css_al4,PDCCH,12345,-5,200,p_false_alarm,0,0.0000e+00,configs/pdcch_css_al4_seed12345.cfg,logs/pdcch_css_al4_seed12345.txt
pdcch_css_al4,PDCCH,12345,-5,200,ber_detected,0,0.0000e+00,configs/pdcch_css_al4_seed12345.cfg,logs/pdcch_css_al4_seed12345.txt
pdcch_css_al4,PDCCH,12345,0,200,p_detect,1,1.0000,configs/pdcch_css_al4_seed12345.cfg,logs/pdcch_css_al4_seed12345.txt
pdcch_css_al4,PDCCH,12345,0,200,p_miss,0,0.0000,configs/pdcch_css_al4_seed12345.cfg,logs/pdcch_css_al4_seed12345.txt
pdcch_css_al4,PDCCH,12345,0,200,p_false_alarm,0,0.0000e+00,configs/pdcch_css_al4_seed12345.cfg,logs/pdcch_css_al4_seed12345.txt
pdcch_css_al4,PDCCH,12345,0,200,ber_detected,0,0.0000e+00,configs/pdcch_css_al4_seed12345.cfg,logs/pdcch_css_al4_seed12345.txt
pdcch_css_al4,PDCCH,12345,5,200,p_detect,1,1.0000,configs/pdcch_css_al4_seed12345.cfg,logs/pdcch_css_al4_seed12345.txt
pdcch_css_al4,PDCCH,12345,5,200,p_miss,0,0.0000,configs/pdcch_css_al4_seed12345.cfg,logs/pdcch_css_al4_seed12345.txt
pdcch_css_al4,PDCCH,12345,5,200,p_false_alarm,0,0.0000e+00,configs/pdcch_css_al4_seed12345.cfg,logs/pdcch_css_al4_seed12345.txt
pdcch_css_al4,PDCCH,12345,5,200,ber_detected,0,0.0000e+00,configs/pdcch_css_al4_seed12345.cfg,logs/pdcch_css_al4_seed12345.txt
pdcch_css_al4,PDCCH,12345,10,200,p_detect,1,1.0000,configs/pdcch_css_al4_seed12345.cfg,logs/pdcch_css_al4_seed12345.txt
pdcch_css_al4,PDCCH,12345,10,200,p_miss,0,0.0000,configs/pdcch_css_al4_seed12345.cfg,logs/pdcch_css_al4_seed12345.txt
pdcch_css_al4,PDCCH,12345,10,200,p_false_alarm,0,0.0000e+00,configs/pdcch_css_al4_seed12345.cfg,logs/pdcch_css_al4_seed12345.txt
pdcch_css_al4,PDCCH,12345,10,200,ber_detected,0,0.0000e+00,configs/pdcch_css_al4_seed12345.cfg,logs/pdcch_css_al4_seed12345.txt
pdcch_css_al4,PDCCH,12345,15,200,p_detect,1,1.0000,configs/pdcch_css_al4_seed12345.cfg,logs/pdcch_css_al4_seed12345.txt
pdcch_css_al4,PDCCH,12345,15,200,p_miss,0,0.0000,configs/pdcch_css_al4_seed12345.cfg,logs/pdcch_css_al4_seed12345.txt
pdcch_css_al4,PDCCH,12345,15,200,p_false_alarm,0,0.0000e+00,configs/pdcch_css_al4_seed12345.cfg,logs/pdcch_css_al4_seed12345.txt
pdcch_css_al4,PDCCH,12345,15,200,ber_detected,0,0.0000e+00,configs/pdcch_css_al4_seed12345.cfg,logs/pdcch_css_al4_seed12345.txt
pdcch_css_al4,PDCCH,12345,20,200,p_detect,1,1.0000,configs/pdcch_css_al4_seed12345.cfg,logs/pdcch_css_al4_seed12345.txt
pdcch_css_al4,PDCCH,12345,20,200,p_miss,0,0.0000,configs/pdcch_css_al4_seed12345.cfg,logs/pdcch_css_al4_seed12345.txt
pdcch_css_al4,PDCCH,12345,20,200,p_false_alarm,0,0.0000e+00,configs/pdcch_css_al4_seed12345.cfg,logs/pdcch_css_al4_seed12345.txt
pdcch_css_al4,PDCCH,12345,20,200,ber_detected,0,0.0000e+00,configs/pdcch_css_al4_seed12345.cfg,logs/pdcch_css_al4_seed12345.txt
pdcch_css_al4,PDCCH,67890,-10,200,p_detect,0,0.0000,configs/pdcch_css_al4_seed67890.cfg,logs/pdcch_css_al4_seed67890.txt
pdcch_css_al4,PDCCH,67890,-10,200,p_miss,1,1.0000,configs/pdcch_css_al4_seed67890.cfg,logs/pdcch_css_al4_seed67890.txt
pdcch_css_al4,PDCCH,67890,-10,200,p_false_alarm,0,0.0000e+00,configs/pdcch_css_al4_seed67890.cfg,logs/pdcch_css_al4_seed67890.txt
pdcch_css_al4,PDCCH,67890,-10,200,ber_detected,0,0.0000e+00,configs/pdcch_css_al4_seed67890.cfg,logs/pdcch_css_al4_seed67890.txt
pdcch_css_al4,PDCCH,67890,-5,200,p_detect,0.78,0.7800,configs/pdcch_css_al4_seed67890.cfg,logs/pdcch_css_al4_seed67890.txt
pdcch_css_al4,PDCCH,67890,-5,200,p_miss,0.22,0.2200,configs/pdcch_css_al4_seed67890.cfg,logs/pdcch_css_al4_seed67890.txt
pdcch_css_al4,PDCCH,67890,-5,200,p_false_alarm,0,0.0000e+00,configs/pdcch_css_al4_seed67890.cfg,logs/pdcch_css_al4_seed67890.txt
pdcch_css_al4,PDCCH,67890,-5,200,ber_detected,0,0.0000e+00,configs/pdcch_css_al4_seed67890.cfg,logs/pdcch_css_al4_seed67890.txt
pdcch_css_al4,PDCCH,67890,0,200,p_detect,1,1.0000,configs/pdcch_css_al4_seed67890.cfg,logs/pdcch_css_al4_seed67890.txt
pdcch_css_al4,PDCCH,67890,0,200,p_miss,0,0.0000,configs/pdcch_css_al4_seed67890.cfg,logs/pdcch_css_al4_seed67890.txt
pdcch_css_al4,PDCCH,67890,0,200,p_false_alarm,0,0.0000e+00,configs/pdcch_css_al4_seed67890.cfg,logs/pdcch_css_al4_seed67890.txt
pdcch_css_al4,PDCCH,67890,0,200,ber_detected,0,0.0000e+00,configs/pdcch_css_al4_seed67890.cfg,logs/pdcch_css_al4_seed67890.txt
pdcch_css_al4,PDCCH,67890,5,200,p_detect,1,1.0000,configs/pdcch_css_al4_seed67890.cfg,logs/pdcch_css_al4_seed67890.txt
pdcch_css_al4,PDCCH,67890,5,200,p_miss,0,0.0000,configs/pdcch_css_al4_seed67890.cfg,logs/pdcch_css_al4_seed67890.txt
pdcch_css_al4,PDCCH,67890,5,200,p_false_alarm,0,0.0000e+00,configs/pdcch_css_al4_seed67890.cfg,logs/pdcch_css_al4_seed67890.txt
pdcch_css_al4,PDCCH,67890,5,200,ber_detected,0,0.0000e+00,configs/pdcch_css_al4_seed67890.cfg,logs/pdcch_css_al4_seed67890.txt
pdcch_css_al4,PDCCH,67890,10,200,p_detect,1,1.0000,configs/pdcch_css_al4_seed67890.cfg,logs/pdcch_css_al4_seed67890.txt
pdcch_css_al4,PDCCH,67890,10,200,p_miss,0,0.0000,configs/pdcch_css_al4_seed67890.cfg,logs/pdcch_css_al4_seed67890.txt
pdcch_css_al4,PDCCH,67890,10,200,p_false_alarm,0,0.0000e+00,configs/pdcch_css_al4_seed67890.cfg,logs/pdcch_css_al4_seed67890.txt
pdcch_css_al4,PDCCH,67890,10,200,ber_detected,0,0.0000e+00,configs/pdcch_css_al4_seed67890.cfg,logs/pdcch_css_al4_seed67890.txt
pdcch_css_al4,PDCCH,67890,15,200,p_detect,1,1.0000,configs/pdcch_css_al4_seed67890.cfg,logs/pdcch_css_al4_seed67890.txt
pdcch_css_al4,PDCCH,67890,15,200,p_miss,0,0.0000,configs/pdcch_css_al4_seed67890.cfg,logs/pdcch_css_al4_seed67890.txt
pdcch_css_al4,PDCCH,67890,15,200,p_false_alarm,0,0.0000e+00,configs/pdcch_css_al4_seed67890.cfg,logs/pdcch_css_al4_seed67890.txt
pdcch_css_al4,PDCCH,67890,15,200,ber_detected,0,0.0000e+00,configs/pdcch_css_al4_seed67890.cfg,logs/pdcch_css_al4_seed67890.txt
pdcch_css_al4,PDCCH,67890,20,200,p_detect,1,1.0000,configs/pdcch_css_al4_seed67890.cfg,logs/pdcch_css_al4_seed67890.txt
pdcch_css_al4,PDCCH,67890,20,200,p_miss,0,0.0000,configs/pdcch_css_al4_seed67890.cfg,logs/pdcch_css_al4_seed67890.txt
pdcch_css_al4,PDCCH,67890,20,200,p_false_alarm,0,0.0000e+00,configs/pdcch_css_al4_seed67890.cfg,logs/pdcch_css_al4_seed67890.txt
pdcch_css_al4,PDCCH,67890,20,200,ber_detected,0,0.0000e+00,configs/pdcch_css_al4_seed67890.cfg,logs/pdcch_css_al4_seed67890.txt
pdcch_css_al8,PDCCH,12345,-10,200,p_detect,0.14,0.1400,configs/pdcch_css_al8_seed12345.cfg,logs/pdcch_css_al8_seed12345.txt
pdcch_css_al8,PDCCH,12345,-10,200,p_miss,0.86,0.8600,configs/pdcch_css_al8_seed12345.cfg,logs/pdcch_css_al8_seed12345.txt
pdcch_css_al8,PDCCH,12345,-10,200,p_false_alarm,0,0.0000e+00,configs/pdcch_css_al8_seed12345.cfg,logs/pdcch_css_al8_seed12345.txt
pdcch_css_al8,PDCCH,12345,-10,200,ber_detected,0,0.0000e+00,configs/pdcch_css_al8_seed12345.cfg,logs/pdcch_css_al8_seed12345.txt
pdcch_css_al8,PDCCH,12345,-5,200,p_detect,1,1.0000,configs/pdcch_css_al8_seed12345.cfg,logs/pdcch_css_al8_seed12345.txt
pdcch_css_al8,PDCCH,12345,-5,200,p_miss,0,0.0000,configs/pdcch_css_al8_seed12345.cfg,logs/pdcch_css_al8_seed12345.txt
pdcch_css_al8,PDCCH,12345,-5,200,p_false_alarm,0,0.0000e+00,configs/pdcch_css_al8_seed12345.cfg,logs/pdcch_css_al8_seed12345.txt
pdcch_css_al8,PDCCH,12345,-5,200,ber_detected,0,0.0000e+00,configs/pdcch_css_al8_seed12345.cfg,logs/pdcch_css_al8_seed12345.txt
pdcch_css_al8,PDCCH,12345,0,200,p_detect,1,1.0000,configs/pdcch_css_al8_seed12345.cfg,logs/pdcch_css_al8_seed12345.txt
pdcch_css_al8,PDCCH,12345,0,200,p_miss,0,0.0000,configs/pdcch_css_al8_seed12345.cfg,logs/pdcch_css_al8_seed12345.txt
pdcch_css_al8,PDCCH,12345,0,200,p_false_alarm,0,0.0000e+00,configs/pdcch_css_al8_seed12345.cfg,logs/pdcch_css_al8_seed12345.txt
pdcch_css_al8,PDCCH,12345,0,200,ber_detected,0,0.0000e+00,configs/pdcch_css_al8_seed12345.cfg,logs/pdcch_css_al8_seed12345.txt
pdcch_css_al8,PDCCH,12345,5,200,p_detect,1,1.0000,configs/pdcch_css_al8_seed12345.cfg,logs/pdcch_css_al8_seed12345.txt
pdcch_css_al8,PDCCH,12345,5,200,p_miss,0,0.0000,configs/pdcch_css_al8_seed12345.cfg,logs/pdcch_css_al8_seed12345.txt
pdcch_css_al8,PDCCH,12345,5,200,p_false_alarm,0,0.0000e+00,configs/pdcch_css_al8_seed12345.cfg,logs/pdcch_css_al8_seed12345.txt
pdcch_css_al8,PDCCH,12345,5,200,ber_detected,0,0.0000e+00,configs/pdcch_css_al8_seed12345.cfg,logs/pdcch_css_al8_seed12345.txt
pdcch_css_al8,PDCCH,12345,10,200,p_detect,1,1.0000,configs/pdcch_css_al8_seed12345.cfg,logs/pdcch_css_al8_seed12345.txt
pdcch_css_al8,PDCCH,12345,10,200,p_miss,0,0.0000,configs/pdcch_css_al8_seed12345.cfg,logs/pdcch_css_al8_seed12345.txt
pdcch_css_al8,PDCCH,12345,10,200,p_false_alarm,0,0.0000e+00,configs/pdcch_css_al8_seed12345.cfg,logs/pdcch_css_al8_seed12345.txt
pdcch_css_al8,PDCCH,12345,10,200,ber_detected,0,0.0000e+00,configs/pdcch_css_al8_seed12345.cfg,logs/pdcch_css_al8_seed12345.txt
pdcch_css_al8,PDCCH,12345,15,200,p_detect,1,1.0000,configs/pdcch_css_al8_seed12345.cfg,logs/pdcch_css_al8_seed12345.txt
pdcch_css_al8,PDCCH,12345,15,200,p_miss,0,0.0000,configs/pdcch_css_al8_seed12345.cfg,logs/pdcch_css_al8_seed12345.txt
pdcch_css_al8,PDCCH,12345,15,200,p_false_alarm,0,0.0000e+00,configs/pdcch_css_al8_seed12345.cfg,logs/pdcch_css_al8_seed12345.txt
pdcch_css_al8,PDCCH,12345,15,200,ber_detected,0,0.0000e+00,configs/pdcch_css_al8_seed12345.cfg,logs/pdcch_css_al8_seed12345.txt
pdcch_css_al8,PDCCH,12345,20,200,p_detect,1,1.0000,configs/pdcch_css_al8_seed12345.cfg,logs/pdcch_css_al8_seed12345.txt
pdcch_css_al8,PDCCH,12345,20,200,p_miss,0,0.0000,configs/pdcch_css_al8_seed12345.cfg,logs/pdcch_css_al8_seed12345.txt
pdcch_css_al8,PDCCH,12345,20,200,p_false_alarm,0,0.0000e+00,configs/pdcch_css_al8_seed12345.cfg,logs/pdcch_css_al8_seed12345.txt
pdcch_css_al8,PDCCH,12345,20,200,ber_detected,0,0.0000e+00,configs/pdcch_css_al8_seed12345.cfg,logs/pdcch_css_al8_seed12345.txt
pdcch_css_al8,PDCCH,67890,-10,200,p_detect,0.17,0.1700,configs/pdcch_css_al8_seed67890.cfg,logs/pdcch_css_al8_seed67890.txt
pdcch_css_al8,PDCCH,67890,-10,200,p_miss,0.83,0.8300,configs/pdcch_css_al8_seed67890.cfg,logs/pdcch_css_al8_seed67890.txt
pdcch_css_al8,PDCCH,67890,-10,200,p_false_alarm,0,0.0000e+00,configs/pdcch_css_al8_seed67890.cfg,logs/pdcch_css_al8_seed67890.txt
pdcch_css_al8,PDCCH,67890,-10,200,ber_detected,0,0.0000e+00,configs/pdcch_css_al8_seed67890.cfg,logs/pdcch_css_al8_seed67890.txt
pdcch_css_al8,PDCCH,67890,-5,200,p_detect,1,1.0000,configs/pdcch_css_al8_seed67890.cfg,logs/pdcch_css_al8_seed67890.txt
pdcch_css_al8,PDCCH,67890,-5,200,p_miss,0,0.0000,configs/pdcch_css_al8_seed67890.cfg,logs/pdcch_css_al8_seed67890.txt
pdcch_css_al8,PDCCH,67890,-5,200,p_false_alarm,0,0.0000e+00,configs/pdcch_css_al8_seed67890.cfg,logs/pdcch_css_al8_seed67890.txt
pdcch_css_al8,PDCCH,67890,-5,200,ber_detected,0,0.0000e+00,configs/pdcch_css_al8_seed67890.cfg,logs/pdcch_css_al8_seed67890.txt
pdcch_css_al8,PDCCH,67890,0,200,p_detect,1,1.0000,configs/pdcch_css_al8_seed67890.cfg,logs/pdcch_css_al8_seed67890.txt
pdcch_css_al8,PDCCH,67890,0,200,p_miss,0,0.0000,configs/pdcch_css_al8_seed67890.cfg,logs/pdcch_css_al8_seed67890.txt
pdcch_css_al8,PDCCH,67890,0,200,p_false_alarm,0,0.0000e+00,configs/pdcch_css_al8_seed67890.cfg,logs/pdcch_css_al8_seed67890.txt
pdcch_css_al8,PDCCH,67890,0,200,ber_detected,0,0.0000e+00,configs/pdcch_css_al8_seed67890.cfg,logs/pdcch_css_al8_seed67890.txt
pdcch_css_al8,PDCCH,67890,5,200,p_detect,1,1.0000,configs/pdcch_css_al8_seed67890.cfg,logs/pdcch_css_al8_seed67890.txt
pdcch_css_al8,PDCCH,67890,5,200,p_miss,0,0.0000,configs/pdcch_css_al8_seed67890.cfg,logs/pdcch_css_al8_seed67890.txt
pdcch_css_al8,PDCCH,67890,5,200,p_false_alarm,0,0.0000e+00,configs/pdcch_css_al8_seed67890.cfg,logs/pdcch_css_al8_seed67890.txt
pdcch_css_al8,PDCCH,67890,5,200,ber_detected,0,0.0000e+00,configs/pdcch_css_al8_seed67890.cfg,logs/pdcch_css_al8_seed67890.txt
pdcch_css_al8,PDCCH,67890,10,200,p_detect,1,1.0000,configs/pdcch_css_al8_seed67890.cfg,logs/pdcch_css_al8_seed67890.txt
pdcch_css_al8,PDCCH,67890,10,200,p_miss,0,0.0000,configs/pdcch_css_al8_seed67890.cfg,logs/pdcch_css_al8_seed67890.txt
pdcch_css_al8,PDCCH,67890,10,200,p_false_alarm,0,0.0000e+00,configs/pdcch_css_al8_seed67890.cfg,logs/pdcch_css_al8_seed67890.txt
pdcch_css_al8,PDCCH,67890,10,200,ber_detected,0,0.0000e+00,configs/pdcch_css_al8_seed67890.cfg,logs/pdcch_css_al8_seed67890.txt
pdcch_css_al8,PDCCH,67890,15,200,p_detect,1,1.0000,configs/pdcch_css_al8_seed67890.cfg,logs/pdcch_css_al8_seed67890.txt
pdcch_css_al8,PDCCH,67890,15,200,p_miss,0,0.0000,configs/pdcch_css_al8_seed67890.cfg,logs/pdcch_css_al8_seed67890.txt
pdcch_css_al8,PDCCH,67890,15,200,p_false_alarm,0,0.0000e+00,configs/pdcch_css_al8_seed67890.cfg,logs/pdcch_css_al8_seed67890.txt
pdcch_css_al8,PDCCH,67890,15,200,ber_detected,0,0.0000e+00,configs/pdcch_css_al8_seed67890.cfg,logs/pdcch_css_al8_seed67890.txt
pdcch_css_al8,PDCCH,67890,20,200,p_detect,1,1.0000,configs/pdcch_css_al8_seed67890.cfg,logs/pdcch_css_al8_seed67890.txt
pdcch_css_al8,PDCCH,67890,20,200,p_miss,0,0.0000,configs/pdcch_css_al8_seed67890.cfg,logs/pdcch_css_al8_seed67890.txt
pdcch_css_al8,PDCCH,67890,20,200,p_false_alarm,0,0.0000e+00,configs/pdcch_css_al8_seed67890.cfg,logs/pdcch_css_al8_seed67890.txt
pdcch_css_al8,PDCCH,67890,20,200,ber_detected,0,0.0000e+00,configs/pdcch_css_al8_seed67890.cfg,logs/pdcch_css_al8_seed67890.txt
pdcch_css_al16,PDCCH,12345,-10,200,p_detect,0.94,0.9400,configs/pdcch_css_al16_seed12345.cfg,logs/pdcch_css_al16_seed12345.txt
pdcch_css_al16,PDCCH,12345,-10,200,p_miss,0.06,0.0600,configs/pdcch_css_al16_seed12345.cfg,logs/pdcch_css_al16_seed12345.txt
pdcch_css_al16,PDCCH,12345,-10,200,p_false_alarm,0,0.0000e+00,configs/pdcch_css_al16_seed12345.cfg,logs/pdcch_css_al16_seed12345.txt
pdcch_css_al16,PDCCH,12345,-10,200,ber_detected,0,0.0000e+00,configs/pdcch_css_al16_seed12345.cfg,logs/pdcch_css_al16_seed12345.txt
pdcch_css_al16,PDCCH,12345,-5,200,p_detect,1,1.0000,configs/pdcch_css_al16_seed12345.cfg,logs/pdcch_css_al16_seed12345.txt
pdcch_css_al16,PDCCH,12345,-5,200,p_miss,0,0.0000,configs/pdcch_css_al16_seed12345.cfg,logs/pdcch_css_al16_seed12345.txt
pdcch_css_al16,PDCCH,12345,-5,200,p_false_alarm,0,0.0000e+00,configs/pdcch_css_al16_seed12345.cfg,logs/pdcch_css_al16_seed12345.txt
pdcch_css_al16,PDCCH,12345,-5,200,ber_detected,0,0.0000e+00,configs/pdcch_css_al16_seed12345.cfg,logs/pdcch_css_al16_seed12345.txt
pdcch_css_al16,PDCCH,12345,0,200,p_detect,1,1.0000,configs/pdcch_css_al16_seed12345.cfg,logs/pdcch_css_al16_seed12345.txt
pdcch_css_al16,PDCCH,12345,0,200,p_miss,0,0.0000,configs/pdcch_css_al16_seed12345.cfg,logs/pdcch_css_al16_seed12345.txt
pdcch_css_al16,PDCCH,12345,0,200,p_false_alarm,0,0.0000e+00,configs/pdcch_css_al16_seed12345.cfg,logs/pdcch_css_al16_seed12345.txt
pdcch_css_al16,PDCCH,12345,0,200,ber_detected,0,0.0000e+00,configs/pdcch_css_al16_seed12345.cfg,logs/pdcch_css_al16_seed12345.txt
pdcch_css_al16,PDCCH,12345,5,200,p_detect,1,1.0000,configs/pdcch_css_al16_seed12345.cfg,logs/pdcch_css_al16_seed12345.txt
pdcch_css_al16,PDCCH,12345,5,200,p_miss,0,0.0000,configs/pdcch_css_al16_seed12345.cfg,logs/pdcch_css_al16_seed12345.txt
pdcch_css_al16,PDCCH,12345,5,200,p_false_alarm,0,0.0000e+00,configs/pdcch_css_al16_seed12345.cfg,logs/pdcch_css_al16_seed12345.txt
pdcch_css_al16,PDCCH,12345,5,200,ber_detected,0,0.0000e+00,configs/pdcch_css_al16_seed12345.cfg,logs/pdcch_css_al16_seed12345.txt
pdcch_css_al16,PDCCH,12345,10,200,p_detect,1,1.0000,configs/pdcch_css_al16_seed12345.cfg,logs/pdcch_css_al16_seed12345.txt
pdcch_css_al16,PDCCH,12345,10,200,p_miss,0,0.0000,configs/pdcch_css_al16_seed12345.cfg,logs/pdcch_css_al16_seed12345.txt
pdcch_css_al16,PDCCH,12345,10,200,p_false_alarm,0,0.0000e+00,configs/pdcch_css_al16_seed12345.cfg,logs/pdcch_css_al16_seed12345.txt
pdcch_css_al16,PDCCH,12345,10,200,ber_detected,0,0.0000e+00,configs/pdcch_css_al16_seed12345.cfg,logs/pdcch_css_al16_seed12345.txt
pdcch_css_al16,PDCCH,12345,15,200,p_detect,1,1.0000,configs/pdcch_css_al16_seed12345.cfg,logs/pdcch_css_al16_seed12345.txt
pdcch_css_al16,PDCCH,12345,15,200,p_miss,0,0.0000,configs/pdcch_css_al16_seed12345.cfg,logs/pdcch_css_al16_seed12345.txt
pdcch_css_al16,PDCCH,12345,15,200,p_false_alarm,0,0.0000e+00,configs/pdcch_css_al16_seed12345.cfg,logs/pdcch_css_al16_seed12345.txt
pdcch_css_al16,PDCCH,12345,15,200,ber_detected,0,0.0000e+00,configs/pdcch_css_al16_seed12345.cfg,logs/pdcch_css_al16_seed12345.txt
pdcch_css_al16,PDCCH,12345,20,200,p_detect,1,1.0000,configs/pdcch_css_al16_seed12345.cfg,logs/pdcch_css_al16_seed12345.txt
pdcch_css_al16,PDCCH,12345,20,200,p_miss,0,0.0000,configs/pdcch_css_al16_seed12345.cfg,logs/pdcch_css_al16_seed12345.txt
pdcch_css_al16,PDCCH,12345,20,200,p_false_alarm,0,0.0000e+00,configs/pdcch_css_al16_seed12345.cfg,logs/pdcch_css_al16_seed12345.txt
pdcch_css_al16,PDCCH,12345,20,200,ber_detected,0,0.0000e+00,configs/pdcch_css_al16_seed12345.cfg,logs/pdcch_css_al16_seed12345.txt
pdcch_css_al16,PDCCH,67890,-10,200,p_detect,0.97,0.9700,configs/pdcch_css_al16_seed67890.cfg,logs/pdcch_css_al16_seed67890.txt
pdcch_css_al16,PDCCH,67890,-10,200,p_miss,0.03,0.0300,configs/pdcch_css_al16_seed67890.cfg,logs/pdcch_css_al16_seed67890.txt
pdcch_css_al16,PDCCH,67890,-10,200,p_false_alarm,0,0.0000e+00,configs/pdcch_css_al16_seed67890.cfg,logs/pdcch_css_al16_seed67890.txt
pdcch_css_al16,PDCCH,67890,-10,200,ber_detected,0,0.0000e+00,configs/pdcch_css_al16_seed67890.cfg,logs/pdcch_css_al16_seed67890.txt
pdcch_css_al16,PDCCH,67890,-5,200,p_detect,1,1.0000,configs/pdcch_css_al16_seed67890.cfg,logs/pdcch_css_al16_seed67890.txt
pdcch_css_al16,PDCCH,67890,-5,200,p_miss,0,0.0000,configs/pdcch_css_al16_seed67890.cfg,logs/pdcch_css_al16_seed67890.txt
pdcch_css_al16,PDCCH,67890,-5,200,p_false_alarm,0,0.0000e+00,configs/pdcch_css_al16_seed67890.cfg,logs/pdcch_css_al16_seed67890.txt
pdcch_css_al16,PDCCH,67890,-5,200,ber_detected,0,0.0000e+00,configs/pdcch_css_al16_seed67890.cfg,logs/pdcch_css_al16_seed67890.txt
pdcch_css_al16,PDCCH,67890,0,200,p_detect,1,1.0000,configs/pdcch_css_al16_seed67890.cfg,logs/pdcch_css_al16_seed67890.txt
pdcch_css_al16,PDCCH,67890,0,200,p_miss,0,0.0000,configs/pdcch_css_al16_seed67890.cfg,logs/pdcch_css_al16_seed67890.txt
pdcch_css_al16,PDCCH,67890,0,200,p_false_alarm,0,0.0000e+00,configs/pdcch_css_al16_seed67890.cfg,logs/pdcch_css_al16_seed67890.txt
pdcch_css_al16,PDCCH,67890,0,200,ber_detected,0,0.0000e+00,configs/pdcch_css_al16_seed67890.cfg,logs/pdcch_css_al16_seed67890.txt
pdcch_css_al16,PDCCH,67890,5,200,p_detect,1,1.0000,configs/pdcch_css_al16_seed67890.cfg,logs/pdcch_css_al16_seed67890.txt
pdcch_css_al16,PDCCH,67890,5,200,p_miss,0,0.0000,configs/pdcch_css_al16_seed67890.cfg,logs/pdcch_css_al16_seed67890.txt
pdcch_css_al16,PDCCH,67890,5,200,p_false_alarm,0,0.0000e+00,configs/pdcch_css_al16_seed67890.cfg,logs/pdcch_css_al16_seed67890.txt
pdcch_css_al16,PDCCH,67890,5,200,ber_detected,0,0.0000e+00,configs/pdcch_css_al16_seed67890.cfg,logs/pdcch_css_al16_seed67890.txt
pdcch_css_al16,PDCCH,67890,10,200,p_detect,1,1.0000,configs/pdcch_css_al16_seed67890.cfg,logs/pdcch_css_al16_seed67890.txt
pdcch_css_al16,PDCCH,67890,10,200,p_miss,0,0.0000,configs/pdcch_css_al16_seed67890.cfg,logs/pdcch_css_al16_seed67890.txt
pdcch_css_al16,PDCCH,67890,10,200,p_false_alarm,0,0.0000e+00,configs/pdcch_css_al16_seed67890.cfg,logs/pdcch_css_al16_seed67890.txt
pdcch_css_al16,PDCCH,67890,10,200,ber_detected,0,0.0000e+00,configs/pdcch_css_al16_seed67890.cfg,logs/pdcch_css_al16_seed67890.txt
pdcch_css_al16,PDCCH,67890,15,200,p_detect,1,1.0000,configs/pdcch_css_al16_seed67890.cfg,logs/pdcch_css_al16_seed67890.txt
pdcch_css_al16,PDCCH,67890,15,200,p_miss,0,0.0000,configs/pdcch_css_al16_seed67890.cfg,logs/pdcch_css_al16_seed67890.txt
pdcch_css_al16,PDCCH,67890,15,200,p_false_alarm,0,0.0000e+00,configs/pdcch_css_al16_seed67890.cfg,logs/pdcch_css_al16_seed67890.txt
pdcch_css_al16,PDCCH,67890,15,200,ber_detected,0,0.0000e+00,configs/pdcch_css_al16_seed67890.cfg,logs/pdcch_css_al16_seed67890.txt
pdcch_css_al16,PDCCH,67890,20,200,p_detect,1,1.0000,configs/pdcch_css_al16_seed67890.cfg,logs/pdcch_css_al16_seed67890.txt
pdcch_css_al16,PDCCH,67890,20,200,p_miss,0,0.0000,configs/pdcch_css_al16_seed67890.cfg,logs/pdcch_css_al16_seed67890.txt
pdcch_css_al16,PDCCH,67890,20,200,p_false_alarm,0,0.0000e+00,configs/pdcch_css_al16_seed67890.cfg,logs/pdcch_css_al16_seed67890.txt
pdcch_css_al16,PDCCH,67890,20,200,ber_detected,0,0.0000e+00,configs/pdcch_css_al16_seed67890.cfg,logs/pdcch_css_al16_seed67890.txt
pdcch_uss_al1,PDCCH,12345,-10,200,p_detect,0,0.0000,configs/pdcch_uss_al1_seed12345.cfg,logs/pdcch_uss_al1_seed12345.txt
pdcch_uss_al1,PDCCH,12345,-10,200,p_miss,1,1.0000,configs/pdcch_uss_al1_seed12345.cfg,logs/pdcch_uss_al1_seed12345.txt
pdcch_uss_al1,PDCCH,12345,-10,200,p_false_alarm,0,0.0000e+00,configs/pdcch_uss_al1_seed12345.cfg,logs/pdcch_uss_al1_seed12345.txt
pdcch_uss_al1,PDCCH,12345,-10,200,ber_detected,0,0.0000e+00,configs/pdcch_uss_al1_seed12345.cfg,logs/pdcch_uss_al1_seed12345.txt
pdcch_uss_al1,PDCCH,12345,-5,200,p_detect,0,0.0000,configs/pdcch_uss_al1_seed12345.cfg,logs/pdcch_uss_al1_seed12345.txt
pdcch_uss_al1,PDCCH,12345,-5,200,p_miss,1,1.0000,configs/pdcch_uss_al1_seed12345.cfg,logs/pdcch_uss_al1_seed12345.txt
pdcch_uss_al1,PDCCH,12345,-5,200,p_false_alarm,0,0.0000e+00,configs/pdcch_uss_al1_seed12345.cfg,logs/pdcch_uss_al1_seed12345.txt
pdcch_uss_al1,PDCCH,12345,-5,200,ber_detected,0,0.0000e+00,configs/pdcch_uss_al1_seed12345.cfg,logs/pdcch_uss_al1_seed12345.txt
pdcch_uss_al1,PDCCH,12345,0,200,p_detect,0.17,0.1700,configs/pdcch_uss_al1_seed12345.cfg,logs/pdcch_uss_al1_seed12345.txt
pdcch_uss_al1,PDCCH,12345,0,200,p_miss,0.83,0.8300,configs/pdcch_uss_al1_seed12345.cfg,logs/pdcch_uss_al1_seed12345.txt
pdcch_uss_al1,PDCCH,12345,0,200,p_false_alarm,0,0.0000e+00,configs/pdcch_uss_al1_seed12345.cfg,logs/pdcch_uss_al1_seed12345.txt
pdcch_uss_al1,PDCCH,12345,0,200,ber_detected,0,0.0000e+00,configs/pdcch_uss_al1_seed12345.cfg,logs/pdcch_uss_al1_seed12345.txt
pdcch_uss_al1,PDCCH,12345,5,200,p_detect,1,1.0000,configs/pdcch_uss_al1_seed12345.cfg,logs/pdcch_uss_al1_seed12345.txt
pdcch_uss_al1,PDCCH,12345,5,200,p_miss,0,0.0000,configs/pdcch_uss_al1_seed12345.cfg,logs/pdcch_uss_al1_seed12345.txt
pdcch_uss_al1,PDCCH,12345,5,200,p_false_alarm,0,0.0000e+00,configs/pdcch_uss_al1_seed12345.cfg,logs/pdcch_uss_al1_seed12345.txt
pdcch_uss_al1,PDCCH,12345,5,200,ber_detected,0,0.0000e+00,configs/pdcch_uss_al1_seed12345.cfg,logs/pdcch_uss_al1_seed12345.txt
pdcch_uss_al1,PDCCH,12345,10,200,p_detect,1,1.0000,configs/pdcch_uss_al1_seed12345.cfg,logs/pdcch_uss_al1_seed12345.txt
pdcch_uss_al1,PDCCH,12345,10,200,p_miss,0,0.0000,configs/pdcch_uss_al1_seed12345.cfg,logs/pdcch_uss_al1_seed12345.txt
pdcch_uss_al1,PDCCH,12345,10,200,p_false_alarm,0,0.0000e+00,configs/pdcch_uss_al1_seed12345.cfg,logs/pdcch_uss_al1_seed12345.txt
pdcch_uss_al1,PDCCH,12345,10,200,ber_detected,0,0.0000e+00,configs/pdcch_uss_al1_seed12345.cfg,logs/pdcch_uss_al1_seed12345.txt
pdcch_uss_al1,PDCCH,12345,15,200,p_detect,1,1.0000,configs/pdcch_uss_al1_seed12345.cfg,logs/pdcch_uss_al1_seed12345.txt
pdcch_uss_al1,PDCCH,12345,15,200,p_miss,0,0.0000,configs/pdcch_uss_al1_seed12345.cfg,logs/pdcch_uss_al1_seed12345.txt
pdcch_uss_al1,PDCCH,12345,15,200,p_false_alarm,0,0.0000e+00,configs/pdcch_uss_al1_seed12345.cfg,logs/pdcch_uss_al1_seed12345.txt
pdcch_uss_al1,PDCCH,12345,15,200,ber_detected,0,0.0000e+00,configs/pdcch_uss_al1_seed12345.cfg,logs/pdcch_uss_al1_seed12345.txt
pdcch_uss_al1,PDCCH,12345,20,200,p_detect,1,1.0000,configs/pdcch_uss_al1_seed12345.cfg,logs/pdcch_uss_al1_seed12345.txt
pdcch_uss_al1,PDCCH,12345,20,200,p_miss,0,0.0000,configs/pdcch_uss_al1_seed12345.cfg,logs/pdcch_uss_al1_seed12345.txt
pdcch_uss_al1,PDCCH,12345,20,200,p_false_alarm,0,0.0000e+00,configs/pdcch_uss_al1_seed12345.cfg,logs/pdcch_uss_al1_seed12345.txt
pdcch_uss_al1,PDCCH,12345,20,200,ber_detected,0,0.0000e+00,configs/pdcch_uss_al1_seed12345.cfg,logs/pdcch_uss_al1_seed12345.txt
pdcch_uss_al1,PDCCH,67890,-10,200,p_detect,0,0.0000,configs/pdcch_uss_al1_seed67890.cfg,logs/pdcch_uss_al1_seed67890.txt
pdcch_uss_al1,PDCCH,67890,-10,200,p_miss,1,1.0000,configs/pdcch_uss_al1_seed67890.cfg,logs/pdcch_uss_al1_seed67890.txt
pdcch_uss_al1,PDCCH,67890,-10,200,p_false_alarm,0,0.0000e+00,configs/pdcch_uss_al1_seed67890.cfg,logs/pdcch_uss_al1_seed67890.txt
pdcch_uss_al1,PDCCH,67890,-10,200,ber_detected,0,0.0000e+00,configs/pdcch_uss_al1_seed67890.cfg,logs/pdcch_uss_al1_seed67890.txt
pdcch_uss_al1,PDCCH,67890,-5,200,p_detect,0,0.0000,configs/pdcch_uss_al1_seed67890.cfg,logs/pdcch_uss_al1_seed67890.txt
pdcch_uss_al1,PDCCH,67890,-5,200,p_miss,1,1.0000,configs/pdcch_uss_al1_seed67890.cfg,logs/pdcch_uss_al1_seed67890.txt
pdcch_uss_al1,PDCCH,67890,-5,200,p_false_alarm,0,0.0000e+00,configs/pdcch_uss_al1_seed67890.cfg,logs/pdcch_uss_al1_seed67890.txt
pdcch_uss_al1,PDCCH,67890,-5,200,ber_detected,0,0.0000e+00,configs/pdcch_uss_al1_seed67890.cfg,logs/pdcch_uss_al1_seed67890.txt
pdcch_uss_al1,PDCCH,67890,0,200,p_detect,0.16,0.1600,configs/pdcch_uss_al1_seed67890.cfg,logs/pdcch_uss_al1_seed67890.txt
pdcch_uss_al1,PDCCH,67890,0,200,p_miss,0.84,0.8400,configs/pdcch_uss_al1_seed67890.cfg,logs/pdcch_uss_al1_seed67890.txt
pdcch_uss_al1,PDCCH,67890,0,200,p_false_alarm,0,0.0000e+00,configs/pdcch_uss_al1_seed67890.cfg,logs/pdcch_uss_al1_seed67890.txt
pdcch_uss_al1,PDCCH,67890,0,200,ber_detected,0,0.0000e+00,configs/pdcch_uss_al1_seed67890.cfg,logs/pdcch_uss_al1_seed67890.txt
pdcch_uss_al1,PDCCH,67890,5,200,p_detect,1,1.0000,configs/pdcch_uss_al1_seed67890.cfg,logs/pdcch_uss_al1_seed67890.txt
pdcch_uss_al1,PDCCH,67890,5,200,p_miss,0,0.0000,configs/pdcch_uss_al1_seed67890.cfg,logs/pdcch_uss_al1_seed67890.txt
pdcch_uss_al1,PDCCH,67890,5,200,p_false_alarm,0,0.0000e+00,configs/pdcch_uss_al1_seed67890.cfg,logs/pdcch_uss_al1_seed67890.txt
pdcch_uss_al1,PDCCH,67890,5,200,ber_detected,0,0.0000e+00,configs/pdcch_uss_al1_seed67890.cfg,logs/pdcch_uss_al1_seed67890.txt
pdcch_uss_al1,PDCCH,67890,10,200,p_detect,1,1.0000,configs/pdcch_uss_al1_seed67890.cfg,logs/pdcch_uss_al1_seed67890.txt
pdcch_uss_al1,PDCCH,67890,10,200,p_miss,0,0.0000,configs/pdcch_uss_al1_seed67890.cfg,logs/pdcch_uss_al1_seed67890.txt
pdcch_uss_al1,PDCCH,67890,10,200,p_false_alarm,0,0.0000e+00,configs/pdcch_uss_al1_seed67890.cfg,logs/pdcch_uss_al1_seed67890.txt
pdcch_uss_al1,PDCCH,67890,10,200,ber_detected,0,0.0000e+00,configs/pdcch_uss_al1_seed67890.cfg,logs/pdcch_uss_al1_seed67890.txt
pdcch_uss_al1,PDCCH,67890,15,200,p_detect,1,1.0000,configs/pdcch_uss_al1_seed67890.cfg,logs/pdcch_uss_al1_seed67890.txt
pdcch_uss_al1,PDCCH,67890,15,200,p_miss,0,0.0000,configs/pdcch_uss_al1_seed67890.cfg,logs/pdcch_uss_al1_seed67890.txt
pdcch_uss_al1,PDCCH,67890,15,200,p_false_alarm,0,0.0000e+00,configs/pdcch_uss_al1_seed67890.cfg,logs/pdcch_uss_al1_seed67890.txt
pdcch_uss_al1,PDCCH,67890,15,200,ber_detected,0,0.0000e+00,configs/pdcch_uss_al1_seed67890.cfg,logs/pdcch_uss_al1_seed67890.txt
pdcch_uss_al1,PDCCH,67890,20,200,p_detect,1,1.0000,configs/pdcch_uss_al1_seed67890.cfg,logs/pdcch_uss_al1_seed67890.txt
pdcch_uss_al1,PDCCH,67890,20,200,p_miss,0,0.0000,configs/pdcch_uss_al1_seed67890.cfg,logs/pdcch_uss_al1_seed67890.txt
pdcch_uss_al1,PDCCH,67890,20,200,p_false_alarm,0,0.0000e+00,configs/pdcch_uss_al1_seed67890.cfg,logs/pdcch_uss_al1_seed67890.txt
pdcch_uss_al1,PDCCH,67890,20,200,ber_detected,0,0.0000e+00,configs/pdcch_uss_al1_seed67890.cfg,logs/pdcch_uss_al1_seed67890.txt
pdcch_uss_al2,PDCCH,12345,-10,200,p_detect,0,0.0000,configs/pdcch_uss_al2_seed12345.cfg,logs/pdcch_uss_al2_seed12345.txt
pdcch_uss_al2,PDCCH,12345,-10,200,p_miss,1,1.0000,configs/pdcch_uss_al2_seed12345.cfg,logs/pdcch_uss_al2_seed12345.txt
pdcch_uss_al2,PDCCH,12345,-10,200,p_false_alarm,0,0.0000e+00,configs/pdcch_uss_al2_seed12345.cfg,logs/pdcch_uss_al2_seed12345.txt
pdcch_uss_al2,PDCCH,12345,-10,200,ber_detected,0,0.0000e+00,configs/pdcch_uss_al2_seed12345.cfg,logs/pdcch_uss_al2_seed12345.txt
pdcch_uss_al2,PDCCH,12345,-5,200,p_detect,0.05,0.0500,configs/pdcch_uss_al2_seed12345.cfg,logs/pdcch_uss_al2_seed12345.txt
pdcch_uss_al2,PDCCH,12345,-5,200,p_miss,0.95,0.9500,configs/pdcch_uss_al2_seed12345.cfg,logs/pdcch_uss_al2_seed12345.txt
pdcch_uss_al2,PDCCH,12345,-5,200,p_false_alarm,0,0.0000e+00,configs/pdcch_uss_al2_seed12345.cfg,logs/pdcch_uss_al2_seed12345.txt
pdcch_uss_al2,PDCCH,12345,-5,200,ber_detected,0,0.0000e+00,configs/pdcch_uss_al2_seed12345.cfg,logs/pdcch_uss_al2_seed12345.txt
pdcch_uss_al2,PDCCH,12345,0,200,p_detect,0.95,0.9500,configs/pdcch_uss_al2_seed12345.cfg,logs/pdcch_uss_al2_seed12345.txt
pdcch_uss_al2,PDCCH,12345,0,200,p_miss,0.05,0.0500,configs/pdcch_uss_al2_seed12345.cfg,logs/pdcch_uss_al2_seed12345.txt
pdcch_uss_al2,PDCCH,12345,0,200,p_false_alarm,0,0.0000e+00,configs/pdcch_uss_al2_seed12345.cfg,logs/pdcch_uss_al2_seed12345.txt
pdcch_uss_al2,PDCCH,12345,0,200,ber_detected,0,0.0000e+00,configs/pdcch_uss_al2_seed12345.cfg,logs/pdcch_uss_al2_seed12345.txt
pdcch_uss_al2,PDCCH,12345,5,200,p_detect,1,1.0000,configs/pdcch_uss_al2_seed12345.cfg,logs/pdcch_uss_al2_seed12345.txt
pdcch_uss_al2,PDCCH,12345,5,200,p_miss,0,0.0000,configs/pdcch_uss_al2_seed12345.cfg,logs/pdcch_uss_al2_seed12345.txt
pdcch_uss_al2,PDCCH,12345,5,200,p_false_alarm,0,0.0000e+00,configs/pdcch_uss_al2_seed12345.cfg,logs/pdcch_uss_al2_seed12345.txt
pdcch_uss_al2,PDCCH,12345,5,200,ber_detected,0,0.0000e+00,configs/pdcch_uss_al2_seed12345.cfg,logs/pdcch_uss_al2_seed12345.txt
pdcch_uss_al2,PDCCH,12345,10,200,p_detect,1,1.0000,configs/pdcch_uss_al2_seed12345.cfg,logs/pdcch_uss_al2_seed12345.txt
pdcch_uss_al2,PDCCH,12345,10,200,p_miss,0,0.0000,configs/pdcch_uss_al2_seed12345.cfg,logs/pdcch_uss_al2_seed12345.txt
pdcch_uss_al2,PDCCH,12345,10,200,p_false_alarm,0,0.0000e+00,configs/pdcch_uss_al2_seed12345.cfg,logs/pdcch_uss_al2_seed12345.txt
pdcch_uss_al2,PDCCH,12345,10,200,ber_detected,0,0.0000e+00,configs/pdcch_uss_al2_seed12345.cfg,logs/pdcch_uss_al2_seed12345.txt
pdcch_uss_al2,PDCCH,12345,15,200,p_detect,1,1.0000,configs/pdcch_uss_al2_seed12345.cfg,logs/pdcch_uss_al2_seed12345.txt
pdcch_uss_al2,PDCCH,12345,15,200,p_miss,0,0.0000,configs/pdcch_uss_al2_seed12345.cfg,logs/pdcch_uss_al2_seed12345.txt
pdcch_uss_al2,PDCCH,12345,15,200,p_false_alarm,0,0.0000e+00,configs/pdcch_uss_al2_seed12345.cfg,logs/pdcch_uss_al2_seed12345.txt
pdcch_uss_al2,PDCCH,12345,15,200,ber_detected,0,0.0000e+00,configs/pdcch_uss_al2_seed12345.cfg,logs/pdcch_uss_al2_seed12345.txt
pdcch_uss_al2,PDCCH,12345,20,200,p_detect,1,1.0000,configs/pdcch_uss_al2_seed12345.cfg,logs/pdcch_uss_al2_seed12345.txt
pdcch_uss_al2,PDCCH,12345,20,200,p_miss,0,0.0000,configs/pdcch_uss_al2_seed12345.cfg,logs/pdcch_uss_al2_seed12345.txt
pdcch_uss_al2,PDCCH,12345,20,200,p_false_alarm,0,0.0000e+00,configs/pdcch_uss_al2_seed12345.cfg,logs/pdcch_uss_al2_seed12345.txt
pdcch_uss_al2,PDCCH,12345,20,200,ber_detected,0,0.0000e+00,configs/pdcch_uss_al2_seed12345.cfg,logs/pdcch_uss_al2_seed12345.txt
pdcch_uss_al2,PDCCH,67890,-10,200,p_detect,0,0.0000,configs/pdcch_uss_al2_seed67890.cfg,logs/pdcch_uss_al2_seed67890.txt
pdcch_uss_al2,PDCCH,67890,-10,200,p_miss,1,1.0000,configs/pdcch_uss_al2_seed67890.cfg,logs/pdcch_uss_al2_seed67890.txt
pdcch_uss_al2,PDCCH,67890,-10,200,p_false_alarm,0,0.0000e+00,configs/pdcch_uss_al2_seed67890.cfg,logs/pdcch_uss_al2_seed67890.txt
pdcch_uss_al2,PDCCH,67890,-10,200,ber_detected,0,0.0000e+00,configs/pdcch_uss_al2_seed67890.cfg,logs/pdcch_uss_al2_seed67890.txt
pdcch_uss_al2,PDCCH,67890,-5,200,p_detect,0.02,0.0200,configs/pdcch_uss_al2_seed67890.cfg,logs/pdcch_uss_al2_seed67890.txt
pdcch_uss_al2,PDCCH,67890,-5,200,p_miss,0.98,0.9800,configs/pdcch_uss_al2_seed67890.cfg,logs/pdcch_uss_al2_seed67890.txt
pdcch_uss_al2,PDCCH,67890,-5,200,p_false_alarm,0,0.0000e+00,configs/pdcch_uss_al2_seed67890.cfg,logs/pdcch_uss_al2_seed67890.txt
pdcch_uss_al2,PDCCH,67890,-5,200,ber_detected,0,0.0000e+00,configs/pdcch_uss_al2_seed67890.cfg,logs/pdcch_uss_al2_seed67890.txt
pdcch_uss_al2,PDCCH,67890,0,200,p_detect,0.96,0.9600,configs/pdcch_uss_al2_seed67890.cfg,logs/pdcch_uss_al2_seed67890.txt
pdcch_uss_al2,PDCCH,67890,0,200,p_miss,0.04,0.0400,configs/pdcch_uss_al2_seed67890.cfg,logs/pdcch_uss_al2_seed67890.txt
pdcch_uss_al2,PDCCH,67890,0,200,p_false_alarm,0,0.0000e+00,configs/pdcch_uss_al2_seed67890.cfg,logs/pdcch_uss_al2_seed67890.txt
pdcch_uss_al2,PDCCH,67890,0,200,ber_detected,0,0.0000e+00,configs/pdcch_uss_al2_seed67890.cfg,logs/pdcch_uss_al2_seed67890.txt
pdcch_uss_al2,PDCCH,67890,5,200,p_detect,1,1.0000,configs/pdcch_uss_al2_seed67890.cfg,logs/pdcch_uss_al2_seed67890.txt
pdcch_uss_al2,PDCCH,67890,5,200,p_miss,0,0.0000,configs/pdcch_uss_al2_seed67890.cfg,logs/pdcch_uss_al2_seed67890.txt
pdcch_uss_al2,PDCCH,67890,5,200,p_false_alarm,0,0.0000e+00,configs/pdcch_uss_al2_seed67890.cfg,logs/pdcch_uss_al2_seed67890.txt
pdcch_uss_al2,PDCCH,67890,5,200,ber_detected,0,0.0000e+00,configs/pdcch_uss_al2_seed67890.cfg,logs/pdcch_uss_al2_seed67890.txt
pdcch_uss_al2,PDCCH,67890,10,200,p_detect,1,1.0000,configs/pdcch_uss_al2_seed67890.cfg,logs/pdcch_uss_al2_seed67890.txt
pdcch_uss_al2,PDCCH,67890,10,200,p_miss,0,0.0000,configs/pdcch_uss_al2_seed67890.cfg,logs/pdcch_uss_al2_seed67890.txt
pdcch_uss_al2,PDCCH,67890,10,200,p_false_alarm,0,0.0000e+00,configs/pdcch_uss_al2_seed67890.cfg,logs/pdcch_uss_al2_seed67890.txt
pdcch_uss_al2,PDCCH,67890,10,200,ber_detected,0,0.0000e+00,configs/pdcch_uss_al2_seed67890.cfg,logs/pdcch_uss_al2_seed67890.txt
pdcch_uss_al2,PDCCH,67890,15,200,p_detect,1,1.0000,configs/pdcch_uss_al2_seed67890.cfg,logs/pdcch_uss_al2_seed67890.txt
pdcch_uss_al2,PDCCH,67890,15,200,p_miss,0,0.0000,configs/pdcch_uss_al2_seed67890.cfg,logs/pdcch_uss_al2_seed67890.txt
pdcch_uss_al2,PDCCH,67890,15,200,p_false_alarm,0,0.0000e+00,configs/pdcch_uss_al2_seed67890.cfg,logs/pdcch_uss_al2_seed67890.txt
pdcch_uss_al2,PDCCH,67890,15,200,ber_detected,0,0.0000e+00,configs/pdcch_uss_al2_seed67890.cfg,logs/pdcch_uss_al2_seed67890.txt
pdcch_uss_al2,PDCCH,67890,20,200,p_detect,1,1.0000,configs/pdcch_uss_al2_seed67890.cfg,logs/pdcch_uss_al2_seed67890.txt
pdcch_uss_al2,PDCCH,67890,20,200,p_miss,0,0.0000,configs/pdcch_uss_al2_seed67890.cfg,logs/pdcch_uss_al2_seed67890.txt
pdcch_uss_al2,PDCCH,67890,20,200,p_false_alarm,0,0.0000e+00,configs/pdcch_uss_al2_seed67890.cfg,logs/pdcch_uss_al2_seed67890.txt
pdcch_uss_al2,PDCCH,67890,20,200,ber_detected,0,0.0000e+00,configs/pdcch_uss_al2_seed67890.cfg,logs/pdcch_uss_al2_seed67890.txt
pdcch_uss_al4,PDCCH,12345,-10,200,p_detect,0,0.0000,configs/pdcch_uss_al4_seed12345.cfg,logs/pdcch_uss_al4_seed12345.txt
pdcch_uss_al4,PDCCH,12345,-10,200,p_miss,1,1.0000,configs/pdcch_uss_al4_seed12345.cfg,logs/pdcch_uss_al4_seed12345.txt
pdcch_uss_al4,PDCCH,12345,-10,200,p_false_alarm,0,0.0000e+00,configs/pdcch_uss_al4_seed12345.cfg,logs/pdcch_uss_al4_seed12345.txt
pdcch_uss_al4,PDCCH,12345,-10,200,ber_detected,0,0.0000e+00,configs/pdcch_uss_al4_seed12345.cfg,logs/pdcch_uss_al4_seed12345.txt
pdcch_uss_al4,PDCCH,12345,-5,200,p_detect,0.75,0.7500,configs/pdcch_uss_al4_seed12345.cfg,logs/pdcch_uss_al4_seed12345.txt
pdcch_uss_al4,PDCCH,12345,-5,200,p_miss,0.25,0.2500,configs/pdcch_uss_al4_seed12345.cfg,logs/pdcch_uss_al4_seed12345.txt
pdcch_uss_al4,PDCCH,12345,-5,200,p_false_alarm,0,0.0000e+00,configs/pdcch_uss_al4_seed12345.cfg,logs/pdcch_uss_al4_seed12345.txt
pdcch_uss_al4,PDCCH,12345,-5,200,ber_detected,0,0.0000e+00,configs/pdcch_uss_al4_seed12345.cfg,logs/pdcch_uss_al4_seed12345.txt
pdcch_uss_al4,PDCCH,12345,0,200,p_detect,1,1.0000,configs/pdcch_uss_al4_seed12345.cfg,logs/pdcch_uss_al4_seed12345.txt
pdcch_uss_al4,PDCCH,12345,0,200,p_miss,0,0.0000,configs/pdcch_uss_al4_seed12345.cfg,logs/pdcch_uss_al4_seed12345.txt
pdcch_uss_al4,PDCCH,12345,0,200,p_false_alarm,0,0.0000e+00,configs/pdcch_uss_al4_seed12345.cfg,logs/pdcch_uss_al4_seed12345.txt
pdcch_uss_al4,PDCCH,12345,0,200,ber_detected,0,0.0000e+00,configs/pdcch_uss_al4_seed12345.cfg,logs/pdcch_uss_al4_seed12345.txt
pdcch_uss_al4,PDCCH,12345,5,200,p_detect,1,1.0000,configs/pdcch_uss_al4_seed12345.cfg,logs/pdcch_uss_al4_seed12345.txt
pdcch_uss_al4,PDCCH,12345,5,200,p_miss,0,0.0000,configs/pdcch_uss_al4_seed12345.cfg,logs/pdcch_uss_al4_seed12345.txt
pdcch_uss_al4,PDCCH,12345,5,200,p_false_alarm,0,0.0000e+00,configs/pdcch_uss_al4_seed12345.cfg,logs/pdcch_uss_al4_seed12345.txt
pdcch_uss_al4,PDCCH,12345,5,200,ber_detected,0,0.0000e+00,configs/pdcch_uss_al4_seed12345.cfg,logs/pdcch_uss_al4_seed12345.txt
pdcch_uss_al4,PDCCH,12345,10,200,p_detect,1,1.0000,configs/pdcch_uss_al4_seed12345.cfg,logs/pdcch_uss_al4_seed12345.txt
pdcch_uss_al4,PDCCH,12345,10,200,p_miss,0,0.0000,configs/pdcch_uss_al4_seed12345.cfg,logs/pdcch_uss_al4_seed12345.txt
pdcch_uss_al4,PDCCH,12345,10,200,p_false_alarm,0,0.0000e+00,configs/pdcch_uss_al4_seed12345.cfg,logs/pdcch_uss_al4_seed12345.txt
pdcch_uss_al4,PDCCH,12345,10,200,ber_detected,0,0.0000e+00,configs/pdcch_uss_al4_seed12345.cfg,logs/pdcch_uss_al4_seed12345.txt
pdcch_uss_al4,PDCCH,12345,15,200,p_detect,1,1.0000,configs/pdcch_uss_al4_seed12345.cfg,logs/pdcch_uss_al4_seed12345.txt
pdcch_uss_al4,PDCCH,12345,15,200,p_miss,0,0.0000,configs/pdcch_uss_al4_seed12345.cfg,logs/pdcch_uss_al4_seed12345.txt
pdcch_uss_al4,PDCCH,12345,15,200,p_false_alarm,0,0.0000e+00,configs/pdcch_uss_al4_seed12345.cfg,logs/pdcch_uss_al4_seed12345.txt
pdcch_uss_al4,PDCCH,12345,15,200,ber_detected,0,0.0000e+00,configs/pdcch_uss_al4_seed12345.cfg,logs/pdcch_uss_al4_seed12345.txt
pdcch_uss_al4,PDCCH,12345,20,200,p_detect,1,1.0000,configs/pdcch_uss_al4_seed12345.cfg,logs/pdcch_uss_al4_seed12345.txt
pdcch_uss_al4,PDCCH,12345,20,200,p_miss,0,0.0000,configs/pdcch_uss_al4_seed12345.cfg,logs/pdcch_uss_al4_seed12345.txt
pdcch_uss_al4,PDCCH,12345,20,200,p_false_alarm,0,0.0000e+00,configs/pdcch_uss_al4_seed12345.cfg,logs/pdcch_uss_al4_seed12345.txt
pdcch_uss_al4,PDCCH,12345,20,200,ber_detected,0,0.0000e+00,configs/pdcch_uss_al4_seed12345.cfg,logs/pdcch_uss_al4_seed12345.txt
pdcch_uss_al4,PDCCH,67890,-10,200,p_detect,0,0.0000,configs/pdcch_uss_al4_seed67890.cfg,logs/pdcch_uss_al4_seed67890.txt
pdcch_uss_al4,PDCCH,67890,-10,200,p_miss,1,1.0000,configs/pdcch_uss_al4_seed67890.cfg,logs/pdcch_uss_al4_seed67890.txt
pdcch_uss_al4,PDCCH,67890,-10,200,p_false_alarm,0,0.0000e+00,configs/pdcch_uss_al4_seed67890.cfg,logs/pdcch_uss_al4_seed67890.txt
pdcch_uss_al4,PDCCH,67890,-10,200,ber_detected,0,0.0000e+00,configs/pdcch_uss_al4_seed67890.cfg,logs/pdcch_uss_al4_seed67890.txt
pdcch_uss_al4,PDCCH,67890,-5,200,p_detect,0.76,0.7600,configs/pdcch_uss_al4_seed67890.cfg,logs/pdcch_uss_al4_seed67890.txt
pdcch_uss_al4,PDCCH,67890,-5,200,p_miss,0.24,0.2400,configs/pdcch_uss_al4_seed67890.cfg,logs/pdcch_uss_al4_seed67890.txt
pdcch_uss_al4,PDCCH,67890,-5,200,p_false_alarm,0,0.0000e+00,configs/pdcch_uss_al4_seed67890.cfg,logs/pdcch_uss_al4_seed67890.txt
pdcch_uss_al4,PDCCH,67890,-5,200,ber_detected,0,0.0000e+00,configs/pdcch_uss_al4_seed67890.cfg,logs/pdcch_uss_al4_seed67890.txt
pdcch_uss_al4,PDCCH,67890,0,200,p_detect,1,1.0000,configs/pdcch_uss_al4_seed67890.cfg,logs/pdcch_uss_al4_seed67890.txt
pdcch_uss_al4,PDCCH,67890,0,200,p_miss,0,0.0000,configs/pdcch_uss_al4_seed67890.cfg,logs/pdcch_uss_al4_seed67890.txt
pdcch_uss_al4,PDCCH,67890,0,200,p_false_alarm,0,0.0000e+00,configs/pdcch_uss_al4_seed67890.cfg,logs/pdcch_uss_al4_seed67890.txt
pdcch_uss_al4,PDCCH,67890,0,200,ber_detected,0,0.0000e+00,configs/pdcch_uss_al4_seed67890.cfg,logs/pdcch_uss_al4_seed67890.txt
pdcch_uss_al4,PDCCH,67890,5,200,p_detect,1,1.0000,configs/pdcch_uss_al4_seed67890.cfg,logs/pdcch_uss_al4_seed67890.txt
pdcch_uss_al4,PDCCH,67890,5,200,p_miss,0,0.0000,configs/pdcch_uss_al4_seed67890.cfg,logs/pdcch_uss_al4_seed67890.txt
pdcch_uss_al4,PDCCH,67890,5,200,p_false_alarm,0,0.0000e+00,configs/pdcch_uss_al4_seed67890.cfg,logs/pdcch_uss_al4_seed67890.txt
pdcch_uss_al4,PDCCH,67890,5,200,ber_detected,0,0.0000e+00,configs/pdcch_uss_al4_seed67890.cfg,logs/pdcch_uss_al4_seed67890.txt
pdcch_uss_al4,PDCCH,67890,10,200,p_detect,1,1.0000,configs/pdcch_uss_al4_seed67890.cfg,logs/pdcch_uss_al4_seed67890.txt
pdcch_uss_al4,PDCCH,67890,10,200,p_miss,0,0.0000,configs/pdcch_uss_al4_seed67890.cfg,logs/pdcch_uss_al4_seed67890.txt
pdcch_uss_al4,PDCCH,67890,10,200,p_false_alarm,0,0.0000e+00,configs/pdcch_uss_al4_seed67890.cfg,logs/pdcch_uss_al4_seed67890.txt
pdcch_uss_al4,PDCCH,67890,10,200,ber_detected,0,0.0000e+00,configs/pdcch_uss_al4_seed67890.cfg,logs/pdcch_uss_al4_seed67890.txt
pdcch_uss_al4,PDCCH,67890,15,200,p_detect,1,1.0000,configs/pdcch_uss_al4_seed67890.cfg,logs/pdcch_uss_al4_seed67890.txt
pdcch_uss_al4,PDCCH,67890,15,200,p_miss,0,0.0000,configs/pdcch_uss_al4_seed67890.cfg,logs/pdcch_uss_al4_seed67890.txt
pdcch_uss_al4,PDCCH,67890,15,200,p_false_alarm,0,0.0000e+00,configs/pdcch_uss_al4_seed67890.cfg,logs/pdcch_uss_al4_seed67890.txt
pdcch_uss_al4,PDCCH,67890,15,200,ber_detected,0,0.0000e+00,configs/pdcch_uss_al4_seed67890.cfg,logs/pdcch_uss_al4_seed67890.txt
pdcch_uss_al4,PDCCH,67890,20,200,p_detect,1,1.0000,configs/pdcch_uss_al4_seed67890.cfg,logs/pdcch_uss_al4_seed67890.txt
pdcch_uss_al4,PDCCH,67890,20,200,p_miss,0,0.0000,configs/pdcch_uss_al4_seed67890.cfg,logs/pdcch_uss_al4_seed67890.txt
pdcch_uss_al4,PDCCH,67890,20,200,p_false_alarm,0,0.0000e+00,configs/pdcch_uss_al4_seed67890.cfg,logs/pdcch_uss_al4_seed67890.txt
pdcch_uss_al4,PDCCH,67890,20,200,ber_detected,0,0.0000e+00,configs/pdcch_uss_al4_seed67890.cfg,logs/pdcch_uss_al4_seed67890.txt
pdcch_uss_al8,PDCCH,12345,-10,200,p_detect,0.165,0.1650,configs/pdcch_uss_al8_seed12345.cfg,logs/pdcch_uss_al8_seed12345.txt
pdcch_uss_al8,PDCCH,12345,-10,200,p_miss,0.835,0.8350,configs/pdcch_uss_al8_seed12345.cfg,logs/pdcch_uss_al8_seed12345.txt
pdcch_uss_al8,PDCCH,12345,-10,200,p_false_alarm,0,0.0000e+00,configs/pdcch_uss_al8_seed12345.cfg,logs/pdcch_uss_al8_seed12345.txt
pdcch_uss_al8,PDCCH,12345,-10,200,ber_detected,0,0.0000e+00,configs/pdcch_uss_al8_seed12345.cfg,logs/pdcch_uss_al8_seed12345.txt
pdcch_uss_al8,PDCCH,12345,-5,200,p_detect,1,1.0000,configs/pdcch_uss_al8_seed12345.cfg,logs/pdcch_uss_al8_seed12345.txt
pdcch_uss_al8,PDCCH,12345,-5,200,p_miss,0,0.0000,configs/pdcch_uss_al8_seed12345.cfg,logs/pdcch_uss_al8_seed12345.txt
pdcch_uss_al8,PDCCH,12345,-5,200,p_false_alarm,0,0.0000e+00,configs/pdcch_uss_al8_seed12345.cfg,logs/pdcch_uss_al8_seed12345.txt
pdcch_uss_al8,PDCCH,12345,-5,200,ber_detected,0,0.0000e+00,configs/pdcch_uss_al8_seed12345.cfg,logs/pdcch_uss_al8_seed12345.txt
pdcch_uss_al8,PDCCH,12345,0,200,p_detect,1,1.0000,configs/pdcch_uss_al8_seed12345.cfg,logs/pdcch_uss_al8_seed12345.txt
pdcch_uss_al8,PDCCH,12345,0,200,p_miss,0,0.0000,configs/pdcch_uss_al8_seed12345.cfg,logs/pdcch_uss_al8_seed12345.txt
pdcch_uss_al8,PDCCH,12345,0,200,p_false_alarm,0,0.0000e+00,configs/pdcch_uss_al8_seed12345.cfg,logs/pdcch_uss_al8_seed12345.txt
pdcch_uss_al8,PDCCH,12345,0,200,ber_detected,0,0.0000e+00,configs/pdcch_uss_al8_seed12345.cfg,logs/pdcch_uss_al8_seed12345.txt
pdcch_uss_al8,PDCCH,12345,5,200,p_detect,1,1.0000,configs/pdcch_uss_al8_seed12345.cfg,logs/pdcch_uss_al8_seed12345.txt
pdcch_uss_al8,PDCCH,12345,5,200,p_miss,0,0.0000,configs/pdcch_uss_al8_seed12345.cfg,logs/pdcch_uss_al8_seed12345.txt
pdcch_uss_al8,PDCCH,12345,5,200,p_false_alarm,0,0.0000e+00,configs/pdcch_uss_al8_seed12345.cfg,logs/pdcch_uss_al8_seed12345.txt
pdcch_uss_al8,PDCCH,12345,5,200,ber_detected,0,0.0000e+00,configs/pdcch_uss_al8_seed12345.cfg,logs/pdcch_uss_al8_seed12345.txt
pdcch_uss_al8,PDCCH,12345,10,200,p_detect,1,1.0000,configs/pdcch_uss_al8_seed12345.cfg,logs/pdcch_uss_al8_seed12345.txt
pdcch_uss_al8,PDCCH,12345,10,200,p_miss,0,0.0000,configs/pdcch_uss_al8_seed12345.cfg,logs/pdcch_uss_al8_seed12345.txt
pdcch_uss_al8,PDCCH,12345,10,200,p_false_alarm,0,0.0000e+00,configs/pdcch_uss_al8_seed12345.cfg,logs/pdcch_uss_al8_seed12345.txt
pdcch_uss_al8,PDCCH,12345,10,200,ber_detected,0,0.0000e+00,configs/pdcch_uss_al8_seed12345.cfg,logs/pdcch_uss_al8_seed12345.txt
pdcch_uss_al8,PDCCH,12345,15,200,p_detect,1,1.0000,configs/pdcch_uss_al8_seed12345.cfg,logs/pdcch_uss_al8_seed12345.txt
pdcch_uss_al8,PDCCH,12345,15,200,p_miss,0,0.0000,configs/pdcch_uss_al8_seed12345.cfg,logs/pdcch_uss_al8_seed12345.txt
pdcch_uss_al8,PDCCH,12345,15,200,p_false_alarm,0,0.0000e+00,configs/pdcch_uss_al8_seed12345.cfg,logs/pdcch_uss_al8_seed12345.txt
pdcch_uss_al8,PDCCH,12345,15,200,ber_detected,0,0.0000e+00,configs/pdcch_uss_al8_seed12345.cfg,logs/pdcch_uss_al8_seed12345.txt
pdcch_uss_al8,PDCCH,12345,20,200,p_detect,1,1.0000,configs/pdcch_uss_al8_seed12345.cfg,logs/pdcch_uss_al8_seed12345.txt
pdcch_uss_al8,PDCCH,12345,20,200,p_miss,0,0.0000,configs/pdcch_uss_al8_seed12345.cfg,logs/pdcch_uss_al8_seed12345.txt
pdcch_uss_al8,PDCCH,12345,20,200,p_false_alarm,0,0.0000e+00,configs/pdcch_uss_al8_seed12345.cfg,logs/pdcch_uss_al8_seed12345.txt
pdcch_uss_al8,PDCCH,12345,20,200,ber_detected,0,0.0000e+00,configs/pdcch_uss_al8_seed12345.cfg,logs/pdcch_uss_al8_seed12345.txt
pdcch_uss_al8,PDCCH,67890,-10,200,p_detect,0.15,0.1500,configs/pdcch_uss_al8_seed67890.cfg,logs/pdcch_uss_al8_seed67890.txt
pdcch_uss_al8,PDCCH,67890,-10,200,p_miss,0.85,0.8500,configs/pdcch_uss_al8_seed67890.cfg,logs/pdcch_uss_al8_seed67890.txt
pdcch_uss_al8,PDCCH,67890,-10,200,p_false_alarm,0,0.0000e+00,configs/pdcch_uss_al8_seed67890.cfg,logs/pdcch_uss_al8_seed67890.txt
pdcch_uss_al8,PDCCH,67890,-10,200,ber_detected,0,0.0000e+00,configs/pdcch_uss_al8_seed67890.cfg,logs/pdcch_uss_al8_seed67890.txt
pdcch_uss_al8,PDCCH,67890,-5,200,p_detect,1,1.0000,configs/pdcch_uss_al8_seed67890.cfg,logs/pdcch_uss_al8_seed67890.txt
pdcch_uss_al8,PDCCH,67890,-5,200,p_miss,0,0.0000,configs/pdcch_uss_al8_seed67890.cfg,logs/pdcch_uss_al8_seed67890.txt
pdcch_uss_al8,PDCCH,67890,-5,200,p_false_alarm,0,0.0000e+00,configs/pdcch_uss_al8_seed67890.cfg,logs/pdcch_uss_al8_seed67890.txt
pdcch_uss_al8,PDCCH,67890,-5,200,ber_detected,0,0.0000e+00,configs/pdcch_uss_al8_seed67890.cfg,logs/pdcch_uss_al8_seed67890.txt
pdcch_uss_al8,PDCCH,67890,0,200,p_detect,1,1.0000,configs/pdcch_uss_al8_seed67890.cfg,logs/pdcch_uss_al8_seed67890.txt
pdcch_uss_al8,PDCCH,67890,0,200,p_miss,0,0.0000,configs/pdcch_uss_al8_seed67890.cfg,logs/pdcch_uss_al8_seed67890.txt
pdcch_uss_al8,PDCCH,67890,0,200,p_false_alarm,0,0.0000e+00,configs/pdcch_uss_al8_seed67890.cfg,logs/pdcch_uss_al8_seed67890.txt
pdcch_uss_al8,PDCCH,67890,0,200,ber_detected,0,0.0000e+00,configs/pdcch_uss_al8_seed67890.cfg,logs/pdcch_uss_al8_seed67890.txt
pdcch_uss_al8,PDCCH,67890,5,200,p_detect,1,1.0000,configs/pdcch_uss_al8_seed67890.cfg,logs/pdcch_uss_al8_seed67890.txt
pdcch_uss_al8,PDCCH,67890,5,200,p_miss,0,0.0000,configs/pdcch_uss_al8_seed67890.cfg,logs/pdcch_uss_al8_seed67890.txt
pdcch_uss_al8,PDCCH,67890,5,200,p_false_alarm,0,0.0000e+00,configs/pdcch_uss_al8_seed67890.cfg,logs/pdcch_uss_al8_seed67890.txt
pdcch_uss_al8,PDCCH,67890,5,200,ber_detected,0,0.0000e+00,configs/pdcch_uss_al8_seed67890.cfg,logs/pdcch_uss_al8_seed67890.txt
pdcch_uss_al8,PDCCH,67890,10,200,p_detect,1,1.0000,configs/pdcch_uss_al8_seed67890.cfg,logs/pdcch_uss_al8_seed67890.txt
pdcch_uss_al8,PDCCH,67890,10,200,p_miss,0,0.0000,configs/pdcch_uss_al8_seed67890.cfg,logs/pdcch_uss_al8_seed67890.txt
pdcch_uss_al8,PDCCH,67890,10,200,p_false_alarm,0,0.0000e+00,configs/pdcch_uss_al8_seed67890.cfg,logs/pdcch_uss_al8_seed67890.txt
pdcch_uss_al8,PDCCH,67890,10,200,ber_detected,0,0.0000e+00,configs/pdcch_uss_al8_seed67890.cfg,logs/pdcch_uss_al8_seed67890.txt
pdcch_uss_al8,PDCCH,67890,15,200,p_detect,1,1.0000,configs/pdcch_uss_al8_seed67890.cfg,logs/pdcch_uss_al8_seed67890.txt
pdcch_uss_al8,PDCCH,67890,15,200,p_miss,0,0.0000,configs/pdcch_uss_al8_seed67890.cfg,logs/pdcch_uss_al8_seed67890.txt
pdcch_uss_al8,PDCCH,67890,15,200,p_false_alarm,0,0.0000e+00,configs/pdcch_uss_al8_seed67890.cfg,logs/pdcch_uss_al8_seed67890.txt
pdcch_uss_al8,PDCCH,67890,15,200,ber_detected,0,0.0000e+00,configs/pdcch_uss_al8_seed67890.cfg,logs/pdcch_uss_al8_seed67890.txt
pdcch_uss_al8,PDCCH,67890,20,200,p_detect,1,1.0000,configs/pdcch_uss_al8_seed67890.cfg,logs/pdcch_uss_al8_seed67890.txt
pdcch_uss_al8,PDCCH,67890,20,200,p_miss,0,0.0000,configs/pdcch_uss_al8_seed67890.cfg,logs/pdcch_uss_al8_seed67890.txt
pdcch_uss_al8,PDCCH,67890,20,200,p_false_alarm,0,0.0000e+00,configs/pdcch_uss_al8_seed67890.cfg,logs/pdcch_uss_al8_seed67890.txt
pdcch_uss_al8,PDCCH,67890,20,200,ber_detected,0,0.0000e+00,configs/pdcch_uss_al8_seed67890.cfg,logs/pdcch_uss_al8_seed67890.txt
pdcch_uss_al16,PDCCH,12345,-10,200,p_detect,0.945,0.9450,configs/pdcch_uss_al16_seed12345.cfg,logs/pdcch_uss_al16_seed12345.txt
pdcch_uss_al16,PDCCH,12345,-10,200,p_miss,0.055,0.0550,configs/pdcch_uss_al16_seed12345.cfg,logs/pdcch_uss_al16_seed12345.txt
pdcch_uss_al16,PDCCH,12345,-10,200,p_false_alarm,0,0.0000e+00,configs/pdcch_uss_al16_seed12345.cfg,logs/pdcch_uss_al16_seed12345.txt
pdcch_uss_al16,PDCCH,12345,-10,200,ber_detected,0,0.0000e+00,configs/pdcch_uss_al16_seed12345.cfg,logs/pdcch_uss_al16_seed12345.txt
pdcch_uss_al16,PDCCH,12345,-5,200,p_detect,1,1.0000,configs/pdcch_uss_al16_seed12345.cfg,logs/pdcch_uss_al16_seed12345.txt
pdcch_uss_al16,PDCCH,12345,-5,200,p_miss,0,0.0000,configs/pdcch_uss_al16_seed12345.cfg,logs/pdcch_uss_al16_seed12345.txt
pdcch_uss_al16,PDCCH,12345,-5,200,p_false_alarm,0,0.0000e+00,configs/pdcch_uss_al16_seed12345.cfg,logs/pdcch_uss_al16_seed12345.txt
pdcch_uss_al16,PDCCH,12345,-5,200,ber_detected,0,0.0000e+00,configs/pdcch_uss_al16_seed12345.cfg,logs/pdcch_uss_al16_seed12345.txt
pdcch_uss_al16,PDCCH,12345,0,200,p_detect,1,1.0000,configs/pdcch_uss_al16_seed12345.cfg,logs/pdcch_uss_al16_seed12345.txt
pdcch_uss_al16,PDCCH,12345,0,200,p_miss,0,0.0000,configs/pdcch_uss_al16_seed12345.cfg,logs/pdcch_uss_al16_seed12345.txt
pdcch_uss_al16,PDCCH,12345,0,200,p_false_alarm,0,0.0000e+00,configs/pdcch_uss_al16_seed12345.cfg,logs/pdcch_uss_al16_seed12345.txt
pdcch_uss_al16,PDCCH,12345,0,200,ber_detected,0,0.0000e+00,configs/pdcch_uss_al16_seed12345.cfg,logs/pdcch_uss_al16_seed12345.txt
pdcch_uss_al16,PDCCH,12345,5,200,p_detect,1,1.0000,configs/pdcch_uss_al16_seed12345.cfg,logs/pdcch_uss_al16_seed12345.txt
pdcch_uss_al16,PDCCH,12345,5,200,p_miss,0,0.0000,configs/pdcch_uss_al16_seed12345.cfg,logs/pdcch_uss_al16_seed12345.txt
pdcch_uss_al16,PDCCH,12345,5,200,p_false_alarm,0,0.0000e+00,configs/pdcch_uss_al16_seed12345.cfg,logs/pdcch_uss_al16_seed12345.txt
pdcch_uss_al16,PDCCH,12345,5,200,ber_detected,0,0.0000e+00,configs/pdcch_uss_al16_seed12345.cfg,logs/pdcch_uss_al16_seed12345.txt
pdcch_uss_al16,PDCCH,12345,10,200,p_detect,1,1.0000,configs/pdcch_uss_al16_seed12345.cfg,logs/pdcch_uss_al16_seed12345.txt
pdcch_uss_al16,PDCCH,12345,10,200,p_miss,0,0.0000,configs/pdcch_uss_al16_seed12345.cfg,logs/pdcch_uss_al16_seed12345.txt
pdcch_uss_al16,PDCCH,12345,10,200,p_false_alarm,0,0.0000e+00,configs/pdcch_uss_al16_seed12345.cfg,logs/pdcch_uss_al16_seed12345.txt
pdcch_uss_al16,PDCCH,12345,10,200,ber_detected,0,0.0000e+00,configs/pdcch_uss_al16_seed12345.cfg,logs/pdcch_uss_al16_seed12345.txt
pdcch_uss_al16,PDCCH,12345,15,200,p_detect,1,1.0000,configs/pdcch_uss_al16_seed12345.cfg,logs/pdcch_uss_al16_seed12345.txt
pdcch_uss_al16,PDCCH,12345,15,200,p_miss,0,0.0000,configs/pdcch_uss_al16_seed12345.cfg,logs/pdcch_uss_al16_seed12345.txt
pdcch_uss_al16,PDCCH,12345,15,200,p_false_alarm,0,0.0000e+00,configs/pdcch_uss_al16_seed12345.cfg,logs/pdcch_uss_al16_seed12345.txt
pdcch_uss_al16,PDCCH,12345,15,200,ber_detected,0,0.0000e+00,configs/pdcch_uss_al16_seed12345.cfg,logs/pdcch_uss_al16_seed12345.txt
pdcch_uss_al16,PDCCH,12345,20,200,p_detect,1,1.0000,configs/pdcch_uss_al16_seed12345.cfg,logs/pdcch_uss_al16_seed12345.txt
pdcch_uss_al16,PDCCH,12345,20,200,p_miss,0,0.0000,configs/pdcch_uss_al16_seed12345.cfg,logs/pdcch_uss_al16_seed12345.txt
pdcch_uss_al16,PDCCH,12345,20,200,p_false_alarm,0,0.0000e+00,configs/pdcch_uss_al16_seed12345.cfg,logs/pdcch_uss_al16_seed12345.txt
pdcch_uss_al16,PDCCH,12345,20,200,ber_detected,0,0.0000e+00,configs/pdcch_uss_al16_seed12345.cfg,logs/pdcch_uss_al16_seed12345.txt
pdcch_uss_al16,PDCCH,67890,-10,200,p_detect,0.945,0.9450,configs/pdcch_uss_al16_seed67890.cfg,logs/pdcch_uss_al16_seed67890.txt
pdcch_uss_al16,PDCCH,67890,-10,200,p_miss,0.055,0.0550,configs/pdcch_uss_al16_seed67890.cfg,logs/pdcch_uss_al16_seed67890.txt
pdcch_uss_al16,PDCCH,67890,-10,200,p_false_alarm,0,0.0000e+00,configs/pdcch_uss_al16_seed67890.cfg,logs/pdcch_uss_al16_seed67890.txt
pdcch_uss_al16,PDCCH,67890,-10,200,ber_detected,0,0.0000e+00,configs/pdcch_uss_al16_seed67890.cfg,logs/pdcch_uss_al16_seed67890.txt
pdcch_uss_al16,PDCCH,67890,-5,200,p_detect,1,1.0000,configs/pdcch_uss_al16_seed67890.cfg,logs/pdcch_uss_al16_seed67890.txt
pdcch_uss_al16,PDCCH,67890,-5,200,p_miss,0,0.0000,configs/pdcch_uss_al16_seed67890.cfg,logs/pdcch_uss_al16_seed67890.txt
pdcch_uss_al16,PDCCH,67890,-5,200,p_false_alarm,0,0.0000e+00,configs/pdcch_uss_al16_seed67890.cfg,logs/pdcch_uss_al16_seed67890.txt
pdcch_uss_al16,PDCCH,67890,-5,200,ber_detected,0,0.0000e+00,configs/pdcch_uss_al16_seed67890.cfg,logs/pdcch_uss_al16_seed67890.txt
pdcch_uss_al16,PDCCH,67890,0,200,p_detect,1,1.0000,configs/pdcch_uss_al16_seed67890.cfg,logs/pdcch_uss_al16_seed67890.txt
pdcch_uss_al16,PDCCH,67890,0,200,p_miss,0,0.0000,configs/pdcch_uss_al16_seed67890.cfg,logs/pdcch_uss_al16_seed67890.txt
pdcch_uss_al16,PDCCH,67890,0,200,p_false_alarm,0,0.0000e+00,configs/pdcch_uss_al16_seed67890.cfg,logs/pdcch_uss_al16_seed67890.txt
pdcch_uss_al16,PDCCH,67890,0,200,ber_detected,0,0.0000e+00,configs/pdcch_uss_al16_seed67890.cfg,logs/pdcch_uss_al16_seed67890.txt
pdcch_uss_al16,PDCCH,67890,5,200,p_detect,1,1.0000,configs/pdcch_uss_al16_seed67890.cfg,logs/pdcch_uss_al16_seed67890.txt
pdcch_uss_al16,PDCCH,67890,5,200,p_miss,0,0.0000,configs/pdcch_uss_al16_seed67890.cfg,logs/pdcch_uss_al16_seed67890.txt
pdcch_uss_al16,PDCCH,67890,5,200,p_false_alarm,0,0.0000e+00,configs/pdcch_uss_al16_seed67890.cfg,logs/pdcch_uss_al16_seed67890.txt
pdcch_uss_al16,PDCCH,67890,5,200,ber_detected,0,0.0000e+00,configs/pdcch_uss_al16_seed67890.cfg,logs/pdcch_uss_al16_seed67890.txt
pdcch_uss_al16,PDCCH,67890,10,200,p_detect,1,1.0000,configs/pdcch_uss_al16_seed67890.cfg,logs/pdcch_uss_al16_seed67890.txt
pdcch_uss_al16,PDCCH,67890,10,200,p_miss,0,0.0000,configs/pdcch_uss_al16_seed67890.cfg,logs/pdcch_uss_al16_seed67890.txt
pdcch_uss_al16,PDCCH,67890,10,200,p_false_alarm,0,0.0000e+00,configs/pdcch_uss_al16_seed67890.cfg,logs/pdcch_uss_al16_seed67890.txt
pdcch_uss_al16,PDCCH,67890,10,200,ber_detected,0,0.0000e+00,configs/pdcch_uss_al16_seed67890.cfg,logs/pdcch_uss_al16_seed67890.txt
pdcch_uss_al16,PDCCH,67890,15,200,p_detect,1,1.0000,configs/pdcch_uss_al16_seed67890.cfg,logs/pdcch_uss_al16_seed67890.txt
pdcch_uss_al16,PDCCH,67890,15,200,p_miss,0,0.0000,configs/pdcch_uss_al16_seed67890.cfg,logs/pdcch_uss_al16_seed67890.txt
pdcch_uss_al16,PDCCH,67890,15,200,p_false_alarm,0,0.0000e+00,configs/pdcch_uss_al16_seed67890.cfg,logs/pdcch_uss_al16_seed67890.txt
pdcch_uss_al16,PDCCH,67890,15,200,ber_detected,0,0.0000e+00,configs/pdcch_uss_al16_seed67890.cfg,logs/pdcch_uss_al16_seed67890.txt
pdcch_uss_al16,PDCCH,67890,20,200,p_detect,1,1.0000,configs/pdcch_uss_al16_seed67890.cfg,logs/pdcch_uss_al16_seed67890.txt
pdcch_uss_al16,PDCCH,67890,20,200,p_miss,0,0.0000,configs/pdcch_uss_al16_seed67890.cfg,logs/pdcch_uss_al16_seed67890.txt
pdcch_uss_al16,PDCCH,67890,20,200,p_false_alarm,0,0.0000e+00,configs/pdcch_uss_al16_seed67890.cfg,logs/pdcch_uss_al16_seed67890.txt
pdcch_uss_al16,PDCCH,67890,20,200,ber_detected,0,0.0000e+00,configs/pdcch_uss_al16_seed67890.cfg,logs/pdcch_uss_al16_seed67890.txt
pdsch_coded_qpsk,PDSCH,12345,-10,200,ber,0.37918,3.7918e-01,configs/pdsch_coded_qpsk_seed12345.cfg,logs/pdsch_coded_qpsk_seed12345.txt
pdsch_coded_qpsk,PDSCH,12345,-10,200,bler,1,1.0000,configs/pdsch_coded_qpsk_seed12345.cfg,logs/pdsch_coded_qpsk_seed12345.txt
pdsch_coded_qpsk,PDSCH,12345,-5,200,ber,0.28297,2.8297e-01,configs/pdsch_coded_qpsk_seed12345.cfg,logs/pdsch_coded_qpsk_seed12345.txt
pdsch_coded_qpsk,PDSCH,12345,-5,200,bler,1,1.0000,configs/pdsch_coded_qpsk_seed12345.cfg,logs/pdsch_coded_qpsk_seed12345.txt
pdsch_coded_qpsk,PDSCH,12345,0,200,ber,0.047949,4.7949e-02,configs/pdsch_coded_qpsk_seed12345.cfg,logs/pdsch_coded_qpsk_seed12345.txt
pdsch_coded_qpsk,PDSCH,12345,0,200,bler,0.505,0.5050,configs/pdsch_coded_qpsk_seed12345.cfg,logs/pdsch_coded_qpsk_seed12345.txt
pdsch_coded_qpsk,PDSCH,12345,5,200,ber,0,0.0000e+00,configs/pdsch_coded_qpsk_seed12345.cfg,logs/pdsch_coded_qpsk_seed12345.txt
pdsch_coded_qpsk,PDSCH,12345,5,200,bler,0,0.0000,configs/pdsch_coded_qpsk_seed12345.cfg,logs/pdsch_coded_qpsk_seed12345.txt
pdsch_coded_qpsk,PDSCH,12345,10,200,ber,0,0.0000e+00,configs/pdsch_coded_qpsk_seed12345.cfg,logs/pdsch_coded_qpsk_seed12345.txt
pdsch_coded_qpsk,PDSCH,12345,10,200,bler,0,0.0000,configs/pdsch_coded_qpsk_seed12345.cfg,logs/pdsch_coded_qpsk_seed12345.txt
pdsch_coded_qpsk,PDSCH,12345,15,200,ber,0,0.0000e+00,configs/pdsch_coded_qpsk_seed12345.cfg,logs/pdsch_coded_qpsk_seed12345.txt
pdsch_coded_qpsk,PDSCH,12345,15,200,bler,0,0.0000,configs/pdsch_coded_qpsk_seed12345.cfg,logs/pdsch_coded_qpsk_seed12345.txt
pdsch_coded_qpsk,PDSCH,12345,20,200,ber,0,0.0000e+00,configs/pdsch_coded_qpsk_seed12345.cfg,logs/pdsch_coded_qpsk_seed12345.txt
pdsch_coded_qpsk,PDSCH,12345,20,200,bler,0,0.0000,configs/pdsch_coded_qpsk_seed12345.cfg,logs/pdsch_coded_qpsk_seed12345.txt
pdsch_coded_qpsk,PDSCH,67890,-10,200,ber,0.37609,3.7609e-01,configs/pdsch_coded_qpsk_seed67890.cfg,logs/pdsch_coded_qpsk_seed67890.txt
pdsch_coded_qpsk,PDSCH,67890,-10,200,bler,1,1.0000,configs/pdsch_coded_qpsk_seed67890.cfg,logs/pdsch_coded_qpsk_seed67890.txt
pdsch_coded_qpsk,PDSCH,67890,-5,200,ber,0.29146,2.9146e-01,configs/pdsch_coded_qpsk_seed67890.cfg,logs/pdsch_coded_qpsk_seed67890.txt
pdsch_coded_qpsk,PDSCH,67890,-5,200,bler,1,1.0000,configs/pdsch_coded_qpsk_seed67890.cfg,logs/pdsch_coded_qpsk_seed67890.txt
pdsch_coded_qpsk,PDSCH,67890,0,200,ber,0.042363,4.2363e-02,configs/pdsch_coded_qpsk_seed67890.cfg,logs/pdsch_coded_qpsk_seed67890.txt
pdsch_coded_qpsk,PDSCH,67890,0,200,bler,0.475,0.4750,configs/pdsch_coded_qpsk_seed67890.cfg,logs/pdsch_coded_qpsk_seed67890.txt
pdsch_coded_qpsk,PDSCH,67890,5,200,ber,0,0.0000e+00,configs/pdsch_coded_qpsk_seed67890.cfg,logs/pdsch_coded_qpsk_seed67890.txt
pdsch_coded_qpsk,PDSCH,67890,5,200,bler,0,0.0000,configs/pdsch_coded_qpsk_seed67890.cfg,logs/pdsch_coded_qpsk_seed67890.txt
pdsch_coded_qpsk,PDSCH,67890,10,200,ber,0,0.0000e+00,configs/pdsch_coded_qpsk_seed67890.cfg,logs/pdsch_coded_qpsk_seed67890.txt
pdsch_coded_qpsk,PDSCH,67890,10,200,bler,0,0.0000,configs/pdsch_coded_qpsk_seed67890.cfg,logs/pdsch_coded_qpsk_seed67890.txt
pdsch_coded_qpsk,PDSCH,67890,15,200,ber,0,0.0000e+00,configs/pdsch_coded_qpsk_seed67890.cfg,logs/pdsch_coded_qpsk_seed67890.txt
pdsch_coded_qpsk,PDSCH,67890,15,200,bler,0,0.0000,configs/pdsch_coded_qpsk_seed67890.cfg,logs/pdsch_coded_qpsk_seed67890.txt
pdsch_coded_qpsk,PDSCH,67890,20,200,ber,0,0.0000e+00,configs/pdsch_coded_qpsk_seed67890.cfg,logs/pdsch_coded_qpsk_seed67890.txt
pdsch_coded_qpsk,PDSCH,67890,20,200,bler,0,0.0000,configs/pdsch_coded_qpsk_seed67890.cfg,logs/pdsch_coded_qpsk_seed67890.txt
pdsch_dmrs_qpsk_zf,PDSCH,12345,-10,200,ber,0.46202,4.6202e-01,configs/pdsch_dmrs_qpsk_zf_seed12345.cfg,logs/pdsch_dmrs_qpsk_zf_seed12345.txt
pdsch_dmrs_qpsk_zf,PDSCH,12345,-10,200,bler,1,1.0000,configs/pdsch_dmrs_qpsk_zf_seed12345.cfg,logs/pdsch_dmrs_qpsk_zf_seed12345.txt
pdsch_dmrs_qpsk_zf,PDSCH,12345,-5,200,ber,0.40111,4.0111e-01,configs/pdsch_dmrs_qpsk_zf_seed12345.cfg,logs/pdsch_dmrs_qpsk_zf_seed12345.txt
pdsch_dmrs_qpsk_zf,PDSCH,12345,-5,200,bler,1,1.0000,configs/pdsch_dmrs_qpsk_zf_seed12345.cfg,logs/pdsch_dmrs_qpsk_zf_seed12345.txt
pdsch_dmrs_qpsk_zf,PDSCH,12345,0,200,ber,0.26716,2.6716e-01,configs/pdsch_dmrs_qpsk_zf_seed12345.cfg,logs/pdsch_dmrs_qpsk_zf_seed12345.txt
pdsch_dmrs_qpsk_zf,PDSCH,12345,0,200,bler,1,1.0000,configs/pdsch_dmrs_qpsk_zf_seed12345.cfg,logs/pdsch_dmrs_qpsk_zf_seed12345.txt
pdsch_dmrs_qpsk_zf,PDSCH,12345,5,200,ber,0.0017308,1.7308e-03,configs/pdsch_dmrs_qpsk_zf_seed12345.cfg,logs/pdsch_dmrs_qpsk_zf_seed12345.txt
pdsch_dmrs_qpsk_zf,PDSCH,12345,5,200,bler,0.14,0.1400,configs/pdsch_dmrs_qpsk_zf_seed12345.cfg,logs/pdsch_dmrs_qpsk_zf_seed12345.txt
pdsch_dmrs_qpsk_zf,PDSCH,12345,10,200,ber,0,0.0000e+00,configs/pdsch_dmrs_qpsk_zf_seed12345.cfg,logs/pdsch_dmrs_qpsk_zf_seed12345.txt
pdsch_dmrs_qpsk_zf,PDSCH,12345,10,200,bler,0,0.0000,configs/pdsch_dmrs_qpsk_zf_seed12345.cfg,logs/pdsch_dmrs_qpsk_zf_seed12345.txt
pdsch_dmrs_qpsk_zf,PDSCH,12345,15,200,ber,0,0.0000e+00,configs/pdsch_dmrs_qpsk_zf_seed12345.cfg,logs/pdsch_dmrs_qpsk_zf_seed12345.txt
pdsch_dmrs_qpsk_zf,PDSCH,12345,15,200,bler,0,0.0000,configs/pdsch_dmrs_qpsk_zf_seed12345.cfg,logs/pdsch_dmrs_qpsk_zf_seed12345.txt
pdsch_dmrs_qpsk_zf,PDSCH,12345,20,200,ber,0,0.0000e+00,configs/pdsch_dmrs_qpsk_zf_seed12345.cfg,logs/pdsch_dmrs_qpsk_zf_seed12345.txt
pdsch_dmrs_qpsk_zf,PDSCH,12345,20,200,bler,0,0.0000,configs/pdsch_dmrs_qpsk_zf_seed12345.cfg,logs/pdsch_dmrs_qpsk_zf_seed12345.txt
pdsch_dmrs_qpsk_zf,PDSCH,67890,-10,200,ber,0.46712,4.6712e-01,configs/pdsch_dmrs_qpsk_zf_seed67890.cfg,logs/pdsch_dmrs_qpsk_zf_seed67890.txt
pdsch_dmrs_qpsk_zf,PDSCH,67890,-10,200,bler,1,1.0000,configs/pdsch_dmrs_qpsk_zf_seed67890.cfg,logs/pdsch_dmrs_qpsk_zf_seed67890.txt
pdsch_dmrs_qpsk_zf,PDSCH,67890,-5,200,ber,0.39966,3.9966e-01,configs/pdsch_dmrs_qpsk_zf_seed67890.cfg,logs/pdsch_dmrs_qpsk_zf_seed67890.txt
pdsch_dmrs_qpsk_zf,PDSCH,67890,-5,200,bler,1,1.0000,configs/pdsch_dmrs_qpsk_zf_seed67890.cfg,logs/pdsch_dmrs_qpsk_zf_seed67890.txt
pdsch_dmrs_qpsk_zf,PDSCH,67890,0,200,ber,0.26043,2.6043e-01,configs/pdsch_dmrs_qpsk_zf_seed67890.cfg,logs/pdsch_dmrs_qpsk_zf_seed67890.txt
pdsch_dmrs_qpsk_zf,PDSCH,67890,0,200,bler,1,1.0000,configs/pdsch_dmrs_qpsk_zf_seed67890.cfg,logs/pdsch_dmrs_qpsk_zf_seed67890.txt
pdsch_dmrs_qpsk_zf,PDSCH,67890,5,200,ber,0.00091346,9.1346e-04,configs/pdsch_dmrs_qpsk_zf_seed67890.cfg,logs/pdsch_dmrs_qpsk_zf_seed67890.txt
pdsch_dmrs_qpsk_zf,PDSCH,67890,5,200,bler,0.08,0.0800,configs/pdsch_dmrs_qpsk_zf_seed67890.cfg,logs/pdsch_dmrs_qpsk_zf_seed67890.txt
pdsch_dmrs_qpsk_zf,PDSCH,67890,10,200,ber,0,0.0000e+00,configs/pdsch_dmrs_qpsk_zf_seed67890.cfg,logs/pdsch_dmrs_qpsk_zf_seed67890.txt
pdsch_dmrs_qpsk_zf,PDSCH,67890,10,200,bler,0,0.0000,configs/pdsch_dmrs_qpsk_zf_seed67890.cfg,logs/pdsch_dmrs_qpsk_zf_seed67890.txt
pdsch_dmrs_qpsk_zf,PDSCH,67890,15,200,ber,0,0.0000e+00,configs/pdsch_dmrs_qpsk_zf_seed67890.cfg,logs/pdsch_dmrs_qpsk_zf_seed67890.txt
pdsch_dmrs_qpsk_zf,PDSCH,67890,15,200,bler,0,0.0000,configs/pdsch_dmrs_qpsk_zf_seed67890.cfg,logs/pdsch_dmrs_qpsk_zf_seed67890.txt
pdsch_dmrs_qpsk_zf,PDSCH,67890,20,200,ber,0,0.0000e+00,configs/pdsch_dmrs_qpsk_zf_seed67890.cfg,logs/pdsch_dmrs_qpsk_zf_seed67890.txt
pdsch_dmrs_qpsk_zf,PDSCH,67890,20,200,bler,0,0.0000,configs/pdsch_dmrs_qpsk_zf_seed67890.cfg,logs/pdsch_dmrs_qpsk_zf_seed67890.txt
pusch_tp0_qpsk_zf,PUSCH,12345,-10,200,ber,0.46495,4.6495e-01,configs/pusch_tp0_qpsk_zf_seed12345.cfg,logs/pusch_tp0_qpsk_zf_seed12345.txt
pusch_tp0_qpsk_zf,PUSCH,12345,-10,200,bler,1,1.0000,configs/pusch_tp0_qpsk_zf_seed12345.cfg,logs/pusch_tp0_qpsk_zf_seed12345.txt
pusch_tp0_qpsk_zf,PUSCH,12345,-5,200,ber,0.39587,3.9587e-01,configs/pusch_tp0_qpsk_zf_seed12345.cfg,logs/pusch_tp0_qpsk_zf_seed12345.txt
pusch_tp0_qpsk_zf,PUSCH,12345,-5,200,bler,1,1.0000,configs/pusch_tp0_qpsk_zf_seed12345.cfg,logs/pusch_tp0_qpsk_zf_seed12345.txt
pusch_tp0_qpsk_zf,PUSCH,12345,0,200,ber,0.25755,2.5755e-01,configs/pusch_tp0_qpsk_zf_seed12345.cfg,logs/pusch_tp0_qpsk_zf_seed12345.txt
pusch_tp0_qpsk_zf,PUSCH,12345,0,200,bler,1,1.0000,configs/pusch_tp0_qpsk_zf_seed12345.cfg,logs/pusch_tp0_qpsk_zf_seed12345.txt
pusch_tp0_qpsk_zf,PUSCH,12345,5,200,ber,0.0018269,1.8269e-03,configs/pusch_tp0_qpsk_zf_seed12345.cfg,logs/pusch_tp0_qpsk_zf_seed12345.txt
pusch_tp0_qpsk_zf,PUSCH,12345,5,200,bler,0.115,0.1150,configs/pusch_tp0_qpsk_zf_seed12345.cfg,logs/pusch_tp0_qpsk_zf_seed12345.txt
pusch_tp0_qpsk_zf,PUSCH,12345,10,200,ber,0,0.0000e+00,configs/pusch_tp0_qpsk_zf_seed12345.cfg,logs/pusch_tp0_qpsk_zf_seed12345.txt
pusch_tp0_qpsk_zf,PUSCH,12345,10,200,bler,0,0.0000,configs/pusch_tp0_qpsk_zf_seed12345.cfg,logs/pusch_tp0_qpsk_zf_seed12345.txt
pusch_tp0_qpsk_zf,PUSCH,12345,15,200,ber,0,0.0000e+00,configs/pusch_tp0_qpsk_zf_seed12345.cfg,logs/pusch_tp0_qpsk_zf_seed12345.txt
pusch_tp0_qpsk_zf,PUSCH,12345,15,200,bler,0,0.0000,configs/pusch_tp0_qpsk_zf_seed12345.cfg,logs/pusch_tp0_qpsk_zf_seed12345.txt
pusch_tp0_qpsk_zf,PUSCH,12345,20,200,ber,0,0.0000e+00,configs/pusch_tp0_qpsk_zf_seed12345.cfg,logs/pusch_tp0_qpsk_zf_seed12345.txt
pusch_tp0_qpsk_zf,PUSCH,12345,20,200,bler,0,0.0000,configs/pusch_tp0_qpsk_zf_seed12345.cfg,logs/pusch_tp0_qpsk_zf_seed12345.txt
pusch_tp0_qpsk_zf,PUSCH,67890,-10,200,ber,0.45692,4.5692e-01,configs/pusch_tp0_qpsk_zf_seed67890.cfg,logs/pusch_tp0_qpsk_zf_seed67890.txt
pusch_tp0_qpsk_zf,PUSCH,67890,-10,200,bler,1,1.0000,configs/pusch_tp0_qpsk_zf_seed67890.cfg,logs/pusch_tp0_qpsk_zf_seed67890.txt
pusch_tp0_qpsk_zf,PUSCH,67890,-5,200,ber,0.40471,4.0471e-01,configs/pusch_tp0_qpsk_zf_seed67890.cfg,logs/pusch_tp0_qpsk_zf_seed67890.txt
pusch_tp0_qpsk_zf,PUSCH,67890,-5,200,bler,1,1.0000,configs/pusch_tp0_qpsk_zf_seed67890.cfg,logs/pusch_tp0_qpsk_zf_seed67890.txt
pusch_tp0_qpsk_zf,PUSCH,67890,0,200,ber,0.25486,2.5486e-01,configs/pusch_tp0_qpsk_zf_seed67890.cfg,logs/pusch_tp0_qpsk_zf_seed67890.txt
pusch_tp0_qpsk_zf,PUSCH,67890,0,200,bler,1,1.0000,configs/pusch_tp0_qpsk_zf_seed67890.cfg,logs/pusch_tp0_qpsk_zf_seed67890.txt
pusch_tp0_qpsk_zf,PUSCH,67890,5,200,ber,0.0016346,1.6346e-03,configs/pusch_tp0_qpsk_zf_seed67890.cfg,logs/pusch_tp0_qpsk_zf_seed67890.txt
pusch_tp0_qpsk_zf,PUSCH,67890,5,200,bler,0.135,0.1350,configs/pusch_tp0_qpsk_zf_seed67890.cfg,logs/pusch_tp0_qpsk_zf_seed67890.txt
pusch_tp0_qpsk_zf,PUSCH,67890,10,200,ber,0,0.0000e+00,configs/pusch_tp0_qpsk_zf_seed67890.cfg,logs/pusch_tp0_qpsk_zf_seed67890.txt
pusch_tp0_qpsk_zf,PUSCH,67890,10,200,bler,0,0.0000,configs/pusch_tp0_qpsk_zf_seed67890.cfg,logs/pusch_tp0_qpsk_zf_seed67890.txt
pusch_tp0_qpsk_zf,PUSCH,67890,15,200,ber,0,0.0000e+00,configs/pusch_tp0_qpsk_zf_seed67890.cfg,logs/pusch_tp0_qpsk_zf_seed67890.txt
pusch_tp0_qpsk_zf,PUSCH,67890,15,200,bler,0,0.0000,configs/pusch_tp0_qpsk_zf_seed67890.cfg,logs/pusch_tp0_qpsk_zf_seed67890.txt
pusch_tp0_qpsk_zf,PUSCH,67890,20,200,ber,0,0.0000e+00,configs/pusch_tp0_qpsk_zf_seed67890.cfg,logs/pusch_tp0_qpsk_zf_seed67890.txt
pusch_tp0_qpsk_zf,PUSCH,67890,20,200,bler,0,0.0000,configs/pusch_tp0_qpsk_zf_seed67890.cfg,logs/pusch_tp0_qpsk_zf_seed67890.txt
pusch_tp1_qpsk_zf,PUSCH,12345,-10,200,ber,0.48346,4.8346e-01,configs/pusch_tp1_qpsk_zf_seed12345.cfg,logs/pusch_tp1_qpsk_zf_seed12345.txt
pusch_tp1_qpsk_zf,PUSCH,12345,-10,200,bler,1,1.0000,configs/pusch_tp1_qpsk_zf_seed12345.cfg,logs/pusch_tp1_qpsk_zf_seed12345.txt
pusch_tp1_qpsk_zf,PUSCH,12345,-5,200,ber,0.44933,4.4933e-01,configs/pusch_tp1_qpsk_zf_seed12345.cfg,logs/pusch_tp1_qpsk_zf_seed12345.txt
pusch_tp1_qpsk_zf,PUSCH,12345,-5,200,bler,1,1.0000,configs/pusch_tp1_qpsk_zf_seed12345.cfg,logs/pusch_tp1_qpsk_zf_seed12345.txt
pusch_tp1_qpsk_zf,PUSCH,12345,0,200,ber,0.34308,3.4308e-01,configs/pusch_tp1_qpsk_zf_seed12345.cfg,logs/pusch_tp1_qpsk_zf_seed12345.txt
pusch_tp1_qpsk_zf,PUSCH,12345,0,200,bler,1,1.0000,configs/pusch_tp1_qpsk_zf_seed12345.cfg,logs/pusch_tp1_qpsk_zf_seed12345.txt
pusch_tp1_qpsk_zf,PUSCH,12345,5,200,ber,0.023798,2.3798e-02,configs/pusch_tp1_qpsk_zf_seed12345.cfg,logs/pusch_tp1_qpsk_zf_seed12345.txt
pusch_tp1_qpsk_zf,PUSCH,12345,5,200,bler,0.295,0.2950,configs/pusch_tp1_qpsk_zf_seed12345.cfg,logs/pusch_tp1_qpsk_zf_seed12345.txt
pusch_tp1_qpsk_zf,PUSCH,12345,10,200,ber,0,0.0000e+00,configs/pusch_tp1_qpsk_zf_seed12345.cfg,logs/pusch_tp1_qpsk_zf_seed12345.txt
pusch_tp1_qpsk_zf,PUSCH,12345,10,200,bler,0,0.0000,configs/pusch_tp1_qpsk_zf_seed12345.cfg,logs/pusch_tp1_qpsk_zf_seed12345.txt
pusch_tp1_qpsk_zf,PUSCH,12345,15,200,ber,0,0.0000e+00,configs/pusch_tp1_qpsk_zf_seed12345.cfg,logs/pusch_tp1_qpsk_zf_seed12345.txt
pusch_tp1_qpsk_zf,PUSCH,12345,15,200,bler,0,0.0000,configs/pusch_tp1_qpsk_zf_seed12345.cfg,logs/pusch_tp1_qpsk_zf_seed12345.txt
pusch_tp1_qpsk_zf,PUSCH,12345,20,200,ber,0,0.0000e+00,configs/pusch_tp1_qpsk_zf_seed12345.cfg,logs/pusch_tp1_qpsk_zf_seed12345.txt
pusch_tp1_qpsk_zf,PUSCH,12345,20,200,bler,0,0.0000,configs/pusch_tp1_qpsk_zf_seed12345.cfg,logs/pusch_tp1_qpsk_zf_seed12345.txt
pusch_tp1_qpsk_zf,PUSCH,67890,-10,200,ber,0.48716,4.8716e-01,configs/pusch_tp1_qpsk_zf_seed67890.cfg,logs/pusch_tp1_qpsk_zf_seed67890.txt
pusch_tp1_qpsk_zf,PUSCH,67890,-10,200,bler,1,1.0000,configs/pusch_tp1_qpsk_zf_seed67890.cfg,logs/pusch_tp1_qpsk_zf_seed67890.txt
pusch_tp1_qpsk_zf,PUSCH,67890,-5,200,ber,0.44702,4.4702e-01,configs/pusch_tp1_qpsk_zf_seed67890.cfg,logs/pusch_tp1_qpsk_zf_seed67890.txt
pusch_tp1_qpsk_zf,PUSCH,67890,-5,200,bler,1,1.0000,configs/pusch_tp1_qpsk_zf_seed67890.cfg,logs/pusch_tp1_qpsk_zf_seed67890.txt
pusch_tp1_qpsk_zf,PUSCH,67890,0,200,ber,0.34567,3.4567e-01,configs/pusch_tp1_qpsk_zf_seed67890.cfg,logs/pusch_tp1_qpsk_zf_seed67890.txt
pusch_tp1_qpsk_zf,PUSCH,67890,0,200,bler,1,1.0000,configs/pusch_tp1_qpsk_zf_seed67890.cfg,logs/pusch_tp1_qpsk_zf_seed67890.txt
pusch_tp1_qpsk_zf,PUSCH,67890,5,200,ber,0.025962,2.5962e-02,configs/pusch_tp1_qpsk_zf_seed67890.cfg,logs/pusch_tp1_qpsk_zf_seed67890.txt
pusch_tp1_qpsk_zf,PUSCH,67890,5,200,bler,0.235,0.2350,configs/pusch_tp1_qpsk_zf_seed67890.cfg,logs/pusch_tp1_qpsk_zf_seed67890.txt
pusch_tp1_qpsk_zf,PUSCH,67890,10,200,ber,0.000096154,9.6154e-05,configs/pusch_tp1_qpsk_zf_seed67890.cfg,logs/pusch_tp1_qpsk_zf_seed67890.txt
pusch_tp1_qpsk_zf,PUSCH,67890,10,200,bler,0.01,0.0100,configs/pusch_tp1_qpsk_zf_seed67890.cfg,logs/pusch_tp1_qpsk_zf_seed67890.txt
pusch_tp1_qpsk_zf,PUSCH,67890,15,200,ber,0,0.0000e+00,configs/pusch_tp1_qpsk_zf_seed67890.cfg,logs/pusch_tp1_qpsk_zf_seed67890.txt
pusch_tp1_qpsk_zf,PUSCH,67890,15,200,bler,0,0.0000,configs/pusch_tp1_qpsk_zf_seed67890.cfg,logs/pusch_tp1_qpsk_zf_seed67890.txt
pusch_tp1_qpsk_zf,PUSCH,67890,20,200,ber,0,0.0000e+00,configs/pusch_tp1_qpsk_zf_seed67890.cfg,logs/pusch_tp1_qpsk_zf_seed67890.txt
pusch_tp1_qpsk_zf,PUSCH,67890,20,200,bler,0,0.0000,configs/pusch_tp1_qpsk_zf_seed67890.cfg,logs/pusch_tp1_qpsk_zf_seed67890.txt
pdsch_dmrs_qpsk_mmse,PDSCH,12345,-10,200,ber,0.45481,4.5481e-01,configs/pdsch_dmrs_qpsk_mmse_seed12345.cfg,logs/pdsch_dmrs_qpsk_mmse_seed12345.txt
pdsch_dmrs_qpsk_mmse,PDSCH,12345,-10,200,bler,1,1.0000,configs/pdsch_dmrs_qpsk_mmse_seed12345.cfg,logs/pdsch_dmrs_qpsk_mmse_seed12345.txt
pdsch_dmrs_qpsk_mmse,PDSCH,12345,-5,200,ber,0.3825,3.8250e-01,configs/pdsch_dmrs_qpsk_mmse_seed12345.cfg,logs/pdsch_dmrs_qpsk_mmse_seed12345.txt
pdsch_dmrs_qpsk_mmse,PDSCH,12345,-5,200,bler,1,1.0000,configs/pdsch_dmrs_qpsk_mmse_seed12345.cfg,logs/pdsch_dmrs_qpsk_mmse_seed12345.txt
pdsch_dmrs_qpsk_mmse,PDSCH,12345,0,200,ber,0.23942,2.3942e-01,configs/pdsch_dmrs_qpsk_mmse_seed12345.cfg,logs/pdsch_dmrs_qpsk_mmse_seed12345.txt
pdsch_dmrs_qpsk_mmse,PDSCH,12345,0,200,bler,1,1.0000,configs/pdsch_dmrs_qpsk_mmse_seed12345.cfg,logs/pdsch_dmrs_qpsk_mmse_seed12345.txt
pdsch_dmrs_qpsk_mmse,PDSCH,12345,5,200,ber,0,0.0000e+00,configs/pdsch_dmrs_qpsk_mmse_seed12345.cfg,logs/pdsch_dmrs_qpsk_mmse_seed12345.txt
pdsch_dmrs_qpsk_mmse,PDSCH,12345,5,200,bler,0,0.0000,configs/pdsch_dmrs_qpsk_mmse_seed12345.cfg,logs/pdsch_dmrs_qpsk_mmse_seed12345.txt
pdsch_dmrs_qpsk_mmse,PDSCH,12345,10,200,ber,0,0.0000e+00,configs/pdsch_dmrs_qpsk_mmse_seed12345.cfg,logs/pdsch_dmrs_qpsk_mmse_seed12345.txt
pdsch_dmrs_qpsk_mmse,PDSCH,12345,10,200,bler,0,0.0000,configs/pdsch_dmrs_qpsk_mmse_seed12345.cfg,logs/pdsch_dmrs_qpsk_mmse_seed12345.txt
pdsch_dmrs_qpsk_mmse,PDSCH,12345,15,200,ber,0,0.0000e+00,configs/pdsch_dmrs_qpsk_mmse_seed12345.cfg,logs/pdsch_dmrs_qpsk_mmse_seed12345.txt
pdsch_dmrs_qpsk_mmse,PDSCH,12345,15,200,bler,0,0.0000,configs/pdsch_dmrs_qpsk_mmse_seed12345.cfg,logs/pdsch_dmrs_qpsk_mmse_seed12345.txt
pdsch_dmrs_qpsk_mmse,PDSCH,12345,20,200,ber,0,0.0000e+00,configs/pdsch_dmrs_qpsk_mmse_seed12345.cfg,logs/pdsch_dmrs_qpsk_mmse_seed12345.txt
pdsch_dmrs_qpsk_mmse,PDSCH,12345,20,200,bler,0,0.0000,configs/pdsch_dmrs_qpsk_mmse_seed12345.cfg,logs/pdsch_dmrs_qpsk_mmse_seed12345.txt
pdsch_dmrs_qpsk_mmse,PDSCH,67890,-10,200,ber,0.46264,4.6264e-01,configs/pdsch_dmrs_qpsk_mmse_seed67890.cfg,logs/pdsch_dmrs_qpsk_mmse_seed67890.txt
pdsch_dmrs_qpsk_mmse,PDSCH,67890,-10,200,bler,1,1.0000,configs/pdsch_dmrs_qpsk_mmse_seed67890.cfg,logs/pdsch_dmrs_qpsk_mmse_seed67890.txt
pdsch_dmrs_qpsk_mmse,PDSCH,67890,-5,200,ber,0.38356,3.8356e-01,configs/pdsch_dmrs_qpsk_mmse_seed67890.cfg,logs/pdsch_dmrs_qpsk_mmse_seed67890.txt
pdsch_dmrs_qpsk_mmse,PDSCH,67890,-5,200,bler,1,1.0000,configs/pdsch_dmrs_qpsk_mmse_seed67890.cfg,logs/pdsch_dmrs_qpsk_mmse_seed67890.txt
pdsch_dmrs_qpsk_mmse,PDSCH,67890,0,200,ber,0.2387,2.3870e-01,configs/pdsch_dmrs_qpsk_mmse_seed67890.cfg,logs/pdsch_dmrs_qpsk_mmse_seed67890.txt
pdsch_dmrs_qpsk_mmse,PDSCH,67890,0,200,bler,1,1.0000,configs/pdsch_dmrs_qpsk_mmse_seed67890.cfg,logs/pdsch_dmrs_qpsk_mmse_seed67890.txt
pdsch_dmrs_qpsk_mmse,PDSCH,67890,5,200,ber,0.000096154,9.6154e-05,configs/pdsch_dmrs_qpsk_mmse_seed67890.cfg,logs/pdsch_dmrs_qpsk_mmse_seed67890.txt
pdsch_dmrs_qpsk_mmse,PDSCH,67890,5,200,bler,0.005,0.0050,configs/pdsch_dmrs_qpsk_mmse_seed67890.cfg,logs/pdsch_dmrs_qpsk_mmse_seed67890.txt
pdsch_dmrs_qpsk_mmse,PDSCH,67890,10,200,ber,0,0.0000e+00,configs/pdsch_dmrs_qpsk_mmse_seed67890.cfg,logs/pdsch_dmrs_qpsk_mmse_seed67890.txt
pdsch_dmrs_qpsk_mmse,PDSCH,67890,10,200,bler,0,0.0000,configs/pdsch_dmrs_qpsk_mmse_seed67890.cfg,logs/pdsch_dmrs_qpsk_mmse_seed67890.txt
pdsch_dmrs_qpsk_mmse,PDSCH,67890,15,200,ber,0,0.0000e+00,configs/pdsch_dmrs_qpsk_mmse_seed67890.cfg,logs/pdsch_dmrs_qpsk_mmse_seed67890.txt
pdsch_dmrs_qpsk_mmse,PDSCH,67890,15,200,bler,0,0.0000,configs/pdsch_dmrs_qpsk_mmse_seed67890.cfg,logs/pdsch_dmrs_qpsk_mmse_seed67890.txt
pdsch_dmrs_qpsk_mmse,PDSCH,67890,20,200,ber,0,0.0000e+00,configs/pdsch_dmrs_qpsk_mmse_seed67890.cfg,logs/pdsch_dmrs_qpsk_mmse_seed67890.txt
pdsch_dmrs_qpsk_mmse,PDSCH,67890,20,200,bler,0,0.0000,configs/pdsch_dmrs_qpsk_mmse_seed67890.cfg,logs/pdsch_dmrs_qpsk_mmse_seed67890.txt
pusch_tp0_qpsk_mmse,PUSCH,12345,-10,200,ber,0.45774,4.5774e-01,configs/pusch_tp0_qpsk_mmse_seed12345.cfg,logs/pusch_tp0_qpsk_mmse_seed12345.txt
pusch_tp0_qpsk_mmse,PUSCH,12345,-10,200,bler,1,1.0000,configs/pusch_tp0_qpsk_mmse_seed12345.cfg,logs/pusch_tp0_qpsk_mmse_seed12345.txt
pusch_tp0_qpsk_mmse,PUSCH,12345,-5,200,ber,0.38135,3.8135e-01,configs/pusch_tp0_qpsk_mmse_seed12345.cfg,logs/pusch_tp0_qpsk_mmse_seed12345.txt
pusch_tp0_qpsk_mmse,PUSCH,12345,-5,200,bler,1,1.0000,configs/pusch_tp0_qpsk_mmse_seed12345.cfg,logs/pusch_tp0_qpsk_mmse_seed12345.txt
pusch_tp0_qpsk_mmse,PUSCH,12345,0,200,ber,0.23447,2.3447e-01,configs/pusch_tp0_qpsk_mmse_seed12345.cfg,logs/pusch_tp0_qpsk_mmse_seed12345.txt
pusch_tp0_qpsk_mmse,PUSCH,12345,0,200,bler,1,1.0000,configs/pusch_tp0_qpsk_mmse_seed12345.cfg,logs/pusch_tp0_qpsk_mmse_seed12345.txt
pusch_tp0_qpsk_mmse,PUSCH,12345,5,200,ber,0.00014423,1.4423e-04,configs/pusch_tp0_qpsk_mmse_seed12345.cfg,logs/pusch_tp0_qpsk_mmse_seed12345.txt
pusch_tp0_qpsk_mmse,PUSCH,12345,5,200,bler,0.015,0.0150,configs/pusch_tp0_qpsk_mmse_seed12345.cfg,logs/pusch_tp0_qpsk_mmse_seed12345.txt
pusch_tp0_qpsk_mmse,PUSCH,12345,10,200,ber,0,0.0000e+00,configs/pusch_tp0_qpsk_mmse_seed12345.cfg,logs/pusch_tp0_qpsk_mmse_seed12345.txt
pusch_tp0_qpsk_mmse,PUSCH,12345,10,200,bler,0,0.0000,configs/pusch_tp0_qpsk_mmse_seed12345.cfg,logs/pusch_tp0_qpsk_mmse_seed12345.txt
pusch_tp0_qpsk_mmse,PUSCH,12345,15,200,ber,0,0.0000e+00,configs/pusch_tp0_qpsk_mmse_seed12345.cfg,logs/pusch_tp0_qpsk_mmse_seed12345.txt
pusch_tp0_qpsk_mmse,PUSCH,12345,15,200,bler,0,0.0000,configs/pusch_tp0_qpsk_mmse_seed12345.cfg,logs/pusch_tp0_qpsk_mmse_seed12345.txt
pusch_tp0_qpsk_mmse,PUSCH,12345,20,200,ber,0,0.0000e+00,configs/pusch_tp0_qpsk_mmse_seed12345.cfg,logs/pusch_tp0_qpsk_mmse_seed12345.txt
pusch_tp0_qpsk_mmse,PUSCH,12345,20,200,bler,0,0.0000,configs/pusch_tp0_qpsk_mmse_seed12345.cfg,logs/pusch_tp0_qpsk_mmse_seed12345.txt
pusch_tp0_qpsk_mmse,PUSCH,67890,-10,200,ber,0.45418,4.5418e-01,configs/pusch_tp0_qpsk_mmse_seed67890.cfg,logs/pusch_tp0_qpsk_mmse_seed67890.txt
pusch_tp0_qpsk_mmse,PUSCH,67890,-10,200,bler,1,1.0000,configs/pusch_tp0_qpsk_mmse_seed67890.cfg,logs/pusch_tp0_qpsk_mmse_seed67890.txt
pusch_tp0_qpsk_mmse,PUSCH,67890,-5,200,ber,0.38885,3.8885e-01,configs/pusch_tp0_qpsk_mmse_seed67890.cfg,logs/pusch_tp0_qpsk_mmse_seed67890.txt
pusch_tp0_qpsk_mmse,PUSCH,67890,-5,200,bler,1,1.0000,configs/pusch_tp0_qpsk_mmse_seed67890.cfg,logs/pusch_tp0_qpsk_mmse_seed67890.txt
pusch_tp0_qpsk_mmse,PUSCH,67890,0,200,ber,0.23279,2.3279e-01,configs/pusch_tp0_qpsk_mmse_seed67890.cfg,logs/pusch_tp0_qpsk_mmse_seed67890.txt
pusch_tp0_qpsk_mmse,PUSCH,67890,0,200,bler,1,1.0000,configs/pusch_tp0_qpsk_mmse_seed67890.cfg,logs/pusch_tp0_qpsk_mmse_seed67890.txt
pusch_tp0_qpsk_mmse,PUSCH,67890,5,200,ber,0.000096154,9.6154e-05,configs/pusch_tp0_qpsk_mmse_seed67890.cfg,logs/pusch_tp0_qpsk_mmse_seed67890.txt
pusch_tp0_qpsk_mmse,PUSCH,67890,5,200,bler,0.02,0.0200,configs/pusch_tp0_qpsk_mmse_seed67890.cfg,logs/pusch_tp0_qpsk_mmse_seed67890.txt
pusch_tp0_qpsk_mmse,PUSCH,67890,10,200,ber,0,0.0000e+00,configs/pusch_tp0_qpsk_mmse_seed67890.cfg,logs/pusch_tp0_qpsk_mmse_seed67890.txt
pusch_tp0_qpsk_mmse,PUSCH,67890,10,200,bler,0,0.0000,configs/pusch_tp0_qpsk_mmse_seed67890.cfg,logs/pusch_tp0_qpsk_mmse_seed67890.txt
pusch_tp0_qpsk_mmse,PUSCH,67890,15,200,ber,0,0.0000e+00,configs/pusch_tp0_qpsk_mmse_seed67890.cfg,logs/pusch_tp0_qpsk_mmse_seed67890.txt
pusch_tp0_qpsk_mmse,PUSCH,67890,15,200,bler,0,0.0000,configs/pusch_tp0_qpsk_mmse_seed67890.cfg,logs/pusch_tp0_qpsk_mmse_seed67890.txt
pusch_tp0_qpsk_mmse,PUSCH,67890,20,200,ber,0,0.0000e+00,configs/pusch_tp0_qpsk_mmse_seed67890.cfg,logs/pusch_tp0_qpsk_mmse_seed67890.txt
pusch_tp0_qpsk_mmse,PUSCH,67890,20,200,bler,0,0.0000,configs/pusch_tp0_qpsk_mmse_seed67890.cfg,logs/pusch_tp0_qpsk_mmse_seed67890.txt
pusch_tp1_qpsk_mmse,PUSCH,12345,-10,200,ber,0.45563,4.5563e-01,configs/pusch_tp1_qpsk_mmse_seed12345.cfg,logs/pusch_tp1_qpsk_mmse_seed12345.txt
pusch_tp1_qpsk_mmse,PUSCH,12345,-10,200,bler,1,1.0000,configs/pusch_tp1_qpsk_mmse_seed12345.cfg,logs/pusch_tp1_qpsk_mmse_seed12345.txt
pusch_tp1_qpsk_mmse,PUSCH,12345,-5,200,ber,0.38707,3.8707e-01,configs/pusch_tp1_qpsk_mmse_seed12345.cfg,logs/pusch_tp1_qpsk_mmse_seed12345.txt
pusch_tp1_qpsk_mmse,PUSCH,12345,-5,200,bler,1,1.0000,configs/pusch_tp1_qpsk_mmse_seed12345.cfg,logs/pusch_tp1_qpsk_mmse_seed12345.txt
pusch_tp1_qpsk_mmse,PUSCH,12345,0,200,ber,0.2451,2.4510e-01,configs/pusch_tp1_qpsk_mmse_seed12345.cfg,logs/pusch_tp1_qpsk_mmse_seed12345.txt
pusch_tp1_qpsk_mmse,PUSCH,12345,0,200,bler,1,1.0000,configs/pusch_tp1_qpsk_mmse_seed12345.cfg,logs/pusch_tp1_qpsk_mmse_seed12345.txt
pusch_tp1_qpsk_mmse,PUSCH,12345,5,200,ber,0.00091346,9.1346e-04,configs/pusch_tp1_qpsk_mmse_seed12345.cfg,logs/pusch_tp1_qpsk_mmse_seed12345.txt
pusch_tp1_qpsk_mmse,PUSCH,12345,5,200,bler,0.055,0.0550,configs/pusch_tp1_qpsk_mmse_seed12345.cfg,logs/pusch_tp1_qpsk_mmse_seed12345.txt
pusch_tp1_qpsk_mmse,PUSCH,12345,10,200,ber,0,0.0000e+00,configs/pusch_tp1_qpsk_mmse_seed12345.cfg,logs/pusch_tp1_qpsk_mmse_seed12345.txt
pusch_tp1_qpsk_mmse,PUSCH,12345,10,200,bler,0,0.0000,configs/pusch_tp1_qpsk_mmse_seed12345.cfg,logs/pusch_tp1_qpsk_mmse_seed12345.txt
pusch_tp1_qpsk_mmse,PUSCH,12345,15,200,ber,0,0.0000e+00,configs/pusch_tp1_qpsk_mmse_seed12345.cfg,logs/pusch_tp1_qpsk_mmse_seed12345.txt
pusch_tp1_qpsk_mmse,PUSCH,12345,15,200,bler,0,0.0000,configs/pusch_tp1_qpsk_mmse_seed12345.cfg,logs/pusch_tp1_qpsk_mmse_seed12345.txt
pusch_tp1_qpsk_mmse,PUSCH,12345,20,200,ber,0,0.0000e+00,configs/pusch_tp1_qpsk_mmse_seed12345.cfg,logs/pusch_tp1_qpsk_mmse_seed12345.txt
pusch_tp1_qpsk_mmse,PUSCH,12345,20,200,bler,0,0.0000,configs/pusch_tp1_qpsk_mmse_seed12345.cfg,logs/pusch_tp1_qpsk_mmse_seed12345.txt
pusch_tp1_qpsk_mmse,PUSCH,67890,-10,200,ber,0.4512,4.5120e-01,configs/pusch_tp1_qpsk_mmse_seed67890.cfg,logs/pusch_tp1_qpsk_mmse_seed67890.txt
pusch_tp1_qpsk_mmse,PUSCH,67890,-10,200,bler,1,1.0000,configs/pusch_tp1_qpsk_mmse_seed67890.cfg,logs/pusch_tp1_qpsk_mmse_seed67890.txt
pusch_tp1_qpsk_mmse,PUSCH,67890,-5,200,ber,0.38529,3.8529e-01,configs/pusch_tp1_qpsk_mmse_seed67890.cfg,logs/pusch_tp1_qpsk_mmse_seed67890.txt
pusch_tp1_qpsk_mmse,PUSCH,67890,-5,200,bler,1,1.0000,configs/pusch_tp1_qpsk_mmse_seed67890.cfg,logs/pusch_tp1_qpsk_mmse_seed67890.txt
pusch_tp1_qpsk_mmse,PUSCH,67890,0,200,ber,0.24399,2.4399e-01,configs/pusch_tp1_qpsk_mmse_seed67890.cfg,logs/pusch_tp1_qpsk_mmse_seed67890.txt
pusch_tp1_qpsk_mmse,PUSCH,67890,0,200,bler,1,1.0000,configs/pusch_tp1_qpsk_mmse_seed67890.cfg,logs/pusch_tp1_qpsk_mmse_seed67890.txt
pusch_tp1_qpsk_mmse,PUSCH,67890,5,200,ber,0.00096154,9.6154e-04,configs/pusch_tp1_qpsk_mmse_seed67890.cfg,logs/pusch_tp1_qpsk_mmse_seed67890.txt
pusch_tp1_qpsk_mmse,PUSCH,67890,5,200,bler,0.05,0.0500,configs/pusch_tp1_qpsk_mmse_seed67890.cfg,logs/pusch_tp1_qpsk_mmse_seed67890.txt
pusch_tp1_qpsk_mmse,PUSCH,67890,10,200,ber,0,0.0000e+00,configs/pusch_tp1_qpsk_mmse_seed67890.cfg,logs/pusch_tp1_qpsk_mmse_seed67890.txt
pusch_tp1_qpsk_mmse,PUSCH,67890,10,200,bler,0,0.0000,configs/pusch_tp1_qpsk_mmse_seed67890.cfg,logs/pusch_tp1_qpsk_mmse_seed67890.txt
pusch_tp1_qpsk_mmse,PUSCH,67890,15,200,ber,0,0.0000e+00,configs/pusch_tp1_qpsk_mmse_seed67890.cfg,logs/pusch_tp1_qpsk_mmse_seed67890.txt
pusch_tp1_qpsk_mmse,PUSCH,67890,15,200,bler,0,0.0000,configs/pusch_tp1_qpsk_mmse_seed67890.cfg,logs/pusch_tp1_qpsk_mmse_seed67890.txt
pusch_tp1_qpsk_mmse,PUSCH,67890,20,200,ber,0,0.0000e+00,configs/pusch_tp1_qpsk_mmse_seed67890.cfg,logs/pusch_tp1_qpsk_mmse_seed67890.txt
pusch_tp1_qpsk_mmse,PUSCH,67890,20,200,bler,0,0.0000,configs/pusch_tp1_qpsk_mmse_seed67890.cfg,logs/pusch_tp1_qpsk_mmse_seed67890.txt
ber_qpsk,BER,12345,-10,200,ber,0.37586,3.7586e-01,configs/ber_qpsk_seed12345.cfg,logs/ber_qpsk_seed12345.txt
ber_qpsk,BER,12345,-10,200,bler,1,1.0000,configs/ber_qpsk_seed12345.cfg,logs/ber_qpsk_seed12345.txt
ber_qpsk,BER,12345,-5,200,ber,0.28862,2.8862e-01,configs/ber_qpsk_seed12345.cfg,logs/ber_qpsk_seed12345.txt
ber_qpsk,BER,12345,-5,200,bler,1,1.0000,configs/ber_qpsk_seed12345.cfg,logs/ber_qpsk_seed12345.txt
ber_qpsk,BER,12345,0,200,ber,0.15837,1.5837e-01,configs/ber_qpsk_seed12345.cfg,logs/ber_qpsk_seed12345.txt
ber_qpsk,BER,12345,0,200,bler,1,1.0000,configs/ber_qpsk_seed12345.cfg,logs/ber_qpsk_seed12345.txt
ber_qpsk,BER,12345,5,200,ber,0.03775,3.7750e-02,configs/ber_qpsk_seed12345.cfg,logs/ber_qpsk_seed12345.txt
ber_qpsk,BER,12345,5,200,bler,1,1.0000,configs/ber_qpsk_seed12345.cfg,logs/ber_qpsk_seed12345.txt
ber_qpsk,BER,12345,10,200,ber,0.00086,8.6000e-04,configs/ber_qpsk_seed12345.cfg,logs/ber_qpsk_seed12345.txt
ber_qpsk,BER,12345,10,200,bler,0.615,0.6150,configs/ber_qpsk_seed12345.cfg,logs/ber_qpsk_seed12345.txt
ber_qpsk,BER,12345,15,200,ber,0,0.0000e+00,configs/ber_qpsk_seed12345.cfg,logs/ber_qpsk_seed12345.txt
ber_qpsk,BER,12345,15,200,bler,0,0.0000,configs/ber_qpsk_seed12345.cfg,logs/ber_qpsk_seed12345.txt
ber_qpsk,BER,12345,20,200,ber,0,0.0000e+00,configs/ber_qpsk_seed12345.cfg,logs/ber_qpsk_seed12345.txt
ber_qpsk,BER,12345,20,200,bler,0,0.0000,configs/ber_qpsk_seed12345.cfg,logs/ber_qpsk_seed12345.txt
ber_qpsk,BER,67890,-10,200,ber,0.3751,3.7510e-01,configs/ber_qpsk_seed67890.cfg,logs/ber_qpsk_seed67890.txt
ber_qpsk,BER,67890,-10,200,bler,1,1.0000,configs/ber_qpsk_seed67890.cfg,logs/ber_qpsk_seed67890.txt
ber_qpsk,BER,67890,-5,200,ber,0.28839,2.8839e-01,configs/ber_qpsk_seed67890.cfg,logs/ber_qpsk_seed67890.txt
ber_qpsk,BER,67890,-5,200,bler,1,1.0000,configs/ber_qpsk_seed67890.cfg,logs/ber_qpsk_seed67890.txt
ber_qpsk,BER,67890,0,200,ber,0.15763,1.5763e-01,configs/ber_qpsk_seed67890.cfg,logs/ber_qpsk_seed67890.txt
ber_qpsk,BER,67890,0,200,bler,1,1.0000,configs/ber_qpsk_seed67890.cfg,logs/ber_qpsk_seed67890.txt
ber_qpsk,BER,67890,5,200,ber,0.03802,3.8020e-02,configs/ber_qpsk_seed67890.cfg,logs/ber_qpsk_seed67890.txt
ber_qpsk,BER,67890,5,200,bler,1,1.0000,configs/ber_qpsk_seed67890.cfg,logs/ber_qpsk_seed67890.txt
ber_qpsk,BER,67890,10,200,ber,0.000755,7.5500e-04,configs/ber_qpsk_seed67890.cfg,logs/ber_qpsk_seed67890.txt
ber_qpsk,BER,67890,10,200,bler,0.515,0.5150,configs/ber_qpsk_seed67890.cfg,logs/ber_qpsk_seed67890.txt
ber_qpsk,BER,67890,15,200,ber,0,0.0000e+00,configs/ber_qpsk_seed67890.cfg,logs/ber_qpsk_seed67890.txt
ber_qpsk,BER,67890,15,200,bler,0,0.0000,configs/ber_qpsk_seed67890.cfg,logs/ber_qpsk_seed67890.txt
ber_qpsk,BER,67890,20,200,ber,0,0.0000e+00,configs/ber_qpsk_seed67890.cfg,logs/ber_qpsk_seed67890.txt
ber_qpsk,BER,67890,20,200,bler,0,0.0000,configs/ber_qpsk_seed67890.cfg,logs/ber_qpsk_seed67890.txt
pdsch_coded_16qam,PDSCH,12345,-10,200,ber,0.4409,4.4090e-01,configs/pdsch_coded_16qam_seed12345.cfg,logs/pdsch_coded_16qam_seed12345.txt
pdsch_coded_16qam,PDSCH,12345,-10,200,bler,1,1.0000,configs/pdsch_coded_16qam_seed12345.cfg,logs/pdsch_coded_16qam_seed12345.txt
pdsch_coded_16qam,PDSCH,12345,-5,200,ber,0.38779,3.8779e-01,configs/pdsch_coded_16qam_seed12345.cfg,logs/pdsch_coded_16qam_seed12345.txt
pdsch_coded_16qam,PDSCH,12345,-5,200,bler,1,1.0000,configs/pdsch_coded_16qam_seed12345.cfg,logs/pdsch_coded_16qam_seed12345.txt
pdsch_coded_16qam,PDSCH,12345,0,200,ber,0.27867,2.7867e-01,configs/pdsch_coded_16qam_seed12345.cfg,logs/pdsch_coded_16qam_seed12345.txt
pdsch_coded_16qam,PDSCH,12345,0,200,bler,1,1.0000,configs/pdsch_coded_16qam_seed12345.cfg,logs/pdsch_coded_16qam_seed12345.txt
pdsch_coded_16qam,PDSCH,12345,5,200,ber,0.0054492,5.4492e-03,configs/pdsch_coded_16qam_seed12345.cfg,logs/pdsch_coded_16qam_seed12345.txt
pdsch_coded_16qam,PDSCH,12345,5,200,bler,0.07,0.0700,configs/pdsch_coded_16qam_seed12345.cfg,logs/pdsch_coded_16qam_seed12345.txt
pdsch_coded_16qam,PDSCH,12345,10,200,ber,0,0.0000e+00,configs/pdsch_coded_16qam_seed12345.cfg,logs/pdsch_coded_16qam_seed12345.txt
pdsch_coded_16qam,PDSCH,12345,10,200,bler,0,0.0000,configs/pdsch_coded_16qam_seed12345.cfg,logs/pdsch_coded_16qam_seed12345.txt
pdsch_coded_16qam,PDSCH,12345,15,200,ber,0,0.0000e+00,configs/pdsch_coded_16qam_seed12345.cfg,logs/pdsch_coded_16qam_seed12345.txt
pdsch_coded_16qam,PDSCH,12345,15,200,bler,0,0.0000,configs/pdsch_coded_16qam_seed12345.cfg,logs/pdsch_coded_16qam_seed12345.txt
pdsch_coded_16qam,PDSCH,12345,20,200,ber,0,0.0000e+00,configs/pdsch_coded_16qam_seed12345.cfg,logs/pdsch_coded_16qam_seed12345.txt
pdsch_coded_16qam,PDSCH,12345,20,200,bler,0,0.0000,configs/pdsch_coded_16qam_seed12345.cfg,logs/pdsch_coded_16qam_seed12345.txt
pdsch_coded_16qam,PDSCH,67890,-10,200,ber,0.44301,4.4301e-01,configs/pdsch_coded_16qam_seed67890.cfg,logs/pdsch_coded_16qam_seed67890.txt
pdsch_coded_16qam,PDSCH,67890,-10,200,bler,1,1.0000,configs/pdsch_coded_16qam_seed67890.cfg,logs/pdsch_coded_16qam_seed67890.txt
pdsch_coded_16qam,PDSCH,67890,-5,200,ber,0.38268,3.8268e-01,configs/pdsch_coded_16qam_seed67890.cfg,logs/pdsch_coded_16qam_seed67890.txt
pdsch_coded_16qam,PDSCH,67890,-5,200,bler,1,1.0000,configs/pdsch_coded_16qam_seed67890.cfg,logs/pdsch_coded_16qam_seed67890.txt
pdsch_coded_16qam,PDSCH,67890,0,200,ber,0.27451,2.7451e-01,configs/pdsch_coded_16qam_seed67890.cfg,logs/pdsch_coded_16qam_seed67890.txt
pdsch_coded_16qam,PDSCH,67890,0,200,bler,1,1.0000,configs/pdsch_coded_16qam_seed67890.cfg,logs/pdsch_coded_16qam_seed67890.txt
pdsch_coded_16qam,PDSCH,67890,5,200,ber,0.0050781,5.0781e-03,configs/pdsch_coded_16qam_seed67890.cfg,logs/pdsch_coded_16qam_seed67890.txt
pdsch_coded_16qam,PDSCH,67890,5,200,bler,0.075,0.0750,configs/pdsch_coded_16qam_seed67890.cfg,logs/pdsch_coded_16qam_seed67890.txt
pdsch_coded_16qam,PDSCH,67890,10,200,ber,0,0.0000e+00,configs/pdsch_coded_16qam_seed67890.cfg,logs/pdsch_coded_16qam_seed67890.txt
pdsch_coded_16qam,PDSCH,67890,10,200,bler,0,0.0000,configs/pdsch_coded_16qam_seed67890.cfg,logs/pdsch_coded_16qam_seed67890.txt
pdsch_coded_16qam,PDSCH,67890,15,200,ber,0,0.0000e+00,configs/pdsch_coded_16qam_seed67890.cfg,logs/pdsch_coded_16qam_seed67890.txt
pdsch_coded_16qam,PDSCH,67890,15,200,bler,0,0.0000,configs/pdsch_coded_16qam_seed67890.cfg,logs/pdsch_coded_16qam_seed67890.txt
pdsch_coded_16qam,PDSCH,67890,20,200,ber,0,0.0000e+00,configs/pdsch_coded_16qam_seed67890.cfg,logs/pdsch_coded_16qam_seed67890.txt
pdsch_coded_16qam,PDSCH,67890,20,200,bler,0,0.0000,configs/pdsch_coded_16qam_seed67890.cfg,logs/pdsch_coded_16qam_seed67890.txt
pdsch_dmrs_16qam_zf,PDSCH,12345,-10,200,ber,0.47601,4.7601e-01,configs/pdsch_dmrs_16qam_zf_seed12345.cfg,logs/pdsch_dmrs_16qam_zf_seed12345.txt
pdsch_dmrs_16qam_zf,PDSCH,12345,-10,200,bler,1,1.0000,configs/pdsch_dmrs_16qam_zf_seed12345.cfg,logs/pdsch_dmrs_16qam_zf_seed12345.txt
pdsch_dmrs_16qam_zf,PDSCH,12345,-5,200,ber,0.43375,4.3375e-01,configs/pdsch_dmrs_16qam_zf_seed12345.cfg,logs/pdsch_dmrs_16qam_zf_seed12345.txt
pdsch_dmrs_16qam_zf,PDSCH,12345,-5,200,bler,1,1.0000,configs/pdsch_dmrs_16qam_zf_seed12345.cfg,logs/pdsch_dmrs_16qam_zf_seed12345.txt
pdsch_dmrs_16qam_zf,PDSCH,12345,0,200,ber,0.34818,3.4818e-01,configs/pdsch_dmrs_16qam_zf_seed12345.cfg,logs/pdsch_dmrs_16qam_zf_seed12345.txt
pdsch_dmrs_16qam_zf,PDSCH,12345,0,200,bler,1,1.0000,configs/pdsch_dmrs_16qam_zf_seed12345.cfg,logs/pdsch_dmrs_16qam_zf_seed12345.txt
pdsch_dmrs_16qam_zf,PDSCH,12345,5,200,ber,0.21647,2.1647e-01,configs/pdsch_dmrs_16qam_zf_seed12345.cfg,logs/pdsch_dmrs_16qam_zf_seed12345.txt
pdsch_dmrs_16qam_zf,PDSCH,12345,5,200,bler,0.99,0.9900,configs/pdsch_dmrs_16qam_zf_seed12345.cfg,logs/pdsch_dmrs_16qam_zf_seed12345.txt
pdsch_dmrs_16qam_zf,PDSCH,12345,10,200,ber,0.0001087,1.0870e-04,configs/pdsch_dmrs_16qam_zf_seed12345.cfg,logs/pdsch_dmrs_16qam_zf_seed12345.txt
pdsch_dmrs_16qam_zf,PDSCH,12345,10,200,bler,0.01,0.0100,configs/pdsch_dmrs_16qam_zf_seed12345.cfg,logs/pdsch_dmrs_16qam_zf_seed12345.txt
pdsch_dmrs_16qam_zf,PDSCH,12345,15,200,ber,0,0.0000e+00,configs/pdsch_dmrs_16qam_zf_seed12345.cfg,logs/pdsch_dmrs_16qam_zf_seed12345.txt
pdsch_dmrs_16qam_zf,PDSCH,12345,15,200,bler,0,0.0000,configs/pdsch_dmrs_16qam_zf_seed12345.cfg,logs/pdsch_dmrs_16qam_zf_seed12345.txt
pdsch_dmrs_16qam_zf,PDSCH,12345,20,200,ber,0,0.0000e+00,configs/pdsch_dmrs_16qam_zf_seed12345.cfg,logs/pdsch_dmrs_16qam_zf_seed12345.txt
pdsch_dmrs_16qam_zf,PDSCH,12345,20,200,bler,0,0.0000,configs/pdsch_dmrs_16qam_zf_seed12345.cfg,logs/pdsch_dmrs_16qam_zf_seed12345.txt
pdsch_dmrs_16qam_zf,PDSCH,67890,-10,200,ber,0.47435,4.7435e-01,configs/pdsch_dmrs_16qam_zf_seed67890.cfg,logs/pdsch_dmrs_16qam_zf_seed67890.txt
pdsch_dmrs_16qam_zf,PDSCH,67890,-10,200,bler,1,1.0000,configs/pdsch_dmrs_16qam_zf_seed67890.cfg,logs/pdsch_dmrs_16qam_zf_seed67890.txt
pdsch_dmrs_16qam_zf,PDSCH,67890,-5,200,ber,0.43274,4.3274e-01,configs/pdsch_dmrs_16qam_zf_seed67890.cfg,logs/pdsch_dmrs_16qam_zf_seed67890.txt
pdsch_dmrs_16qam_zf,PDSCH,67890,-5,200,bler,1,1.0000,configs/pdsch_dmrs_16qam_zf_seed67890.cfg,logs/pdsch_dmrs_16qam_zf_seed67890.txt
pdsch_dmrs_16qam_zf,PDSCH,67890,0,200,ber,0.35122,3.5122e-01,configs/pdsch_dmrs_16qam_zf_seed67890.cfg,logs/pdsch_dmrs_16qam_zf_seed67890.txt
pdsch_dmrs_16qam_zf,PDSCH,67890,0,200,bler,1,1.0000,configs/pdsch_dmrs_16qam_zf_seed67890.cfg,logs/pdsch_dmrs_16qam_zf_seed67890.txt
pdsch_dmrs_16qam_zf,PDSCH,67890,5,200,ber,0.21092,2.1092e-01,configs/pdsch_dmrs_16qam_zf_seed67890.cfg,logs/pdsch_dmrs_16qam_zf_seed67890.txt
pdsch_dmrs_16qam_zf,PDSCH,67890,5,200,bler,0.965,0.9650,configs/pdsch_dmrs_16qam_zf_seed67890.cfg,logs/pdsch_dmrs_16qam_zf_seed67890.txt
pdsch_dmrs_16qam_zf,PDSCH,67890,10,200,ber,0.0001087,1.0870e-04,configs/pdsch_dmrs_16qam_zf_seed67890.cfg,logs/pdsch_dmrs_16qam_zf_seed67890.txt
pdsch_dmrs_16qam_zf,PDSCH,67890,10,200,bler,0.02,0.0200,configs/pdsch_dmrs_16qam_zf_seed67890.cfg,logs/pdsch_dmrs_16qam_zf_seed67890.txt
pdsch_dmrs_16qam_zf,PDSCH,67890,15,200,ber,0.000027174,2.7174e-05,configs/pdsch_dmrs_16qam_zf_seed67890.cfg,logs/pdsch_dmrs_16qam_zf_seed67890.txt
pdsch_dmrs_16qam_zf,PDSCH,67890,15,200,bler,0.005,0.0050,configs/pdsch_dmrs_16qam_zf_seed67890.cfg,logs/pdsch_dmrs_16qam_zf_seed67890.txt
pdsch_dmrs_16qam_zf,PDSCH,67890,20,200,ber,0,0.0000e+00,configs/pdsch_dmrs_16qam_zf_seed67890.cfg,logs/pdsch_dmrs_16qam_zf_seed67890.txt
pdsch_dmrs_16qam_zf,PDSCH,67890,20,200,bler,0,0.0000,configs/pdsch_dmrs_16qam_zf_seed67890.cfg,logs/pdsch_dmrs_16qam_zf_seed67890.txt
pusch_tp0_16qam_zf,PUSCH,12345,-10,200,ber,0.47476,4.7476e-01,configs/pusch_tp0_16qam_zf_seed12345.cfg,logs/pusch_tp0_16qam_zf_seed12345.txt
pusch_tp0_16qam_zf,PUSCH,12345,-10,200,bler,1,1.0000,configs/pusch_tp0_16qam_zf_seed12345.cfg,logs/pusch_tp0_16qam_zf_seed12345.txt
pusch_tp0_16qam_zf,PUSCH,12345,-5,200,ber,0.43859,4.3859e-01,configs/pusch_tp0_16qam_zf_seed12345.cfg,logs/pusch_tp0_16qam_zf_seed12345.txt
pusch_tp0_16qam_zf,PUSCH,12345,-5,200,bler,1,1.0000,configs/pusch_tp0_16qam_zf_seed12345.cfg,logs/pusch_tp0_16qam_zf_seed12345.txt
pusch_tp0_16qam_zf,PUSCH,12345,0,200,ber,0.35005,3.5005e-01,configs/pusch_tp0_16qam_zf_seed12345.cfg,logs/pusch_tp0_16qam_zf_seed12345.txt
pusch_tp0_16qam_zf,PUSCH,12345,0,200,bler,1,1.0000,configs/pusch_tp0_16qam_zf_seed12345.cfg,logs/pusch_tp0_16qam_zf_seed12345.txt
pusch_tp0_16qam_zf,PUSCH,12345,5,200,ber,0.21228,2.1228e-01,configs/pusch_tp0_16qam_zf_seed12345.cfg,logs/pusch_tp0_16qam_zf_seed12345.txt
pusch_tp0_16qam_zf,PUSCH,12345,5,200,bler,0.985,0.9850,configs/pusch_tp0_16qam_zf_seed12345.cfg,logs/pusch_tp0_16qam_zf_seed12345.txt
pusch_tp0_16qam_zf,PUSCH,12345,10,200,ber,0.000027174,2.7174e-05,configs/pusch_tp0_16qam_zf_seed12345.cfg,logs/pusch_tp0_16qam_zf_seed12345.txt
pusch_tp0_16qam_zf,PUSCH,12345,10,200,bler,0.005,0.0050,configs/pusch_tp0_16qam_zf_seed12345.cfg,logs/pusch_tp0_16qam_zf_seed12345.txt
pusch_tp0_16qam_zf,PUSCH,12345,15,200,ber,0,0.0000e+00,configs/pusch_tp0_16qam_zf_seed12345.cfg,logs/pusch_tp0_16qam_zf_seed12345.txt
pusch_tp0_16qam_zf,PUSCH,12345,15,200,bler,0,0.0000,configs/pusch_tp0_16qam_zf_seed12345.cfg,logs/pusch_tp0_16qam_zf_seed12345.txt
pusch_tp0_16qam_zf,PUSCH,12345,20,200,ber,0,0.0000e+00,configs/pusch_tp0_16qam_zf_seed12345.cfg,logs/pusch_tp0_16qam_zf_seed12345.txt
pusch_tp0_16qam_zf,PUSCH,12345,20,200,bler,0,0.0000,configs/pusch_tp0_16qam_zf_seed12345.cfg,logs/pusch_tp0_16qam_zf_seed12345.txt
pusch_tp0_16qam_zf,PUSCH,67890,-10,200,ber,0.47307,4.7307e-01,configs/pusch_tp0_16qam_zf_seed67890.cfg,logs/pusch_tp0_16qam_zf_seed67890.txt
pusch_tp0_16qam_zf,PUSCH,67890,-10,200,bler,1,1.0000,configs/pusch_tp0_16qam_zf_seed67890.cfg,logs/pusch_tp0_16qam_zf_seed67890.txt
pusch_tp0_16qam_zf,PUSCH,67890,-5,200,ber,0.43375,4.3375e-01,configs/pusch_tp0_16qam_zf_seed67890.cfg,logs/pusch_tp0_16qam_zf_seed67890.txt
pusch_tp0_16qam_zf,PUSCH,67890,-5,200,bler,1,1.0000,configs/pusch_tp0_16qam_zf_seed67890.cfg,logs/pusch_tp0_16qam_zf_seed67890.txt
pusch_tp0_16qam_zf,PUSCH,67890,0,200,ber,0.3528,3.5280e-01,configs/pusch_tp0_16qam_zf_seed67890.cfg,logs/pusch_tp0_16qam_zf_seed67890.txt
pusch_tp0_16qam_zf,PUSCH,67890,0,200,bler,1,1.0000,configs/pusch_tp0_16qam_zf_seed67890.cfg,logs/pusch_tp0_16qam_zf_seed67890.txt
pusch_tp0_16qam_zf,PUSCH,67890,5,200,ber,0.20913,2.0913e-01,configs/pusch_tp0_16qam_zf_seed67890.cfg,logs/pusch_tp0_16qam_zf_seed67890.txt
pusch_tp0_16qam_zf,PUSCH,67890,5,200,bler,0.97,0.9700,configs/pusch_tp0_16qam_zf_seed67890.cfg,logs/pusch_tp0_16qam_zf_seed67890.txt
pusch_tp0_16qam_zf,PUSCH,67890,10,200,ber,0.00024457,2.4457e-04,configs/pusch_tp0_16qam_zf_seed67890.cfg,logs/pusch_tp0_16qam_zf_seed67890.txt
pusch_tp0_16qam_zf,PUSCH,67890,10,200,bler,0.025,0.0250,configs/pusch_tp0_16qam_zf_seed67890.cfg,logs/pusch_tp0_16qam_zf_seed67890.txt
pusch_tp0_16qam_zf,PUSCH,67890,15,200,ber,0,0.0000e+00,configs/pusch_tp0_16qam_zf_seed67890.cfg,logs/pusch_tp0_16qam_zf_seed67890.txt
pusch_tp0_16qam_zf,PUSCH,67890,15,200,bler,0,0.0000,configs/pusch_tp0_16qam_zf_seed67890.cfg,logs/pusch_tp0_16qam_zf_seed67890.txt
pusch_tp0_16qam_zf,PUSCH,67890,20,200,ber,0,0.0000e+00,configs/pusch_tp0_16qam_zf_seed67890.cfg,logs/pusch_tp0_16qam_zf_seed67890.txt
pusch_tp0_16qam_zf,PUSCH,67890,20,200,bler,0,0.0000,configs/pusch_tp0_16qam_zf_seed67890.cfg,logs/pusch_tp0_16qam_zf_seed67890.txt
pusch_tp1_16qam_zf,PUSCH,12345,-10,200,ber,0.48723,4.8723e-01,configs/pusch_tp1_16qam_zf_seed12345.cfg,logs/pusch_tp1_16qam_zf_seed12345.txt
pusch_tp1_16qam_zf,PUSCH,12345,-10,200,bler,1,1.0000,configs/pusch_tp1_16qam_zf_seed12345.cfg,logs/pusch_tp1_16qam_zf_seed12345.txt
pusch_tp1_16qam_zf,PUSCH,12345,-5,200,ber,0.47065,4.7065e-01,configs/pusch_tp1_16qam_zf_seed12345.cfg,logs/pusch_tp1_16qam_zf_seed12345.txt
pusch_tp1_16qam_zf,PUSCH,12345,-5,200,bler,1,1.0000,configs/pusch_tp1_16qam_zf_seed12345.cfg,logs/pusch_tp1_16qam_zf_seed12345.txt
pusch_tp1_16qam_zf,PUSCH,12345,0,200,ber,0.41791,4.1791e-01,configs/pusch_tp1_16qam_zf_seed12345.cfg,logs/pusch_tp1_16qam_zf_seed12345.txt
pusch_tp1_16qam_zf,PUSCH,12345,0,200,bler,1,1.0000,configs/pusch_tp1_16qam_zf_seed12345.cfg,logs/pusch_tp1_16qam_zf_seed12345.txt
pusch_tp1_16qam_zf,PUSCH,12345,5,200,ber,0.25543,2.5543e-01,configs/pusch_tp1_16qam_zf_seed12345.cfg,logs/pusch_tp1_16qam_zf_seed12345.txt
pusch_tp1_16qam_zf,PUSCH,12345,5,200,bler,1,1.0000,configs/pusch_tp1_16qam_zf_seed12345.cfg,logs/pusch_tp1_16qam_zf_seed12345.txt
pusch_tp1_16qam_zf,PUSCH,12345,10,200,ber,0,0.0000e+00,configs/pusch_tp1_16qam_zf_seed12345.cfg,logs/pusch_tp1_16qam_zf_seed12345.txt
pusch_tp1_16qam_zf,PUSCH,12345,10,200,bler,0,0.0000,configs/pusch_tp1_16qam_zf_seed12345.cfg,logs/pusch_tp1_16qam_zf_seed12345.txt
pusch_tp1_16qam_zf,PUSCH,12345,15,200,ber,0.000027174,2.7174e-05,configs/pusch_tp1_16qam_zf_seed12345.cfg,logs/pusch_tp1_16qam_zf_seed12345.txt
pusch_tp1_16qam_zf,PUSCH,12345,15,200,bler,0.005,0.0050,configs/pusch_tp1_16qam_zf_seed12345.cfg,logs/pusch_tp1_16qam_zf_seed12345.txt
pusch_tp1_16qam_zf,PUSCH,12345,20,200,ber,0,0.0000e+00,configs/pusch_tp1_16qam_zf_seed12345.cfg,logs/pusch_tp1_16qam_zf_seed12345.txt
pusch_tp1_16qam_zf,PUSCH,12345,20,200,bler,0,0.0000,configs/pusch_tp1_16qam_zf_seed12345.cfg,logs/pusch_tp1_16qam_zf_seed12345.txt
pusch_tp1_16qam_zf,PUSCH,67890,-10,200,ber,0.4925,4.9250e-01,configs/pusch_tp1_16qam_zf_seed67890.cfg,logs/pusch_tp1_16qam_zf_seed67890.txt
pusch_tp1_16qam_zf,PUSCH,67890,-10,200,bler,1,1.0000,configs/pusch_tp1_16qam_zf_seed67890.cfg,logs/pusch_tp1_16qam_zf_seed67890.txt
pusch_tp1_16qam_zf,PUSCH,67890,-5,200,ber,0.47082,4.7082e-01,configs/pusch_tp1_16qam_zf_seed67890.cfg,logs/pusch_tp1_16qam_zf_seed67890.txt
pusch_tp1_16qam_zf,PUSCH,67890,-5,200,bler,1,1.0000,configs/pusch_tp1_16qam_zf_seed67890.cfg,logs/pusch_tp1_16qam_zf_seed67890.txt
pusch_tp1_16qam_zf,PUSCH,67890,0,200,ber,0.4138,4.1380e-01,configs/pusch_tp1_16qam_zf_seed67890.cfg,logs/pusch_tp1_16qam_zf_seed67890.txt
pusch_tp1_16qam_zf,PUSCH,67890,0,200,bler,1,1.0000,configs/pusch_tp1_16qam_zf_seed67890.cfg,logs/pusch_tp1_16qam_zf_seed67890.txt
pusch_tp1_16qam_zf,PUSCH,67890,5,200,ber,0.25367,2.5367e-01,configs/pusch_tp1_16qam_zf_seed67890.cfg,logs/pusch_tp1_16qam_zf_seed67890.txt
pusch_tp1_16qam_zf,PUSCH,67890,5,200,bler,1,1.0000,configs/pusch_tp1_16qam_zf_seed67890.cfg,logs/pusch_tp1_16qam_zf_seed67890.txt
pusch_tp1_16qam_zf,PUSCH,67890,10,200,ber,0,0.0000e+00,configs/pusch_tp1_16qam_zf_seed67890.cfg,logs/pusch_tp1_16qam_zf_seed67890.txt
pusch_tp1_16qam_zf,PUSCH,67890,10,200,bler,0.005,0.0050,configs/pusch_tp1_16qam_zf_seed67890.cfg,logs/pusch_tp1_16qam_zf_seed67890.txt
pusch_tp1_16qam_zf,PUSCH,67890,15,200,ber,0,0.0000e+00,configs/pusch_tp1_16qam_zf_seed67890.cfg,logs/pusch_tp1_16qam_zf_seed67890.txt
pusch_tp1_16qam_zf,PUSCH,67890,15,200,bler,0,0.0000,configs/pusch_tp1_16qam_zf_seed67890.cfg,logs/pusch_tp1_16qam_zf_seed67890.txt
pusch_tp1_16qam_zf,PUSCH,67890,20,200,ber,0,0.0000e+00,configs/pusch_tp1_16qam_zf_seed67890.cfg,logs/pusch_tp1_16qam_zf_seed67890.txt
pusch_tp1_16qam_zf,PUSCH,67890,20,200,bler,0,0.0000,configs/pusch_tp1_16qam_zf_seed67890.cfg,logs/pusch_tp1_16qam_zf_seed67890.txt
pdsch_dmrs_16qam_mmse,PDSCH,12345,-10,200,ber,0.47413,4.7413e-01,configs/pdsch_dmrs_16qam_mmse_seed12345.cfg,logs/pdsch_dmrs_16qam_mmse_seed12345.txt
pdsch_dmrs_16qam_mmse,PDSCH,12345,-10,200,bler,1,1.0000,configs/pdsch_dmrs_16qam_mmse_seed12345.cfg,logs/pdsch_dmrs_16qam_mmse_seed12345.txt
pdsch_dmrs_16qam_mmse,PDSCH,12345,-5,200,ber,0.43122,4.3122e-01,configs/pdsch_dmrs_16qam_mmse_seed12345.cfg,logs/pdsch_dmrs_16qam_mmse_seed12345.txt
pdsch_dmrs_16qam_mmse,PDSCH,12345,-5,200,bler,1,1.0000,configs/pdsch_dmrs_16qam_mmse_seed12345.cfg,logs/pdsch_dmrs_16qam_mmse_seed12345.txt
pdsch_dmrs_16qam_mmse,PDSCH,12345,0,200,ber,0.3409,3.4090e-01,configs/pdsch_dmrs_16qam_mmse_seed12345.cfg,logs/pdsch_dmrs_16qam_mmse_seed12345.txt
pdsch_dmrs_16qam_mmse,PDSCH,12345,0,200,bler,1,1.0000,configs/pdsch_dmrs_16qam_mmse_seed12345.cfg,logs/pdsch_dmrs_16qam_mmse_seed12345.txt
pdsch_dmrs_16qam_mmse,PDSCH,12345,5,200,ber,0.19571,1.9571e-01,configs/pdsch_dmrs_16qam_mmse_seed12345.cfg,logs/pdsch_dmrs_16qam_mmse_seed12345.txt
pdsch_dmrs_16qam_mmse,PDSCH,12345,5,200,bler,0.98,0.9800,configs/pdsch_dmrs_16qam_mmse_seed12345.cfg,logs/pdsch_dmrs_16qam_mmse_seed12345.txt
pdsch_dmrs_16qam_mmse,PDSCH,12345,10,200,ber,0.000081522,8.1522e-05,configs/pdsch_dmrs_16qam_mmse_seed12345.cfg,logs/pdsch_dmrs_16qam_mmse_seed12345.txt
pdsch_dmrs_16qam_mmse,PDSCH,12345,10,200,bler,0.005,0.0050,configs/pdsch_dmrs_16qam_mmse_seed12345.cfg,logs/pdsch_dmrs_16qam_mmse_seed12345.txt
pdsch_dmrs_16qam_mmse,PDSCH,12345,15,200,ber,0,0.0000e+00,configs/pdsch_dmrs_16qam_mmse_seed12345.cfg,logs/pdsch_dmrs_16qam_mmse_seed12345.txt
pdsch_dmrs_16qam_mmse,PDSCH,12345,15,200,bler,0,0.0000,configs/pdsch_dmrs_16qam_mmse_seed12345.cfg,logs/pdsch_dmrs_16qam_mmse_seed12345.txt
pdsch_dmrs_16qam_mmse,PDSCH,12345,20,200,ber,0,0.0000e+00,configs/pdsch_dmrs_16qam_mmse_seed12345.cfg,logs/pdsch_dmrs_16qam_mmse_seed12345.txt
pdsch_dmrs_16qam_mmse,PDSCH,12345,20,200,bler,0,0.0000,configs/pdsch_dmrs_16qam_mmse_seed12345.cfg,logs/pdsch_dmrs_16qam_mmse_seed12345.txt
pdsch_dmrs_16qam_mmse,PDSCH,67890,-10,200,ber,0.47139,4.7139e-01,configs/pdsch_dmrs_16qam_mmse_seed67890.cfg,logs/pdsch_dmrs_16qam_mmse_seed67890.txt
pdsch_dmrs_16qam_mmse,PDSCH,67890,-10,200,bler,1,1.0000,configs/pdsch_dmrs_16qam_mmse_seed67890.cfg,logs/pdsch_dmrs_16qam_mmse_seed67890.txt
pdsch_dmrs_16qam_mmse,PDSCH,67890,-5,200,ber,0.42872,4.2872e-01,configs/pdsch_dmrs_16qam_mmse_seed67890.cfg,logs/pdsch_dmrs_16qam_mmse_seed67890.txt
pdsch_dmrs_16qam_mmse,PDSCH,67890,-5,200,bler,1,1.0000,configs/pdsch_dmrs_16qam_mmse_seed67890.cfg,logs/pdsch_dmrs_16qam_mmse_seed67890.txt
pdsch_dmrs_16qam_mmse,PDSCH,67890,0,200,ber,0.33984,3.3984e-01,configs/pdsch_dmrs_16qam_mmse_seed67890.cfg,logs/pdsch_dmrs_16qam_mmse_seed67890.txt
pdsch_dmrs_16qam_mmse,PDSCH,67890,0,200,bler,1,1.0000,configs/pdsch_dmrs_16qam_mmse_seed67890.cfg,logs/pdsch_dmrs_16qam_mmse_seed67890.txt
pdsch_dmrs_16qam_mmse,PDSCH,67890,5,200,ber,0.19353,1.9353e-01,configs/pdsch_dmrs_16qam_mmse_seed67890.cfg,logs/pdsch_dmrs_16qam_mmse_seed67890.txt
pdsch_dmrs_16qam_mmse,PDSCH,67890,5,200,bler,0.975,0.9750,configs/pdsch_dmrs_16qam_mmse_seed67890.cfg,logs/pdsch_dmrs_16qam_mmse_seed67890.txt
pdsch_dmrs_16qam_mmse,PDSCH,67890,10,200,ber,0.000081522,8.1522e-05,configs/pdsch_dmrs_16qam_mmse_seed67890.cfg,logs/pdsch_dmrs_16qam_mmse_seed67890.txt
pdsch_dmrs_16qam_mmse,PDSCH,67890,10,200,bler,0.015,0.0150,configs/pdsch_dmrs_16qam_mmse_seed67890.cfg,logs/pdsch_dmrs_16qam_mmse_seed67890.txt
pdsch_dmrs_16qam_mmse,PDSCH,67890,15,200,ber,0,0.0000e+00,configs/pdsch_dmrs_16qam_mmse_seed67890.cfg,logs/pdsch_dmrs_16qam_mmse_seed67890.txt
pdsch_dmrs_16qam_mmse,PDSCH,67890,15,200,bler,0,0.0000,configs/pdsch_dmrs_16qam_mmse_seed67890.cfg,logs/pdsch_dmrs_16qam_mmse_seed67890.txt
pdsch_dmrs_16qam_mmse,PDSCH,67890,20,200,ber,0,0.0000e+00,configs/pdsch_dmrs_16qam_mmse_seed67890.cfg,logs/pdsch_dmrs_16qam_mmse_seed67890.txt
pdsch_dmrs_16qam_mmse,PDSCH,67890,20,200,bler,0,0.0000,configs/pdsch_dmrs_16qam_mmse_seed67890.cfg,logs/pdsch_dmrs_16qam_mmse_seed67890.txt
pusch_tp0_16qam_mmse,PUSCH,12345,-10,200,ber,0.47182,4.7182e-01,configs/pusch_tp0_16qam_mmse_seed12345.cfg,logs/pusch_tp0_16qam_mmse_seed12345.txt
pusch_tp0_16qam_mmse,PUSCH,12345,-10,200,bler,1,1.0000,configs/pusch_tp0_16qam_mmse_seed12345.cfg,logs/pusch_tp0_16qam_mmse_seed12345.txt
pusch_tp0_16qam_mmse,PUSCH,12345,-5,200,ber,0.43454,4.3454e-01,configs/pusch_tp0_16qam_mmse_seed12345.cfg,logs/pusch_tp0_16qam_mmse_seed12345.txt
pusch_tp0_16qam_mmse,PUSCH,12345,-5,200,bler,1,1.0000,configs/pusch_tp0_16qam_mmse_seed12345.cfg,logs/pusch_tp0_16qam_mmse_seed12345.txt
pusch_tp0_16qam_mmse,PUSCH,12345,0,200,ber,0.34041,3.4041e-01,configs/pusch_tp0_16qam_mmse_seed12345.cfg,logs/pusch_tp0_16qam_mmse_seed12345.txt
pusch_tp0_16qam_mmse,PUSCH,12345,0,200,bler,1,1.0000,configs/pusch_tp0_16qam_mmse_seed12345.cfg,logs/pusch_tp0_16qam_mmse_seed12345.txt
pusch_tp0_16qam_mmse,PUSCH,12345,5,200,ber,0.19984,1.9984e-01,configs/pusch_tp0_16qam_mmse_seed12345.cfg,logs/pusch_tp0_16qam_mmse_seed12345.txt
pusch_tp0_16qam_mmse,PUSCH,12345,5,200,bler,0.99,0.9900,configs/pusch_tp0_16qam_mmse_seed12345.cfg,logs/pusch_tp0_16qam_mmse_seed12345.txt
pusch_tp0_16qam_mmse,PUSCH,12345,10,200,ber,0.000027174,2.7174e-05,configs/pusch_tp0_16qam_mmse_seed12345.cfg,logs/pusch_tp0_16qam_mmse_seed12345.txt
pusch_tp0_16qam_mmse,PUSCH,12345,10,200,bler,0.005,0.0050,configs/pusch_tp0_16qam_mmse_seed12345.cfg,logs/pusch_tp0_16qam_mmse_seed12345.txt
pusch_tp0_16qam_mmse,PUSCH,12345,15,200,ber,0,0.0000e+00,configs/pusch_tp0_16qam_mmse_seed12345.cfg,logs/pusch_tp0_16qam_mmse_seed12345.txt
pusch_tp0_16qam_mmse,PUSCH,12345,15,200,bler,0,0.0000,configs/pusch_tp0_16qam_mmse_seed12345.cfg,logs/pusch_tp0_16qam_mmse_seed12345.txt
pusch_tp0_16qam_mmse,PUSCH,12345,20,200,ber,0,0.0000e+00,configs/pusch_tp0_16qam_mmse_seed12345.cfg,logs/pusch_tp0_16qam_mmse_seed12345.txt
pusch_tp0_16qam_mmse,PUSCH,12345,20,200,bler,0,0.0000,configs/pusch_tp0_16qam_mmse_seed12345.cfg,logs/pusch_tp0_16qam_mmse_seed12345.txt
pusch_tp0_16qam_mmse,PUSCH,67890,-10,200,ber,0.4691,4.6910e-01,configs/pusch_tp0_16qam_mmse_seed67890.cfg,logs/pusch_tp0_16qam_mmse_seed67890.txt
pusch_tp0_16qam_mmse,PUSCH,67890,-10,200,bler,1,1.0000,configs/pusch_tp0_16qam_mmse_seed67890.cfg,logs/pusch_tp0_16qam_mmse_seed67890.txt
pusch_tp0_16qam_mmse,PUSCH,67890,-5,200,ber,0.4303,4.3030e-01,configs/pusch_tp0_16qam_mmse_seed67890.cfg,logs/pusch_tp0_16qam_mmse_seed67890.txt
pusch_tp0_16qam_mmse,PUSCH,67890,-5,200,bler,1,1.0000,configs/pusch_tp0_16qam_mmse_seed67890.cfg,logs/pusch_tp0_16qam_mmse_seed67890.txt
pusch_tp0_16qam_mmse,PUSCH,67890,0,200,ber,0.34323,3.4323e-01,configs/pusch_tp0_16qam_mmse_seed67890.cfg,logs/pusch_tp0_16qam_mmse_seed67890.txt
pusch_tp0_16qam_mmse,PUSCH,67890,0,200,bler,1,1.0000,configs/pusch_tp0_16qam_mmse_seed67890.cfg,logs/pusch_tp0_16qam_mmse_seed67890.txt
pusch_tp0_16qam_mmse,PUSCH,67890,5,200,ber,0.1953,1.9530e-01,configs/pusch_tp0_16qam_mmse_seed67890.cfg,logs/pusch_tp0_16qam_mmse_seed67890.txt
pusch_tp0_16qam_mmse,PUSCH,67890,5,200,bler,0.965,0.9650,configs/pusch_tp0_16qam_mmse_seed67890.cfg,logs/pusch_tp0_16qam_mmse_seed67890.txt
pusch_tp0_16qam_mmse,PUSCH,67890,10,200,ber,0.000081522,8.1522e-05,configs/pusch_tp0_16qam_mmse_seed67890.cfg,logs/pusch_tp0_16qam_mmse_seed67890.txt
pusch_tp0_16qam_mmse,PUSCH,67890,10,200,bler,0.015,0.0150,configs/pusch_tp0_16qam_mmse_seed67890.cfg,logs/pusch_tp0_16qam_mmse_seed67890.txt
pusch_tp0_16qam_mmse,PUSCH,67890,15,200,ber,0,0.0000e+00,configs/pusch_tp0_16qam_mmse_seed67890.cfg,logs/pusch_tp0_16qam_mmse_seed67890.txt
pusch_tp0_16qam_mmse,PUSCH,67890,15,200,bler,0,0.0000,configs/pusch_tp0_16qam_mmse_seed67890.cfg,logs/pusch_tp0_16qam_mmse_seed67890.txt
pusch_tp0_16qam_mmse,PUSCH,67890,20,200,ber,0,0.0000e+00,configs/pusch_tp0_16qam_mmse_seed67890.cfg,logs/pusch_tp0_16qam_mmse_seed67890.txt
pusch_tp0_16qam_mmse,PUSCH,67890,20,200,bler,0,0.0000,configs/pusch_tp0_16qam_mmse_seed67890.cfg,logs/pusch_tp0_16qam_mmse_seed67890.txt
pusch_tp1_16qam_mmse,PUSCH,12345,-10,200,ber,0.47261,4.7261e-01,configs/pusch_tp1_16qam_mmse_seed12345.cfg,logs/pusch_tp1_16qam_mmse_seed12345.txt
pusch_tp1_16qam_mmse,PUSCH,12345,-10,200,bler,1,1.0000,configs/pusch_tp1_16qam_mmse_seed12345.cfg,logs/pusch_tp1_16qam_mmse_seed12345.txt
pusch_tp1_16qam_mmse,PUSCH,12345,-5,200,ber,0.4359,4.3590e-01,configs/pusch_tp1_16qam_mmse_seed12345.cfg,logs/pusch_tp1_16qam_mmse_seed12345.txt
pusch_tp1_16qam_mmse,PUSCH,12345,-5,200,bler,1,1.0000,configs/pusch_tp1_16qam_mmse_seed12345.cfg,logs/pusch_tp1_16qam_mmse_seed12345.txt
pusch_tp1_16qam_mmse,PUSCH,12345,0,200,ber,0.35427,3.5427e-01,configs/pusch_tp1_16qam_mmse_seed12345.cfg,logs/pusch_tp1_16qam_mmse_seed12345.txt
pusch_tp1_16qam_mmse,PUSCH,12345,0,200,bler,1,1.0000,configs/pusch_tp1_16qam_mmse_seed12345.cfg,logs/pusch_tp1_16qam_mmse_seed12345.txt
pusch_tp1_16qam_mmse,PUSCH,12345,5,200,ber,0.2,2.0000e-01,configs/pusch_tp1_16qam_mmse_seed12345.cfg,logs/pusch_tp1_16qam_mmse_seed12345.txt
pusch_tp1_16qam_mmse,PUSCH,12345,5,200,bler,0.99,0.9900,configs/pusch_tp1_16qam_mmse_seed12345.cfg,logs/pusch_tp1_16qam_mmse_seed12345.txt
pusch_tp1_16qam_mmse,PUSCH,12345,10,200,ber,0.000027174,2.7174e-05,configs/pusch_tp1_16qam_mmse_seed12345.cfg,logs/pusch_tp1_16qam_mmse_seed12345.txt
pusch_tp1_16qam_mmse,PUSCH,12345,10,200,bler,0.005,0.0050,configs/pusch_tp1_16qam_mmse_seed12345.cfg,logs/pusch_tp1_16qam_mmse_seed12345.txt
pusch_tp1_16qam_mmse,PUSCH,12345,15,200,ber,0,0.0000e+00,configs/pusch_tp1_16qam_mmse_seed12345.cfg,logs/pusch_tp1_16qam_mmse_seed12345.txt
pusch_tp1_16qam_mmse,PUSCH,12345,15,200,bler,0,0.0000,configs/pusch_tp1_16qam_mmse_seed12345.cfg,logs/pusch_tp1_16qam_mmse_seed12345.txt
pusch_tp1_16qam_mmse,PUSCH,12345,20,200,ber,0,0.0000e+00,configs/pusch_tp1_16qam_mmse_seed12345.cfg,logs/pusch_tp1_16qam_mmse_seed12345.txt
pusch_tp1_16qam_mmse,PUSCH,12345,20,200,bler,0,0.0000,configs/pusch_tp1_16qam_mmse_seed12345.cfg,logs/pusch_tp1_16qam_mmse_seed12345.txt
pusch_tp1_16qam_mmse,PUSCH,67890,-10,200,ber,0.47946,4.7946e-01,configs/pusch_tp1_16qam_mmse_seed67890.cfg,logs/pusch_tp1_16qam_mmse_seed67890.txt
pusch_tp1_16qam_mmse,PUSCH,67890,-10,200,bler,1,1.0000,configs/pusch_tp1_16qam_mmse_seed67890.cfg,logs/pusch_tp1_16qam_mmse_seed67890.txt
pusch_tp1_16qam_mmse,PUSCH,67890,-5,200,ber,0.44399,4.4399e-01,configs/pusch_tp1_16qam_mmse_seed67890.cfg,logs/pusch_tp1_16qam_mmse_seed67890.txt
pusch_tp1_16qam_mmse,PUSCH,67890,-5,200,bler,1,1.0000,configs/pusch_tp1_16qam_mmse_seed67890.cfg,logs/pusch_tp1_16qam_mmse_seed67890.txt
pusch_tp1_16qam_mmse,PUSCH,67890,0,200,ber,0.34989,3.4989e-01,configs/pusch_tp1_16qam_mmse_seed67890.cfg,logs/pusch_tp1_16qam_mmse_seed67890.txt
pusch_tp1_16qam_mmse,PUSCH,67890,0,200,bler,1,1.0000,configs/pusch_tp1_16qam_mmse_seed67890.cfg,logs/pusch_tp1_16qam_mmse_seed67890.txt
pusch_tp1_16qam_mmse,PUSCH,67890,5,200,ber,0.20296,2.0296e-01,configs/pusch_tp1_16qam_mmse_seed67890.cfg,logs/pusch_tp1_16qam_mmse_seed67890.txt
pusch_tp1_16qam_mmse,PUSCH,67890,5,200,bler,0.985,0.9850,configs/pusch_tp1_16qam_mmse_seed67890.cfg,logs/pusch_tp1_16qam_mmse_seed67890.txt
pusch_tp1_16qam_mmse,PUSCH,67890,10,200,ber,0.000027174,2.7174e-05,configs/pusch_tp1_16qam_mmse_seed67890.cfg,logs/pusch_tp1_16qam_mmse_seed67890.txt
pusch_tp1_16qam_mmse,PUSCH,67890,10,200,bler,0.01,0.0100,configs/pusch_tp1_16qam_mmse_seed67890.cfg,logs/pusch_tp1_16qam_mmse_seed67890.txt
pusch_tp1_16qam_mmse,PUSCH,67890,15,200,ber,0.000054348,5.4348e-05,configs/pusch_tp1_16qam_mmse_seed67890.cfg,logs/pusch_tp1_16qam_mmse_seed67890.txt
pusch_tp1_16qam_mmse,PUSCH,67890,15,200,bler,0.01,0.0100,configs/pusch_tp1_16qam_mmse_seed67890.cfg,logs/pusch_tp1_16qam_mmse_seed67890.txt
pusch_tp1_16qam_mmse,PUSCH,67890,20,200,ber,0,0.0000e+00,configs/pusch_tp1_16qam_mmse_seed67890.cfg,logs/pusch_tp1_16qam_mmse_seed67890.txt
pusch_tp1_16qam_mmse,PUSCH,67890,20,200,bler,0,0.0000,configs/pusch_tp1_16qam_mmse_seed67890.cfg,logs/pusch_tp1_16qam_mmse_seed67890.txt
ber_16qam,BER,12345,-10,200,ber,0.37586,3.7586e-01,configs/ber_16qam_seed12345.cfg,logs/ber_16qam_seed12345.txt
ber_16qam,BER,12345,-10,200,bler,1,1.0000,configs/ber_16qam_seed12345.cfg,logs/ber_16qam_seed12345.txt
ber_16qam,BER,12345,-5,200,ber,0.28862,2.8862e-01,configs/ber_16qam_seed12345.cfg,logs/ber_16qam_seed12345.txt
ber_16qam,BER,12345,-5,200,bler,1,1.0000,configs/ber_16qam_seed12345.cfg,logs/ber_16qam_seed12345.txt
ber_16qam,BER,12345,0,200,ber,0.15837,1.5837e-01,configs/ber_16qam_seed12345.cfg,logs/ber_16qam_seed12345.txt
ber_16qam,BER,12345,0,200,bler,1,1.0000,configs/ber_16qam_seed12345.cfg,logs/ber_16qam_seed12345.txt
ber_16qam,BER,12345,5,200,ber,0.03775,3.7750e-02,configs/ber_16qam_seed12345.cfg,logs/ber_16qam_seed12345.txt
ber_16qam,BER,12345,5,200,bler,1,1.0000,configs/ber_16qam_seed12345.cfg,logs/ber_16qam_seed12345.txt
ber_16qam,BER,12345,10,200,ber,0.00086,8.6000e-04,configs/ber_16qam_seed12345.cfg,logs/ber_16qam_seed12345.txt
ber_16qam,BER,12345,10,200,bler,0.615,0.6150,configs/ber_16qam_seed12345.cfg,logs/ber_16qam_seed12345.txt
ber_16qam,BER,12345,15,200,ber,0,0.0000e+00,configs/ber_16qam_seed12345.cfg,logs/ber_16qam_seed12345.txt
ber_16qam,BER,12345,15,200,bler,0,0.0000,configs/ber_16qam_seed12345.cfg,logs/ber_16qam_seed12345.txt
ber_16qam,BER,12345,20,200,ber,0,0.0000e+00,configs/ber_16qam_seed12345.cfg,logs/ber_16qam_seed12345.txt
ber_16qam,BER,12345,20,200,bler,0,0.0000,configs/ber_16qam_seed12345.cfg,logs/ber_16qam_seed12345.txt
ber_16qam,BER,67890,-10,200,ber,0.3751,3.7510e-01,configs/ber_16qam_seed67890.cfg,logs/ber_16qam_seed67890.txt
ber_16qam,BER,67890,-10,200,bler,1,1.0000,configs/ber_16qam_seed67890.cfg,logs/ber_16qam_seed67890.txt
ber_16qam,BER,67890,-5,200,ber,0.28839,2.8839e-01,configs/ber_16qam_seed67890.cfg,logs/ber_16qam_seed67890.txt
ber_16qam,BER,67890,-5,200,bler,1,1.0000,configs/ber_16qam_seed67890.cfg,logs/ber_16qam_seed67890.txt
ber_16qam,BER,67890,0,200,ber,0.15763,1.5763e-01,configs/ber_16qam_seed67890.cfg,logs/ber_16qam_seed67890.txt
ber_16qam,BER,67890,0,200,bler,1,1.0000,configs/ber_16qam_seed67890.cfg,logs/ber_16qam_seed67890.txt
ber_16qam,BER,67890,5,200,ber,0.03802,3.8020e-02,configs/ber_16qam_seed67890.cfg,logs/ber_16qam_seed67890.txt
ber_16qam,BER,67890,5,200,bler,1,1.0000,configs/ber_16qam_seed67890.cfg,logs/ber_16qam_seed67890.txt
ber_16qam,BER,67890,10,200,ber,0.000755,7.5500e-04,configs/ber_16qam_seed67890.cfg,logs/ber_16qam_seed67890.txt
ber_16qam,BER,67890,10,200,bler,0.515,0.5150,configs/ber_16qam_seed67890.cfg,logs/ber_16qam_seed67890.txt
ber_16qam,BER,67890,15,200,ber,0,0.0000e+00,configs/ber_16qam_seed67890.cfg,logs/ber_16qam_seed67890.txt
ber_16qam,BER,67890,15,200,bler,0,0.0000,configs/ber_16qam_seed67890.cfg,logs/ber_16qam_seed67890.txt
ber_16qam,BER,67890,20,200,ber,0,0.0000e+00,configs/ber_16qam_seed67890.cfg,logs/ber_16qam_seed67890.txt
ber_16qam,BER,67890,20,200,bler,0,0.0000,configs/ber_16qam_seed67890.cfg,logs/ber_16qam_seed67890.txt
pdsch_coded_64qam,PDSCH,12345,-10,200,ber,0.45762,4.5762e-01,configs/pdsch_coded_64qam_seed12345.cfg,logs/pdsch_coded_64qam_seed12345.txt
pdsch_coded_64qam,PDSCH,12345,-10,200,bler,1,1.0000,configs/pdsch_coded_64qam_seed12345.cfg,logs/pdsch_coded_64qam_seed12345.txt
pdsch_coded_64qam,PDSCH,12345,-5,200,ber,0.42424,4.2424e-01,configs/pdsch_coded_64qam_seed12345.cfg,logs/pdsch_coded_64qam_seed12345.txt
pdsch_coded_64qam,PDSCH,12345,-5,200,bler,1,1.0000,configs/pdsch_coded_64qam_seed12345.cfg,logs/pdsch_coded_64qam_seed12345.txt
pdsch_coded_64qam,PDSCH,12345,0,200,ber,0.35742,3.5742e-01,configs/pdsch_coded_64qam_seed12345.cfg,logs/pdsch_coded_64qam_seed12345.txt
pdsch_coded_64qam,PDSCH,12345,0,200,bler,1,1.0000,configs/pdsch_coded_64qam_seed12345.cfg,logs/pdsch_coded_64qam_seed12345.txt
pdsch_coded_64qam,PDSCH,12345,5,200,ber,0.26234,2.6234e-01,configs/pdsch_coded_64qam_seed12345.cfg,logs/pdsch_coded_64qam_seed12345.txt
pdsch_coded_64qam,PDSCH,12345,5,200,bler,1,1.0000,configs/pdsch_coded_64qam_seed12345.cfg,logs/pdsch_coded_64qam_seed12345.txt
pdsch_coded_64qam,PDSCH,12345,10,200,ber,0.13229,1.3229e-01,configs/pdsch_coded_64qam_seed12345.cfg,logs/pdsch_coded_64qam_seed12345.txt
pdsch_coded_64qam,PDSCH,12345,10,200,bler,1,1.0000,configs/pdsch_coded_64qam_seed12345.cfg,logs/pdsch_coded_64qam_seed12345.txt
pdsch_coded_64qam,PDSCH,12345,15,200,ber,0.000078125,7.8125e-05,configs/pdsch_coded_64qam_seed12345.cfg,logs/pdsch_coded_64qam_seed12345.txt
pdsch_coded_64qam,PDSCH,12345,15,200,bler,0.01,0.0100,configs/pdsch_coded_64qam_seed12345.cfg,logs/pdsch_coded_64qam_seed12345.txt
pdsch_coded_64qam,PDSCH,12345,20,200,ber,0,0.0000e+00,configs/pdsch_coded_64qam_seed12345.cfg,logs/pdsch_coded_64qam_seed12345.txt
pdsch_coded_64qam,PDSCH,12345,20,200,bler,0.005,0.0050,configs/pdsch_coded_64qam_seed12345.cfg,logs/pdsch_coded_64qam_seed12345.txt
pdsch_coded_64qam,PDSCH,67890,-10,200,ber,0.45785,4.5785e-01,configs/pdsch_coded_64qam_seed67890.cfg,logs/pdsch_coded_64qam_seed67890.txt
pdsch_coded_64qam,PDSCH,67890,-10,200,bler,1,1.0000,configs/pdsch_coded_64qam_seed67890.cfg,logs/pdsch_coded_64qam_seed67890.txt
pdsch_coded_64qam,PDSCH,67890,-5,200,ber,0.42141,4.2141e-01,configs/pdsch_coded_64qam_seed67890.cfg,logs/pdsch_coded_64qam_seed67890.txt
pdsch_coded_64qam,PDSCH,67890,-5,200,bler,1,1.0000,configs/pdsch_coded_64qam_seed67890.cfg,logs/pdsch_coded_64qam_seed67890.txt
pdsch_coded_64qam,PDSCH,67890,0,200,ber,0.35609,3.5609e-01,configs/pdsch_coded_64qam_seed67890.cfg,logs/pdsch_coded_64qam_seed67890.txt
pdsch_coded_64qam,PDSCH,67890,0,200,bler,1,1.0000,configs/pdsch_coded_64qam_seed67890.cfg,logs/pdsch_coded_64qam_seed67890.txt
pdsch_coded_64qam,PDSCH,67890,5,200,ber,0.26285,2.6285e-01,configs/pdsch_coded_64qam_seed67890.cfg,logs/pdsch_coded_64qam_seed67890.txt
pdsch_coded_64qam,PDSCH,67890,5,200,bler,1,1.0000,configs/pdsch_coded_64qam_seed67890.cfg,logs/pdsch_coded_64qam_seed67890.txt
pdsch_coded_64qam,PDSCH,67890,10,200,ber,0.13256,1.3256e-01,configs/pdsch_coded_64qam_seed67890.cfg,logs/pdsch_coded_64qam_seed67890.txt
pdsch_coded_64qam,PDSCH,67890,10,200,bler,1,1.0000,configs/pdsch_coded_64qam_seed67890.cfg,logs/pdsch_coded_64qam_seed67890.txt
pdsch_coded_64qam,PDSCH,67890,15,200,ber,0.00025391,2.5391e-04,configs/pdsch_coded_64qam_seed67890.cfg,logs/pdsch_coded_64qam_seed67890.txt
pdsch_coded_64qam,PDSCH,67890,15,200,bler,0.025,0.0250,configs/pdsch_coded_64qam_seed67890.cfg,logs/pdsch_coded_64qam_seed67890.txt
pdsch_coded_64qam,PDSCH,67890,20,200,ber,0,0.0000e+00,configs/pdsch_coded_64qam_seed67890.cfg,logs/pdsch_coded_64qam_seed67890.txt
pdsch_coded_64qam,PDSCH,67890,20,200,bler,0,0.0000,configs/pdsch_coded_64qam_seed67890.cfg,logs/pdsch_coded_64qam_seed67890.txt
pdsch_dmrs_64qam_zf,PDSCH,12345,-10,200,ber,0.48359,4.8359e-01,configs/pdsch_dmrs_64qam_zf_seed12345.cfg,logs/pdsch_dmrs_64qam_zf_seed12345.txt
pdsch_dmrs_64qam_zf,PDSCH,12345,-10,200,bler,1,1.0000,configs/pdsch_dmrs_64qam_zf_seed12345.cfg,logs/pdsch_dmrs_64qam_zf_seed12345.txt
pdsch_dmrs_64qam_zf,PDSCH,12345,-5,200,ber,0.45603,4.5603e-01,configs/pdsch_dmrs_64qam_zf_seed12345.cfg,logs/pdsch_dmrs_64qam_zf_seed12345.txt
pdsch_dmrs_64qam_zf,PDSCH,12345,-5,200,bler,1,1.0000,configs/pdsch_dmrs_64qam_zf_seed12345.cfg,logs/pdsch_dmrs_64qam_zf_seed12345.txt
pdsch_dmrs_64qam_zf,PDSCH,12345,0,200,ber,0.39101,3.9101e-01,configs/pdsch_dmrs_64qam_zf_seed12345.cfg,logs/pdsch_dmrs_64qam_zf_seed12345.txt
pdsch_dmrs_64qam_zf,PDSCH,12345,0,200,bler,1,1.0000,configs/pdsch_dmrs_64qam_zf_seed12345.cfg,logs/pdsch_dmrs_64qam_zf_seed12345.txt
pdsch_dmrs_64qam_zf,PDSCH,12345,5,200,ber,0.29468,2.9468e-01,configs/pdsch_dmrs_64qam_zf_seed12345.cfg,logs/pdsch_dmrs_64qam_zf_seed12345.txt
pdsch_dmrs_64qam_zf,PDSCH,12345,5,200,bler,1,1.0000,configs/pdsch_dmrs_64qam_zf_seed12345.cfg,logs/pdsch_dmrs_64qam_zf_seed12345.txt
pdsch_dmrs_64qam_zf,PDSCH,12345,10,200,ber,0.18107,1.8107e-01,configs/pdsch_dmrs_64qam_zf_seed12345.cfg,logs/pdsch_dmrs_64qam_zf_seed12345.txt
pdsch_dmrs_64qam_zf,PDSCH,12345,10,200,bler,1,1.0000,configs/pdsch_dmrs_64qam_zf_seed12345.cfg,logs/pdsch_dmrs_64qam_zf_seed12345.txt
pdsch_dmrs_64qam_zf,PDSCH,12345,15,200,ber,0.0063229,6.3229e-03,configs/pdsch_dmrs_64qam_zf_seed12345.cfg,logs/pdsch_dmrs_64qam_zf_seed12345.txt
pdsch_dmrs_64qam_zf,PDSCH,12345,15,200,bler,0.265,0.2650,configs/pdsch_dmrs_64qam_zf_seed12345.cfg,logs/pdsch_dmrs_64qam_zf_seed12345.txt
pdsch_dmrs_64qam_zf,PDSCH,12345,20,200,ber,0.000083333,8.3333e-05,configs/pdsch_dmrs_64qam_zf_seed12345.cfg,logs/pdsch_dmrs_64qam_zf_seed12345.txt
pdsch_dmrs_64qam_zf,PDSCH,12345,20,200,bler,0.03,0.0300,configs/pdsch_dmrs_64qam_zf_seed12345.cfg,logs/pdsch_dmrs_64qam_zf_seed12345.txt
pdsch_dmrs_64qam_zf,PDSCH,67890,-10,200,ber,0.48504,4.8504e-01,configs/pdsch_dmrs_64qam_zf_seed67890.cfg,logs/pdsch_dmrs_64qam_zf_seed67890.txt
pdsch_dmrs_64qam_zf,PDSCH,67890,-10,200,bler,1,1.0000,configs/pdsch_dmrs_64qam_zf_seed67890.cfg,logs/pdsch_dmrs_64qam_zf_seed67890.txt
pdsch_dmrs_64qam_zf,PDSCH,67890,-5,200,ber,0.4575,4.5750e-01,configs/pdsch_dmrs_64qam_zf_seed67890.cfg,logs/pdsch_dmrs_64qam_zf_seed67890.txt
pdsch_dmrs_64qam_zf,PDSCH,67890,-5,200,bler,1,1.0000,configs/pdsch_dmrs_64qam_zf_seed67890.cfg,logs/pdsch_dmrs_64qam_zf_seed67890.txt
pdsch_dmrs_64qam_zf,PDSCH,67890,0,200,ber,0.39264,3.9264e-01,configs/pdsch_dmrs_64qam_zf_seed67890.cfg,logs/pdsch_dmrs_64qam_zf_seed67890.txt
pdsch_dmrs_64qam_zf,PDSCH,67890,0,200,bler,1,1.0000,configs/pdsch_dmrs_64qam_zf_seed67890.cfg,logs/pdsch_dmrs_64qam_zf_seed67890.txt
pdsch_dmrs_64qam_zf,PDSCH,67890,5,200,ber,0.29696,2.9696e-01,configs/pdsch_dmrs_64qam_zf_seed67890.cfg,logs/pdsch_dmrs_64qam_zf_seed67890.txt
pdsch_dmrs_64qam_zf,PDSCH,67890,5,200,bler,1,1.0000,configs/pdsch_dmrs_64qam_zf_seed67890.cfg,logs/pdsch_dmrs_64qam_zf_seed67890.txt
pdsch_dmrs_64qam_zf,PDSCH,67890,10,200,ber,0.18444,1.8444e-01,configs/pdsch_dmrs_64qam_zf_seed67890.cfg,logs/pdsch_dmrs_64qam_zf_seed67890.txt
pdsch_dmrs_64qam_zf,PDSCH,67890,10,200,bler,1,1.0000,configs/pdsch_dmrs_64qam_zf_seed67890.cfg,logs/pdsch_dmrs_64qam_zf_seed67890.txt
pdsch_dmrs_64qam_zf,PDSCH,67890,15,200,ber,0.0089583,8.9583e-03,configs/pdsch_dmrs_64qam_zf_seed67890.cfg,logs/pdsch_dmrs_64qam_zf_seed67890.txt
pdsch_dmrs_64qam_zf,PDSCH,67890,15,200,bler,0.3,0.3000,configs/pdsch_dmrs_64qam_zf_seed67890.cfg,logs/pdsch_dmrs_64qam_zf_seed67890.txt
pdsch_dmrs_64qam_zf,PDSCH,67890,20,200,ber,0.000072917,7.2917e-05,configs/pdsch_dmrs_64qam_zf_seed67890.cfg,logs/pdsch_dmrs_64qam_zf_seed67890.txt
pdsch_dmrs_64qam_zf,PDSCH,67890,20,200,bler,0.03,0.0300,configs/pdsch_dmrs_64qam_zf_seed67890.cfg,logs/pdsch_dmrs_64qam_zf_seed67890.txt
pusch_tp0_64qam_zf,PUSCH,12345,-10,200,ber,0.48334,4.8334e-01,configs/pusch_tp0_64qam_zf_seed12345.cfg,logs/pusch_tp0_64qam_zf_seed12345.txt
pusch_tp0_64qam_zf,PUSCH,12345,-10,200,bler,1,1.0000,configs/pusch_tp0_64qam_zf_seed12345.cfg,logs/pusch_tp0_64qam_zf_seed12345.txt
pusch_tp0_64qam_zf,PUSCH,12345,-5,200,ber,0.4538,4.5380e-01,configs/pusch_tp0_64qam_zf_seed12345.cfg,logs/pusch_tp0_64qam_zf_seed12345.txt
pusch_tp0_64qam_zf,PUSCH,12345,-5,200,bler,1,1.0000,configs/pusch_tp0_64qam_zf_seed12345.cfg,logs/pusch_tp0_64qam_zf_seed12345.txt
pusch_tp0_64qam_zf,PUSCH,12345,0,200,ber,0.39282,3.9282e-01,configs/pusch_tp0_64qam_zf_seed12345.cfg,logs/pusch_tp0_64qam_zf_seed12345.txt
pusch_tp0_64qam_zf,PUSCH,12345,0,200,bler,1,1.0000,configs/pusch_tp0_64qam_zf_seed12345.cfg,logs/pusch_tp0_64qam_zf_seed12345.txt
pusch_tp0_64qam_zf,PUSCH,12345,5,200,ber,0.29479,2.9479e-01,configs/pusch_tp0_64qam_zf_seed12345.cfg,logs/pusch_tp0_64qam_zf_seed12345.txt
pusch_tp0_64qam_zf,PUSCH,12345,5,200,bler,1,1.0000,configs/pusch_tp0_64qam_zf_seed12345.cfg,logs/pusch_tp0_64qam_zf_seed12345.txt
pusch_tp0_64qam_zf,PUSCH,12345,10,200,ber,0.18363,1.8363e-01,configs/pusch_tp0_64qam_zf_seed12345.cfg,logs/pusch_tp0_64qam_zf_seed12345.txt
pusch_tp0_64qam_zf,PUSCH,12345,10,200,bler,1,1.0000,configs/pusch_tp0_64qam_zf_seed12345.cfg,logs/pusch_tp0_64qam_zf_seed12345.txt
pusch_tp0_64qam_zf,PUSCH,12345,15,200,ber,0.0055,5.5000e-03,configs/pusch_tp0_64qam_zf_seed12345.cfg,logs/pusch_tp0_64qam_zf_seed12345.txt
pusch_tp0_64qam_zf,PUSCH,12345,15,200,bler,0.245,0.2450,configs/pusch_tp0_64qam_zf_seed12345.cfg,logs/pusch_tp0_64qam_zf_seed12345.txt
pusch_tp0_64qam_zf,PUSCH,12345,20,200,ber,0.00009375,9.3750e-05,configs/pusch_tp0_64qam_zf_seed12345.cfg,logs/pusch_tp0_64qam_zf_seed12345.txt
pusch_tp0_64qam_zf,PUSCH,12345,20,200,bler,0.035,0.0350,configs/pusch_tp0_64qam_zf_seed12345.cfg,logs/pusch_tp0_64qam_zf_seed12345.txt
pusch_tp0_64qam_zf,PUSCH,67890,-10,200,ber,0.48432,4.8432e-01,configs/pusch_tp0_64qam_zf_seed67890.cfg,logs/pusch_tp0_64qam_zf_seed67890.txt
pusch_tp0_64qam_zf,PUSCH,67890,-10,200,bler,1,1.0000,configs/pusch_tp0_64qam_zf_seed67890.cfg,logs/pusch_tp0_64qam_zf_seed67890.txt
pusch_tp0_64qam_zf,PUSCH,67890,-5,200,ber,0.45753,4.5753e-01,configs/pusch_tp0_64qam_zf_seed67890.cfg,logs/pusch_tp0_64qam_zf_seed67890.txt
pusch_tp0_64qam_zf,PUSCH,67890,-5,200,bler,1,1.0000,configs/pusch_tp0_64qam_zf_seed67890.cfg,logs/pusch_tp0_64qam_zf_seed67890.txt
pusch_tp0_64qam_zf,PUSCH,67890,0,200,ber,0.39335,3.9335e-01,configs/pusch_tp0_64qam_zf_seed67890.cfg,logs/pusch_tp0_64qam_zf_seed67890.txt
pusch_tp0_64qam_zf,PUSCH,67890,0,200,bler,1,1.0000,configs/pusch_tp0_64qam_zf_seed67890.cfg,logs/pusch_tp0_64qam_zf_seed67890.txt
pusch_tp0_64qam_zf,PUSCH,67890,5,200,ber,0.29712,2.9712e-01,configs/pusch_tp0_64qam_zf_seed67890.cfg,logs/pusch_tp0_64qam_zf_seed67890.txt
pusch_tp0_64qam_zf,PUSCH,67890,5,200,bler,1,1.0000,configs/pusch_tp0_64qam_zf_seed67890.cfg,logs/pusch_tp0_64qam_zf_seed67890.txt
pusch_tp0_64qam_zf,PUSCH,67890,10,200,ber,0.18347,1.8347e-01,configs/pusch_tp0_64qam_zf_seed67890.cfg,logs/pusch_tp0_64qam_zf_seed67890.txt
pusch_tp0_64qam_zf,PUSCH,67890,10,200,bler,1,1.0000,configs/pusch_tp0_64qam_zf_seed67890.cfg,logs/pusch_tp0_64qam_zf_seed67890.txt
pusch_tp0_64qam_zf,PUSCH,67890,15,200,ber,0.0064792,6.4792e-03,configs/pusch_tp0_64qam_zf_seed67890.cfg,logs/pusch_tp0_64qam_zf_seed67890.txt
pusch_tp0_64qam_zf,PUSCH,67890,15,200,bler,0.285,0.2850,configs/pusch_tp0_64qam_zf_seed67890.cfg,logs/pusch_tp0_64qam_zf_seed67890.txt
pusch_tp0_64qam_zf,PUSCH,67890,20,200,ber,0.000020833,2.0833e-05,configs/pusch_tp0_64qam_zf_seed67890.cfg,logs/pusch_tp0_64qam_zf_seed67890.txt
pusch_tp0_64qam_zf,PUSCH,67890,20,200,bler,0.01,0.0100,configs/pusch_tp0_64qam_zf_seed67890.cfg,logs/pusch_tp0_64qam_zf_seed67890.txt
pusch_tp1_64qam_zf,PUSCH,12345,-10,200,ber,0.49622,4.9622e-01,configs/pusch_tp1_64qam_zf_seed12345.cfg,logs/pusch_tp1_64qam_zf_seed12345.txt
pusch_tp1_64qam_zf,PUSCH,12345,-10,200,bler,1,1.0000,configs/pusch_tp1_64qam_zf_seed12345.cfg,logs/pusch_tp1_64qam_zf_seed12345.txt
pusch_tp1_64qam_zf,PUSCH,12345,-5,200,ber,0.48268,4.8268e-01,configs/pusch_tp1_64qam_zf_seed12345.cfg,logs/pusch_tp1_64qam_zf_seed12345.txt
pusch_tp1_64qam_zf,PUSCH,12345,-5,200,bler,1,1.0000,configs/pusch_tp1_64qam_zf_seed12345.cfg,logs/pusch_tp1_64qam_zf_seed12345.txt
pusch_tp1_64qam_zf,PUSCH,12345,0,200,ber,0.44198,4.4198e-01,configs/pusch_tp1_64qam_zf_seed12345.cfg,logs/pusch_tp1_64qam_zf_seed12345.txt
pusch_tp1_64qam_zf,PUSCH,12345,0,200,bler,1,1.0000,configs/pusch_tp1_64qam_zf_seed12345.cfg,logs/pusch_tp1_64qam_zf_seed12345.txt
pusch_tp1_64qam_zf,PUSCH,12345,5,200,ber,0.32931,3.2931e-01,configs/pusch_tp1_64qam_zf_seed12345.cfg,logs/pusch_tp1_64qam_zf_seed12345.txt
pusch_tp1_64qam_zf,PUSCH,12345,5,200,bler,1,1.0000,configs/pusch_tp1_64qam_zf_seed12345.cfg,logs/pusch_tp1_64qam_zf_seed12345.txt
pusch_tp1_64qam_zf,PUSCH,12345,10,200,ber,0.19881,1.9881e-01,configs/pusch_tp1_64qam_zf_seed12345.cfg,logs/pusch_tp1_64qam_zf_seed12345.txt
pusch_tp1_64qam_zf,PUSCH,12345,10,200,bler,1,1.0000,configs/pusch_tp1_64qam_zf_seed12345.cfg,logs/pusch_tp1_64qam_zf_seed12345.txt
pusch_tp1_64qam_zf,PUSCH,12345,15,200,ber,0.0078021,7.8021e-03,configs/pusch_tp1_64qam_zf_seed12345.cfg,logs/pusch_tp1_64qam_zf_seed12345.txt
pusch_tp1_64qam_zf,PUSCH,12345,15,200,bler,0.29,0.2900,configs/pusch_tp1_64qam_zf_seed12345.cfg,logs/pusch_tp1_64qam_zf_seed12345.txt
pusch_tp1_64qam_zf,PUSCH,12345,20,200,ber,0.000020833,2.0833e-05,configs/pusch_tp1_64qam_zf_seed12345.cfg,logs/pusch_tp1_64qam_zf_seed12345.txt
pusch_tp1_64qam_zf,PUSCH,12345,20,200,bler,0.01,0.0100,configs/pusch_tp1_64qam_zf_seed12345.cfg,logs/pusch_tp1_64qam_zf_seed12345.txt
pusch_tp1_64qam_zf,PUSCH,67890,-10,200,ber,0.49315,4.9315e-01,configs/pusch_tp1_64qam_zf_seed67890.cfg,logs/pusch_tp1_64qam_zf_seed67890.txt
pusch_tp1_64qam_zf,PUSCH,67890,-10,200,bler,1,1.0000,configs/pusch_tp1_64qam_zf_seed67890.cfg,logs/pusch_tp1_64qam_zf_seed67890.txt
pusch_tp1_64qam_zf,PUSCH,67890,-5,200,ber,0.48265,4.8265e-01,configs/pusch_tp1_64qam_zf_seed67890.cfg,logs/pusch_tp1_64qam_zf_seed67890.txt
pusch_tp1_64qam_zf,PUSCH,67890,-5,200,bler,1,1.0000,configs/pusch_tp1_64qam_zf_seed67890.cfg,logs/pusch_tp1_64qam_zf_seed67890.txt
pusch_tp1_64qam_zf,PUSCH,67890,0,200,ber,0.44011,4.4011e-01,configs/pusch_tp1_64qam_zf_seed67890.cfg,logs/pusch_tp1_64qam_zf_seed67890.txt
pusch_tp1_64qam_zf,PUSCH,67890,0,200,bler,1,1.0000,configs/pusch_tp1_64qam_zf_seed67890.cfg,logs/pusch_tp1_64qam_zf_seed67890.txt
pusch_tp1_64qam_zf,PUSCH,67890,5,200,ber,0.32801,3.2801e-01,configs/pusch_tp1_64qam_zf_seed67890.cfg,logs/pusch_tp1_64qam_zf_seed67890.txt
pusch_tp1_64qam_zf,PUSCH,67890,5,200,bler,1,1.0000,configs/pusch_tp1_64qam_zf_seed67890.cfg,logs/pusch_tp1_64qam_zf_seed67890.txt
pusch_tp1_64qam_zf,PUSCH,67890,10,200,ber,0.19772,1.9772e-01,configs/pusch_tp1_64qam_zf_seed67890.cfg,logs/pusch_tp1_64qam_zf_seed67890.txt
pusch_tp1_64qam_zf,PUSCH,67890,10,200,bler,1,1.0000,configs/pusch_tp1_64qam_zf_seed67890.cfg,logs/pusch_tp1_64qam_zf_seed67890.txt
pusch_tp1_64qam_zf,PUSCH,67890,15,200,ber,0.010031,1.0031e-02,configs/pusch_tp1_64qam_zf_seed67890.cfg,logs/pusch_tp1_64qam_zf_seed67890.txt
pusch_tp1_64qam_zf,PUSCH,67890,15,200,bler,0.375,0.3750,configs/pusch_tp1_64qam_zf_seed67890.cfg,logs/pusch_tp1_64qam_zf_seed67890.txt
pusch_tp1_64qam_zf,PUSCH,67890,20,200,ber,0.000052083,5.2083e-05,configs/pusch_tp1_64qam_zf_seed67890.cfg,logs/pusch_tp1_64qam_zf_seed67890.txt
pusch_tp1_64qam_zf,PUSCH,67890,20,200,bler,0.02,0.0200,configs/pusch_tp1_64qam_zf_seed67890.cfg,logs/pusch_tp1_64qam_zf_seed67890.txt
pdsch_dmrs_64qam_mmse,PDSCH,12345,-10,200,ber,0.48363,4.8363e-01,configs/pdsch_dmrs_64qam_mmse_seed12345.cfg,logs/pdsch_dmrs_64qam_mmse_seed12345.txt
pdsch_dmrs_64qam_mmse,PDSCH,12345,-10,200,bler,1,1.0000,configs/pdsch_dmrs_64qam_mmse_seed12345.cfg,logs/pdsch_dmrs_64qam_mmse_seed12345.txt
pdsch_dmrs_64qam_mmse,PDSCH,12345,-5,200,ber,0.45499,4.5499e-01,configs/pdsch_dmrs_64qam_mmse_seed12345.cfg,logs/pdsch_dmrs_64qam_mmse_seed12345.txt
pdsch_dmrs_64qam_mmse,PDSCH,12345,-5,200,bler,1,1.0000,configs/pdsch_dmrs_64qam_mmse_seed12345.cfg,logs/pdsch_dmrs_64qam_mmse_seed12345.txt
pdsch_dmrs_64qam_mmse,PDSCH,12345,0,200,ber,0.38989,3.8989e-01,configs/pdsch_dmrs_64qam_mmse_seed12345.cfg,logs/pdsch_dmrs_64qam_mmse_seed12345.txt
pdsch_dmrs_64qam_mmse,PDSCH,12345,0,200,bler,1,1.0000,configs/pdsch_dmrs_64qam_mmse_seed12345.cfg,logs/pdsch_dmrs_64qam_mmse_seed12345.txt
pdsch_dmrs_64qam_mmse,PDSCH,12345,5,200,ber,0.29398,2.9398e-01,configs/pdsch_dmrs_64qam_mmse_seed12345.cfg,logs/pdsch_dmrs_64qam_mmse_seed12345.txt
pdsch_dmrs_64qam_mmse,PDSCH,12345,5,200,bler,1,1.0000,configs/pdsch_dmrs_64qam_mmse_seed12345.cfg,logs/pdsch_dmrs_64qam_mmse_seed12345.txt
pdsch_dmrs_64qam_mmse,PDSCH,12345,10,200,ber,0.18082,1.8082e-01,configs/pdsch_dmrs_64qam_mmse_seed12345.cfg,logs/pdsch_dmrs_64qam_mmse_seed12345.txt
pdsch_dmrs_64qam_mmse,PDSCH,12345,10,200,bler,1,1.0000,configs/pdsch_dmrs_64qam_mmse_seed12345.cfg,logs/pdsch_dmrs_64qam_mmse_seed12345.txt
pdsch_dmrs_64qam_mmse,PDSCH,12345,15,200,ber,0.006,6.0000e-03,configs/pdsch_dmrs_64qam_mmse_seed12345.cfg,logs/pdsch_dmrs_64qam_mmse_seed12345.txt
pdsch_dmrs_64qam_mmse,PDSCH,12345,15,200,bler,0.23,0.2300,configs/pdsch_dmrs_64qam_mmse_seed12345.cfg,logs/pdsch_dmrs_64qam_mmse_seed12345.txt
pdsch_dmrs_64qam_mmse,PDSCH,12345,20,200,ber,0.000072917,7.2917e-05,configs/pdsch_dmrs_64qam_mmse_seed12345.cfg,logs/pdsch_dmrs_64qam_mmse_seed12345.txt
pdsch_dmrs_64qam_mmse,PDSCH,12345,20,200,bler,0.025,0.0250,configs/pdsch_dmrs_64qam_mmse_seed12345.cfg,logs/pdsch_dmrs_64qam_mmse_seed12345.txt
pdsch_dmrs_64qam_mmse,PDSCH,67890,-10,200,ber,0.48491,4.8491e-01,configs/pdsch_dmrs_64qam_mmse_seed67890.cfg,logs/pdsch_dmrs_64qam_mmse_seed67890.txt
pdsch_dmrs_64qam_mmse,PDSCH,67890,-10,200,bler,1,1.0000,configs/pdsch_dmrs_64qam_mmse_seed67890.cfg,logs/pdsch_dmrs_64qam_mmse_seed67890.txt
pdsch_dmrs_64qam_mmse,PDSCH,67890,-5,200,ber,0.45701,4.5701e-01,configs/pdsch_dmrs_64qam_mmse_seed67890.cfg,logs/pdsch_dmrs_64qam_mmse_seed67890.txt
pdsch_dmrs_64qam_mmse,PDSCH,67890,-5,200,bler,1,1.0000,configs/pdsch_dmrs_64qam_mmse_seed67890.cfg,logs/pdsch_dmrs_64qam_mmse_seed67890.txt
pdsch_dmrs_64qam_mmse,PDSCH,67890,0,200,ber,0.39164,3.9164e-01,configs/pdsch_dmrs_64qam_mmse_seed67890.cfg,logs/pdsch_dmrs_64qam_mmse_seed67890.txt
pdsch_dmrs_64qam_mmse,PDSCH,67890,0,200,bler,1,1.0000,configs/pdsch_dmrs_64qam_mmse_seed67890.cfg,logs/pdsch_dmrs_64qam_mmse_seed67890.txt
pdsch_dmrs_64qam_mmse,PDSCH,67890,5,200,ber,0.2954,2.9540e-01,configs/pdsch_dmrs_64qam_mmse_seed67890.cfg,logs/pdsch_dmrs_64qam_mmse_seed67890.txt
pdsch_dmrs_64qam_mmse,PDSCH,67890,5,200,bler,1,1.0000,configs/pdsch_dmrs_64qam_mmse_seed67890.cfg,logs/pdsch_dmrs_64qam_mmse_seed67890.txt
pdsch_dmrs_64qam_mmse,PDSCH,67890,10,200,ber,0.18247,1.8247e-01,configs/pdsch_dmrs_64qam_mmse_seed67890.cfg,logs/pdsch_dmrs_64qam_mmse_seed67890.txt
pdsch_dmrs_64qam_mmse,PDSCH,67890,10,200,bler,1,1.0000,configs/pdsch_dmrs_64qam_mmse_seed67890.cfg,logs/pdsch_dmrs_64qam_mmse_seed67890.txt
pdsch_dmrs_64qam_mmse,PDSCH,67890,15,200,ber,0.0079271,7.9271e-03,configs/pdsch_dmrs_64qam_mmse_seed67890.cfg,logs/pdsch_dmrs_64qam_mmse_seed67890.txt
pdsch_dmrs_64qam_mmse,PDSCH,67890,15,200,bler,0.275,0.2750,configs/pdsch_dmrs_64qam_mmse_seed67890.cfg,logs/pdsch_dmrs_64qam_mmse_seed67890.txt
pdsch_dmrs_64qam_mmse,PDSCH,67890,20,200,ber,0.000052083,5.2083e-05,configs/pdsch_dmrs_64qam_mmse_seed67890.cfg,logs/pdsch_dmrs_64qam_mmse_seed67890.txt
pdsch_dmrs_64qam_mmse,PDSCH,67890,20,200,bler,0.02,0.0200,configs/pdsch_dmrs_64qam_mmse_seed67890.cfg,logs/pdsch_dmrs_64qam_mmse_seed67890.txt
pusch_tp0_64qam_mmse,PUSCH,12345,-10,200,ber,0.48271,4.8271e-01,configs/pusch_tp0_64qam_mmse_seed12345.cfg,logs/pusch_tp0_64qam_mmse_seed12345.txt
pusch_tp0_64qam_mmse,PUSCH,12345,-10,200,bler,1,1.0000,configs/pusch_tp0_64qam_mmse_seed12345.cfg,logs/pusch_tp0_64qam_mmse_seed12345.txt
pusch_tp0_64qam_mmse,PUSCH,12345,-5,200,ber,0.45233,4.5233e-01,configs/pusch_tp0_64qam_mmse_seed12345.cfg,logs/pusch_tp0_64qam_mmse_seed12345.txt
pusch_tp0_64qam_mmse,PUSCH,12345,-5,200,bler,1,1.0000,configs/pusch_tp0_64qam_mmse_seed12345.cfg,logs/pusch_tp0_64qam_mmse_seed12345.txt
pusch_tp0_64qam_mmse,PUSCH,12345,0,200,ber,0.39189,3.9189e-01,configs/pusch_tp0_64qam_mmse_seed12345.cfg,logs/pusch_tp0_64qam_mmse_seed12345.txt
pusch_tp0_64qam_mmse,PUSCH,12345,0,200,bler,1,1.0000,configs/pusch_tp0_64qam_mmse_seed12345.cfg,logs/pusch_tp0_64qam_mmse_seed12345.txt
pusch_tp0_64qam_mmse,PUSCH,12345,5,200,ber,0.29369,2.9369e-01,configs/pusch_tp0_64qam_mmse_seed12345.cfg,logs/pusch_tp0_64qam_mmse_seed12345.txt
pusch_tp0_64qam_mmse,PUSCH,12345,5,200,bler,1,1.0000,configs/pusch_tp0_64qam_mmse_seed12345.cfg,logs/pusch_tp0_64qam_mmse_seed12345.txt
pusch_tp0_64qam_mmse,PUSCH,12345,10,200,ber,0.18054,1.8054e-01,configs/pusch_tp0_64qam_mmse_seed12345.cfg,logs/pusch_tp0_64qam_mmse_seed12345.txt
pusch_tp0_64qam_mmse,PUSCH,12345,10,200,bler,1,1.0000,configs/pusch_tp0_64qam_mmse_seed12345.cfg,logs/pusch_tp0_64qam_mmse_seed12345.txt
pusch_tp0_64qam_mmse,PUSCH,12345,15,200,ber,0.0049271,4.9271e-03,configs/pusch_tp0_64qam_mmse_seed12345.cfg,logs/pusch_tp0_64qam_mmse_seed12345.txt
pusch_tp0_64qam_mmse,PUSCH,12345,15,200,bler,0.235,0.2350,configs/pusch_tp0_64qam_mmse_seed12345.cfg,logs/pusch_tp0_64qam_mmse_seed12345.txt
pusch_tp0_64qam_mmse,PUSCH,12345,20,200,ber,0.000052083,5.2083e-05,configs/pusch_tp0_64qam_mmse_seed12345.cfg,logs/pusch_tp0_64qam_mmse_seed12345.txt
pusch_tp0_64qam_mmse,PUSCH,12345,20,200,bler,0.02,0.0200,configs/pusch_tp0_64qam_mmse_seed12345.cfg,logs/pusch_tp0_64qam_mmse_seed12345.txt
pusch_tp0_64qam_mmse,PUSCH,67890,-10,200,ber,0.48462,4.8462e-01,configs/pusch_tp0_64qam_mmse_seed67890.cfg,logs/pusch_tp0_64qam_mmse_seed67890.txt
pusch_tp0_64qam_mmse,PUSCH,67890,-10,200,bler,1,1.0000,configs/pusch_tp0_64qam_mmse_seed67890.cfg,logs/pusch_tp0_64qam_mmse_seed67890.txt
pusch_tp0_64qam_mmse,PUSCH,67890,-5,200,ber,0.45719,4.5719e-01,configs/pusch_tp0_64qam_mmse_seed67890.cfg,logs/pusch_tp0_64qam_mmse_seed67890.txt
pusch_tp0_64qam_mmse,PUSCH,67890,-5,200,bler,1,1.0000,configs/pusch_tp0_64qam_mmse_seed67890.cfg,logs/pusch_tp0_64qam_mmse_seed67890.txt
pusch_tp0_64qam_mmse,PUSCH,67890,0,200,ber,0.39234,3.9234e-01,configs/pusch_tp0_64qam_mmse_seed67890.cfg,logs/pusch_tp0_64qam_mmse_seed67890.txt
pusch_tp0_64qam_mmse,PUSCH,67890,0,200,bler,1,1.0000,configs/pusch_tp0_64qam_mmse_seed67890.cfg,logs/pusch_tp0_64qam_mmse_seed67890.txt
pusch_tp0_64qam_mmse,PUSCH,67890,5,200,ber,0.29613,2.9613e-01,configs/pusch_tp0_64qam_mmse_seed67890.cfg,logs/pusch_tp0_64qam_mmse_seed67890.txt
pusch_tp0_64qam_mmse,PUSCH,67890,5,200,bler,1,1.0000,configs/pusch_tp0_64qam_mmse_seed67890.cfg,logs/pusch_tp0_64qam_mmse_seed67890.txt
pusch_tp0_64qam_mmse,PUSCH,67890,10,200,ber,0.18359,1.8359e-01,configs/pusch_tp0_64qam_mmse_seed67890.cfg,logs/pusch_tp0_64qam_mmse_seed67890.txt
pusch_tp0_64qam_mmse,PUSCH,67890,10,200,bler,1,1.0000,configs/pusch_tp0_64qam_mmse_seed67890.cfg,logs/pusch_tp0_64qam_mmse_seed67890.txt
pusch_tp0_64qam_mmse,PUSCH,67890,15,200,ber,0.0058125,5.8125e-03,configs/pusch_tp0_64qam_mmse_seed67890.cfg,logs/pusch_tp0_64qam_mmse_seed67890.txt
pusch_tp0_64qam_mmse,PUSCH,67890,15,200,bler,0.265,0.2650,configs/pusch_tp0_64qam_mmse_seed67890.cfg,logs/pusch_tp0_64qam_mmse_seed67890.txt
pusch_tp0_64qam_mmse,PUSCH,67890,20,200,ber,0.0000625,6.2500e-05,configs/pusch_tp0_64qam_mmse_seed67890.cfg,logs/pusch_tp0_64qam_mmse_seed67890.txt
pusch_tp0_64qam_mmse,PUSCH,67890,20,200,bler,0.02,0.0200,configs/pusch_tp0_64qam_mmse_seed67890.cfg,logs/pusch_tp0_64qam_mmse_seed67890.txt
pusch_tp1_64qam_mmse,PUSCH,12345,-10,200,ber,0.4871,4.8710e-01,configs/pusch_tp1_64qam_mmse_seed12345.cfg,logs/pusch_tp1_64qam_mmse_seed12345.txt
pusch_tp1_64qam_mmse,PUSCH,12345,-10,200,bler,1,1.0000,configs/pusch_tp1_64qam_mmse_seed12345.cfg,logs/pusch_tp1_64qam_mmse_seed12345.txt
pusch_tp1_64qam_mmse,PUSCH,12345,-5,200,ber,0.45982,4.5982e-01,configs/pusch_tp1_64qam_mmse_seed12345.cfg,logs/pusch_tp1_64qam_mmse_seed12345.txt
pusch_tp1_64qam_mmse,PUSCH,12345,-5,200,bler,1,1.0000,configs/pusch_tp1_64qam_mmse_seed12345.cfg,logs/pusch_tp1_64qam_mmse_seed12345.txt
pusch_tp1_64qam_mmse,PUSCH,12345,0,200,ber,0.39647,3.9647e-01,configs/pusch_tp1_64qam_mmse_seed12345.cfg,logs/pusch_tp1_64qam_mmse_seed12345.txt
pusch_tp1_64qam_mmse,PUSCH,12345,0,200,bler,1,1.0000,configs/pusch_tp1_64qam_mmse_seed12345.cfg,logs/pusch_tp1_64qam_mmse_seed12345.txt
pusch_tp1_64qam_mmse,PUSCH,12345,5,200,ber,0.2972,2.9720e-01,configs/pusch_tp1_64qam_mmse_seed12345.cfg,logs/pusch_tp1_64qam_mmse_seed12345.txt
pusch_tp1_64qam_mmse,PUSCH,12345,5,200,bler,1,1.0000,configs/pusch_tp1_64qam_mmse_seed12345.cfg,logs/pusch_tp1_64qam_mmse_seed12345.txt
pusch_tp1_64qam_mmse,PUSCH,12345,10,200,ber,0.1908,1.9080e-01,configs/pusch_tp1_64qam_mmse_seed12345.cfg,logs/pusch_tp1_64qam_mmse_seed12345.txt
pusch_tp1_64qam_mmse,PUSCH,12345,10,200,bler,1,1.0000,configs/pusch_tp1_64qam_mmse_seed12345.cfg,logs/pusch_tp1_64qam_mmse_seed12345.txt
pusch_tp1_64qam_mmse,PUSCH,12345,15,200,ber,0.0074687,7.4687e-03,configs/pusch_tp1_64qam_mmse_seed12345.cfg,logs/pusch_tp1_64qam_mmse_seed12345.txt
pusch_tp1_64qam_mmse,PUSCH,12345,15,200,bler,0.28,0.2800,configs/pusch_tp1_64qam_mmse_seed12345.cfg,logs/pusch_tp1_64qam_mmse_seed12345.txt
pusch_tp1_64qam_mmse,PUSCH,12345,20,200,ber,0.000041667,4.1667e-05,configs/pusch_tp1_64qam_mmse_seed12345.cfg,logs/pusch_tp1_64qam_mmse_seed12345.txt
pusch_tp1_64qam_mmse,PUSCH,12345,20,200,bler,0.015,0.0150,configs/pusch_tp1_64qam_mmse_seed12345.cfg,logs/pusch_tp1_64qam_mmse_seed12345.txt
pusch_tp1_64qam_mmse,PUSCH,67890,-10,200,ber,0.48406,4.8406e-01,configs/pusch_tp1_64qam_mmse_seed67890.cfg,logs/pusch_tp1_64qam_mmse_seed67890.txt
pusch_tp1_64qam_mmse,PUSCH,67890,-10,200,bler,1,1.0000,configs/pusch_tp1_64qam_mmse_seed67890.cfg,logs/pusch_tp1_64qam_mmse_seed67890.txt
pusch_tp1_64qam_mmse,PUSCH,67890,-5,200,ber,0.4585,4.5850e-01,configs/pusch_tp1_64qam_mmse_seed67890.cfg,logs/pusch_tp1_64qam_mmse_seed67890.txt
pusch_tp1_64qam_mmse,PUSCH,67890,-5,200,bler,1,1.0000,configs/pusch_tp1_64qam_mmse_seed67890.cfg,logs/pusch_tp1_64qam_mmse_seed67890.txt
pusch_tp1_64qam_mmse,PUSCH,67890,0,200,ber,0.39718,3.9718e-01,configs/pusch_tp1_64qam_mmse_seed67890.cfg,logs/pusch_tp1_64qam_mmse_seed67890.txt
pusch_tp1_64qam_mmse,PUSCH,67890,0,200,bler,1,1.0000,configs/pusch_tp1_64qam_mmse_seed67890.cfg,logs/pusch_tp1_64qam_mmse_seed67890.txt
pusch_tp1_64qam_mmse,PUSCH,67890,5,200,ber,0.29988,2.9988e-01,configs/pusch_tp1_64qam_mmse_seed67890.cfg,logs/pusch_tp1_64qam_mmse_seed67890.txt
pusch_tp1_64qam_mmse,PUSCH,67890,5,200,bler,1,1.0000,configs/pusch_tp1_64qam_mmse_seed67890.cfg,logs/pusch_tp1_64qam_mmse_seed67890.txt
pusch_tp1_64qam_mmse,PUSCH,67890,10,200,ber,0.19054,1.9054e-01,configs/pusch_tp1_64qam_mmse_seed67890.cfg,logs/pusch_tp1_64qam_mmse_seed67890.txt
pusch_tp1_64qam_mmse,PUSCH,67890,10,200,bler,1,1.0000,configs/pusch_tp1_64qam_mmse_seed67890.cfg,logs/pusch_tp1_64qam_mmse_seed67890.txt
pusch_tp1_64qam_mmse,PUSCH,67890,15,200,ber,0.010406,1.0406e-02,configs/pusch_tp1_64qam_mmse_seed67890.cfg,logs/pusch_tp1_64qam_mmse_seed67890.txt
pusch_tp1_64qam_mmse,PUSCH,67890,15,200,bler,0.37,0.3700,configs/pusch_tp1_64qam_mmse_seed67890.cfg,logs/pusch_tp1_64qam_mmse_seed67890.txt
pusch_tp1_64qam_mmse,PUSCH,67890,20,200,ber,0.000052083,5.2083e-05,configs/pusch_tp1_64qam_mmse_seed67890.cfg,logs/pusch_tp1_64qam_mmse_seed67890.txt
pusch_tp1_64qam_mmse,PUSCH,67890,20,200,bler,0.02,0.0200,configs/pusch_tp1_64qam_mmse_seed67890.cfg,logs/pusch_tp1_64qam_mmse_seed67890.txt
ber_64qam,BER,12345,-10,200,ber,0.37586,3.7586e-01,configs/ber_64qam_seed12345.cfg,logs/ber_64qam_seed12345.txt
ber_64qam,BER,12345,-10,200,bler,1,1.0000,configs/ber_64qam_seed12345.cfg,logs/ber_64qam_seed12345.txt
ber_64qam,BER,12345,-5,200,ber,0.28862,2.8862e-01,configs/ber_64qam_seed12345.cfg,logs/ber_64qam_seed12345.txt
ber_64qam,BER,12345,-5,200,bler,1,1.0000,configs/ber_64qam_seed12345.cfg,logs/ber_64qam_seed12345.txt
ber_64qam,BER,12345,0,200,ber,0.15837,1.5837e-01,configs/ber_64qam_seed12345.cfg,logs/ber_64qam_seed12345.txt
ber_64qam,BER,12345,0,200,bler,1,1.0000,configs/ber_64qam_seed12345.cfg,logs/ber_64qam_seed12345.txt
ber_64qam,BER,12345,5,200,ber,0.03775,3.7750e-02,configs/ber_64qam_seed12345.cfg,logs/ber_64qam_seed12345.txt
ber_64qam,BER,12345,5,200,bler,1,1.0000,configs/ber_64qam_seed12345.cfg,logs/ber_64qam_seed12345.txt
ber_64qam,BER,12345,10,200,ber,0.00086,8.6000e-04,configs/ber_64qam_seed12345.cfg,logs/ber_64qam_seed12345.txt
ber_64qam,BER,12345,10,200,bler,0.615,0.6150,configs/ber_64qam_seed12345.cfg,logs/ber_64qam_seed12345.txt
ber_64qam,BER,12345,15,200,ber,0,0.0000e+00,configs/ber_64qam_seed12345.cfg,logs/ber_64qam_seed12345.txt
ber_64qam,BER,12345,15,200,bler,0,0.0000,configs/ber_64qam_seed12345.cfg,logs/ber_64qam_seed12345.txt
ber_64qam,BER,12345,20,200,ber,0,0.0000e+00,configs/ber_64qam_seed12345.cfg,logs/ber_64qam_seed12345.txt
ber_64qam,BER,12345,20,200,bler,0,0.0000,configs/ber_64qam_seed12345.cfg,logs/ber_64qam_seed12345.txt
ber_64qam,BER,67890,-10,200,ber,0.3751,3.7510e-01,configs/ber_64qam_seed67890.cfg,logs/ber_64qam_seed67890.txt
ber_64qam,BER,67890,-10,200,bler,1,1.0000,configs/ber_64qam_seed67890.cfg,logs/ber_64qam_seed67890.txt
ber_64qam,BER,67890,-5,200,ber,0.28839,2.8839e-01,configs/ber_64qam_seed67890.cfg,logs/ber_64qam_seed67890.txt
ber_64qam,BER,67890,-5,200,bler,1,1.0000,configs/ber_64qam_seed67890.cfg,logs/ber_64qam_seed67890.txt
ber_64qam,BER,67890,0,200,ber,0.15763,1.5763e-01,configs/ber_64qam_seed67890.cfg,logs/ber_64qam_seed67890.txt
ber_64qam,BER,67890,0,200,bler,1,1.0000,configs/ber_64qam_seed67890.cfg,logs/ber_64qam_seed67890.txt
ber_64qam,BER,67890,5,200,ber,0.03802,3.8020e-02,configs/ber_64qam_seed67890.cfg,logs/ber_64qam_seed67890.txt
ber_64qam,BER,67890,5,200,bler,1,1.0000,configs/ber_64qam_seed67890.cfg,logs/ber_64qam_seed67890.txt
ber_64qam,BER,67890,10,200,ber,0.000755,7.5500e-04,configs/ber_64qam_seed67890.cfg,logs/ber_64qam_seed67890.txt
ber_64qam,BER,67890,10,200,bler,0.515,0.5150,configs/ber_64qam_seed67890.cfg,logs/ber_64qam_seed67890.txt
ber_64qam,BER,67890,15,200,ber,0,0.0000e+00,configs/ber_64qam_seed67890.cfg,logs/ber_64qam_seed67890.txt
ber_64qam,BER,67890,15,200,bler,0,0.0000,configs/ber_64qam_seed67890.cfg,logs/ber_64qam_seed67890.txt
ber_64qam,BER,67890,20,200,ber,0,0.0000e+00,configs/ber_64qam_seed67890.cfg,logs/ber_64qam_seed67890.txt
ber_64qam,BER,67890,20,200,bler,0,0.0000,configs/ber_64qam_seed67890.cfg,logs/ber_64qam_seed67890.txt
pdsch_coded_256qam,PDSCH,12345,-10,200,ber,0.46658,4.6658e-01,configs/pdsch_coded_256qam_seed12345.cfg,logs/pdsch_coded_256qam_seed12345.txt
pdsch_coded_256qam,PDSCH,12345,-10,200,bler,1,1.0000,configs/pdsch_coded_256qam_seed12345.cfg,logs/pdsch_coded_256qam_seed12345.txt
pdsch_coded_256qam,PDSCH,12345,-5,200,ber,0.44471,4.4471e-01,configs/pdsch_coded_256qam_seed12345.cfg,logs/pdsch_coded_256qam_seed12345.txt
pdsch_coded_256qam,PDSCH,12345,-5,200,bler,1,1.0000,configs/pdsch_coded_256qam_seed12345.cfg,logs/pdsch_coded_256qam_seed12345.txt
pdsch_coded_256qam,PDSCH,12345,0,200,ber,0.39512,3.9512e-01,configs/pdsch_coded_256qam_seed12345.cfg,logs/pdsch_coded_256qam_seed12345.txt
pdsch_coded_256qam,PDSCH,12345,0,200,bler,1,1.0000,configs/pdsch_coded_256qam_seed12345.cfg,logs/pdsch_coded_256qam_seed12345.txt
pdsch_coded_256qam,PDSCH,12345,5,200,ber,0.32254,3.2254e-01,configs/pdsch_coded_256qam_seed12345.cfg,logs/pdsch_coded_256qam_seed12345.txt
pdsch_coded_256qam,PDSCH,12345,5,200,bler,1,1.0000,configs/pdsch_coded_256qam_seed12345.cfg,logs/pdsch_coded_256qam_seed12345.txt
pdsch_coded_256qam,PDSCH,12345,10,200,ber,0.23811,2.3811e-01,configs/pdsch_coded_256qam_seed12345.cfg,logs/pdsch_coded_256qam_seed12345.txt
pdsch_coded_256qam,PDSCH,12345,10,200,bler,1,1.0000,configs/pdsch_coded_256qam_seed12345.cfg,logs/pdsch_coded_256qam_seed12345.txt
pdsch_coded_256qam,PDSCH,12345,15,200,ber,0.13572,1.3572e-01,configs/pdsch_coded_256qam_seed12345.cfg,logs/pdsch_coded_256qam_seed12345.txt
pdsch_coded_256qam,PDSCH,12345,15,200,bler,1,1.0000,configs/pdsch_coded_256qam_seed12345.cfg,logs/pdsch_coded_256qam_seed12345.txt
pdsch_coded_256qam,PDSCH,12345,20,200,ber,0.023496,2.3496e-02,configs/pdsch_coded_256qam_seed12345.cfg,logs/pdsch_coded_256qam_seed12345.txt
pdsch_coded_256qam,PDSCH,12345,20,200,bler,0.605,0.6050,configs/pdsch_coded_256qam_seed12345.cfg,logs/pdsch_coded_256qam_seed12345.txt
pdsch_coded_256qam,PDSCH,67890,-10,200,ber,0.4733,4.7330e-01,configs/pdsch_coded_256qam_seed67890.cfg,logs/pdsch_coded_256qam_seed67890.txt
pdsch_coded_256qam,PDSCH,67890,-10,200,bler,1,1.0000,configs/pdsch_coded_256qam_seed67890.cfg,logs/pdsch_coded_256qam_seed67890.txt
pdsch_coded_256qam,PDSCH,67890,-5,200,ber,0.44232,4.4232e-01,configs/pdsch_coded_256qam_seed67890.cfg,logs/pdsch_coded_256qam_seed67890.txt
pdsch_coded_256qam,PDSCH,67890,-5,200,bler,1,1.0000,configs/pdsch_coded_256qam_seed67890.cfg,logs/pdsch_coded_256qam_seed67890.txt
pdsch_coded_256qam,PDSCH,67890,0,200,ber,0.39371,3.9371e-01,configs/pdsch_coded_256qam_seed67890.cfg,logs/pdsch_coded_256qam_seed67890.txt
pdsch_coded_256qam,PDSCH,67890,0,200,bler,1,1.0000,configs/pdsch_coded_256qam_seed67890.cfg,logs/pdsch_coded_256qam_seed67890.txt
pdsch_coded_256qam,PDSCH,67890,5,200,ber,0.31764,3.1764e-01,configs/pdsch_coded_256qam_seed67890.cfg,logs/pdsch_coded_256qam_seed67890.txt
pdsch_coded_256qam,PDSCH,67890,5,200,bler,1,1.0000,configs/pdsch_coded_256qam_seed67890.cfg,logs/pdsch_coded_256qam_seed67890.txt
pdsch_coded_256qam,PDSCH,67890,10,200,ber,0.2349,2.3490e-01,configs/pdsch_coded_256qam_seed67890.cfg,logs/pdsch_coded_256qam_seed67890.txt
pdsch_coded_256qam,PDSCH,67890,10,200,bler,1,1.0000,configs/pdsch_coded_256qam_seed67890.cfg,logs/pdsch_coded_256qam_seed67890.txt
pdsch_coded_256qam,PDSCH,67890,15,200,ber,0.13543,1.3543e-01,configs/pdsch_coded_256qam_seed67890.cfg,logs/pdsch_coded_256qam_seed67890.txt
pdsch_coded_256qam,PDSCH,67890,15,200,bler,1,1.0000,configs/pdsch_coded_256qam_seed67890.cfg,logs/pdsch_coded_256qam_seed67890.txt
pdsch_coded_256qam,PDSCH,67890,20,200,ber,0.026855,2.6855e-02,configs/pdsch_coded_256qam_seed67890.cfg,logs/pdsch_coded_256qam_seed67890.txt
pdsch_coded_256qam,PDSCH,67890,20,200,bler,0.645,0.6450,configs/pdsch_coded_256qam_seed67890.cfg,logs/pdsch_coded_256qam_seed67890.txt
pdsch_dmrs_256qam_zf,PDSCH,12345,-10,200,ber,0.48844,4.8844e-01,configs/pdsch_dmrs_256qam_zf_seed12345.cfg,logs/pdsch_dmrs_256qam_zf_seed12345.txt
pdsch_dmrs_256qam_zf,PDSCH,12345,-10,200,bler,1,1.0000,configs/pdsch_dmrs_256qam_zf_seed12345.cfg,logs/pdsch_dmrs_256qam_zf_seed12345.txt
pdsch_dmrs_256qam_zf,PDSCH,12345,-5,200,ber,0.46575,4.6575e-01,configs/pdsch_dmrs_256qam_zf_seed12345.cfg,logs/pdsch_dmrs_256qam_zf_seed12345.txt
pdsch_dmrs_256qam_zf,PDSCH,12345,-5,200,bler,1,1.0000,configs/pdsch_dmrs_256qam_zf_seed12345.cfg,logs/pdsch_dmrs_256qam_zf_seed12345.txt
pdsch_dmrs_256qam_zf,PDSCH,12345,0,200,ber,0.42012,4.2012e-01,configs/pdsch_dmrs_256qam_zf_seed12345.cfg,logs/pdsch_dmrs_256qam_zf_seed12345.txt
pdsch_dmrs_256qam_zf,PDSCH,12345,0,200,bler,1,1.0000,configs/pdsch_dmrs_256qam_zf_seed12345.cfg,logs/pdsch_dmrs_256qam_zf_seed12345.txt
pdsch_dmrs_256qam_zf,PDSCH,12345,5,200,ber,0.34712,3.4712e-01,configs/pdsch_dmrs_256qam_zf_seed12345.cfg,logs/pdsch_dmrs_256qam_zf_seed12345.txt
pdsch_dmrs_256qam_zf,PDSCH,12345,5,200,bler,1,1.0000,configs/pdsch_dmrs_256qam_zf_seed12345.cfg,logs/pdsch_dmrs_256qam_zf_seed12345.txt
pdsch_dmrs_256qam_zf,PDSCH,12345,10,200,ber,0.26238,2.6238e-01,configs/pdsch_dmrs_256qam_zf_seed12345.cfg,logs/pdsch_dmrs_256qam_zf_seed12345.txt
pdsch_dmrs_256qam_zf,PDSCH,12345,10,200,bler,1,1.0000,configs/pdsch_dmrs_256qam_zf_seed12345.cfg,logs/pdsch_dmrs_256qam_zf_seed12345.txt
pdsch_dmrs_256qam_zf,PDSCH,12345,15,200,ber,0.1657,1.6570e-01,configs/pdsch_dmrs_256qam_zf_seed12345.cfg,logs/pdsch_dmrs_256qam_zf_seed12345.txt
pdsch_dmrs_256qam_zf,PDSCH,12345,15,200,bler,1,1.0000,configs/pdsch_dmrs_256qam_zf_seed12345.cfg,logs/pdsch_dmrs_256qam_zf_seed12345.txt
pdsch_dmrs_256qam_zf,PDSCH,12345,20,200,ber,0.062624,6.2624e-02,configs/pdsch_dmrs_256qam_zf_seed12345.cfg,logs/pdsch_dmrs_256qam_zf_seed12345.txt
pdsch_dmrs_256qam_zf,PDSCH,12345,20,200,bler,1,1.0000,configs/pdsch_dmrs_256qam_zf_seed12345.cfg,logs/pdsch_dmrs_256qam_zf_seed12345.txt
pdsch_dmrs_256qam_zf,PDSCH,67890,-10,200,ber,0.48645,4.8645e-01,configs/pdsch_dmrs_256qam_zf_seed67890.cfg,logs/pdsch_dmrs_256qam_zf_seed67890.txt
pdsch_dmrs_256qam_zf,PDSCH,67890,-10,200,bler,1,1.0000,configs/pdsch_dmrs_256qam_zf_seed67890.cfg,logs/pdsch_dmrs_256qam_zf_seed67890.txt
pdsch_dmrs_256qam_zf,PDSCH,67890,-5,200,ber,0.46806,4.6806e-01,configs/pdsch_dmrs_256qam_zf_seed67890.cfg,logs/pdsch_dmrs_256qam_zf_seed67890.txt
pdsch_dmrs_256qam_zf,PDSCH,67890,-5,200,bler,1,1.0000,configs/pdsch_dmrs_256qam_zf_seed67890.cfg,logs/pdsch_dmrs_256qam_zf_seed67890.txt
pdsch_dmrs_256qam_zf,PDSCH,67890,0,200,ber,0.42069,4.2069e-01,configs/pdsch_dmrs_256qam_zf_seed67890.cfg,logs/pdsch_dmrs_256qam_zf_seed67890.txt
pdsch_dmrs_256qam_zf,PDSCH,67890,0,200,bler,1,1.0000,configs/pdsch_dmrs_256qam_zf_seed67890.cfg,logs/pdsch_dmrs_256qam_zf_seed67890.txt
pdsch_dmrs_256qam_zf,PDSCH,67890,5,200,ber,0.34906,3.4906e-01,configs/pdsch_dmrs_256qam_zf_seed67890.cfg,logs/pdsch_dmrs_256qam_zf_seed67890.txt
pdsch_dmrs_256qam_zf,PDSCH,67890,5,200,bler,1,1.0000,configs/pdsch_dmrs_256qam_zf_seed67890.cfg,logs/pdsch_dmrs_256qam_zf_seed67890.txt
pdsch_dmrs_256qam_zf,PDSCH,67890,10,200,ber,0.26471,2.6471e-01,configs/pdsch_dmrs_256qam_zf_seed67890.cfg,logs/pdsch_dmrs_256qam_zf_seed67890.txt
pdsch_dmrs_256qam_zf,PDSCH,67890,10,200,bler,1,1.0000,configs/pdsch_dmrs_256qam_zf_seed67890.cfg,logs/pdsch_dmrs_256qam_zf_seed67890.txt
pdsch_dmrs_256qam_zf,PDSCH,67890,15,200,ber,0.16364,1.6364e-01,configs/pdsch_dmrs_256qam_zf_seed67890.cfg,logs/pdsch_dmrs_256qam_zf_seed67890.txt
pdsch_dmrs_256qam_zf,PDSCH,67890,15,200,bler,1,1.0000,configs/pdsch_dmrs_256qam_zf_seed67890.cfg,logs/pdsch_dmrs_256qam_zf_seed67890.txt
pdsch_dmrs_256qam_zf,PDSCH,67890,20,200,ber,0.059967,5.9967e-02,configs/pdsch_dmrs_256qam_zf_seed67890.cfg,logs/pdsch_dmrs_256qam_zf_seed67890.txt
pdsch_dmrs_256qam_zf,PDSCH,67890,20,200,bler,1,1.0000,configs/pdsch_dmrs_256qam_zf_seed67890.cfg,logs/pdsch_dmrs_256qam_zf_seed67890.txt
pusch_tp0_256qam_zf,PUSCH,12345,-10,200,ber,0.48704,4.8704e-01,configs/pusch_tp0_256qam_zf_seed12345.cfg,logs/pusch_tp0_256qam_zf_seed12345.txt
pusch_tp0_256qam_zf,PUSCH,12345,-10,200,bler,1,1.0000,configs/pusch_tp0_256qam_zf_seed12345.cfg,logs/pusch_tp0_256qam_zf_seed12345.txt
pusch_tp0_256qam_zf,PUSCH,12345,-5,200,ber,0.46659,4.6659e-01,configs/pusch_tp0_256qam_zf_seed12345.cfg,logs/pusch_tp0_256qam_zf_seed12345.txt
pusch_tp0_256qam_zf,PUSCH,12345,-5,200,bler,1,1.0000,configs/pusch_tp0_256qam_zf_seed12345.cfg,logs/pusch_tp0_256qam_zf_seed12345.txt
pusch_tp0_256qam_zf,PUSCH,12345,0,200,ber,0.41995,4.1995e-01,configs/pusch_tp0_256qam_zf_seed12345.cfg,logs/pusch_tp0_256qam_zf_seed12345.txt
pusch_tp0_256qam_zf,PUSCH,12345,0,200,bler,1,1.0000,configs/pusch_tp0_256qam_zf_seed12345.cfg,logs/pusch_tp0_256qam_zf_seed12345.txt
pusch_tp0_256qam_zf,PUSCH,12345,5,200,ber,0.347,3.4700e-01,configs/pusch_tp0_256qam_zf_seed12345.cfg,logs/pusch_tp0_256qam_zf_seed12345.txt
pusch_tp0_256qam_zf,PUSCH,12345,5,200,bler,1,1.0000,configs/pusch_tp0_256qam_zf_seed12345.cfg,logs/pusch_tp0_256qam_zf_seed12345.txt
pusch_tp0_256qam_zf,PUSCH,12345,10,200,ber,0.26344,2.6344e-01,configs/pusch_tp0_256qam_zf_seed12345.cfg,logs/pusch_tp0_256qam_zf_seed12345.txt
pusch_tp0_256qam_zf,PUSCH,12345,10,200,bler,1,1.0000,configs/pusch_tp0_256qam_zf_seed12345.cfg,logs/pusch_tp0_256qam_zf_seed12345.txt
pusch_tp0_256qam_zf,PUSCH,12345,15,200,ber,0.16452,1.6452e-01,configs/pusch_tp0_256qam_zf_seed12345.cfg,logs/pusch_tp0_256qam_zf_seed12345.txt
pusch_tp0_256qam_zf,PUSCH,12345,15,200,bler,1,1.0000,configs/pusch_tp0_256qam_zf_seed12345.cfg,logs/pusch_tp0_256qam_zf_seed12345.txt
pusch_tp0_256qam_zf,PUSCH,12345,20,200,ber,0.061322,6.1322e-02,configs/pusch_tp0_256qam_zf_seed12345.cfg,logs/pusch_tp0_256qam_zf_seed12345.txt
pusch_tp0_256qam_zf,PUSCH,12345,20,200,bler,1,1.0000,configs/pusch_tp0_256qam_zf_seed12345.cfg,logs/pusch_tp0_256qam_zf_seed12345.txt
pusch_tp0_256qam_zf,PUSCH,67890,-10,200,ber,0.48902,4.8902e-01,configs/pusch_tp0_256qam_zf_seed67890.cfg,logs/pusch_tp0_256qam_zf_seed67890.txt
pusch_tp0_256qam_zf,PUSCH,67890,-10,200,bler,1,1.0000,configs/pusch_tp0_256qam_zf_seed67890.cfg,logs/pusch_tp0_256qam_zf_seed67890.txt
pusch_tp0_256qam_zf,PUSCH,67890,-5,200,ber,0.46604,4.6604e-01,configs/pusch_tp0_256qam_zf_seed67890.cfg,logs/pusch_tp0_256qam_zf_seed67890.txt
pusch_tp0_256qam_zf,PUSCH,67890,-5,200,bler,1,1.0000,configs/pusch_tp0_256qam_zf_seed67890.cfg,logs/pusch_tp0_256qam_zf_seed67890.txt
pusch_tp0_256qam_zf,PUSCH,67890,0,200,ber,0.42163,4.2163e-01,configs/pusch_tp0_256qam_zf_seed67890.cfg,logs/pusch_tp0_256qam_zf_seed67890.txt
pusch_tp0_256qam_zf,PUSCH,67890,0,200,bler,1,1.0000,configs/pusch_tp0_256qam_zf_seed67890.cfg,logs/pusch_tp0_256qam_zf_seed67890.txt
pusch_tp0_256qam_zf,PUSCH,67890,5,200,ber,0.34917,3.4917e-01,configs/pusch_tp0_256qam_zf_seed67890.cfg,logs/pusch_tp0_256qam_zf_seed67890.txt
pusch_tp0_256qam_zf,PUSCH,67890,5,200,bler,1,1.0000,configs/pusch_tp0_256qam_zf_seed67890.cfg,logs/pusch_tp0_256qam_zf_seed67890.txt
pusch_tp0_256qam_zf,PUSCH,67890,10,200,ber,0.26195,2.6195e-01,configs/pusch_tp0_256qam_zf_seed67890.cfg,logs/pusch_tp0_256qam_zf_seed67890.txt
pusch_tp0_256qam_zf,PUSCH,67890,10,200,bler,1,1.0000,configs/pusch_tp0_256qam_zf_seed67890.cfg,logs/pusch_tp0_256qam_zf_seed67890.txt
pusch_tp0_256qam_zf,PUSCH,67890,15,200,ber,0.16372,1.6372e-01,configs/pusch_tp0_256qam_zf_seed67890.cfg,logs/pusch_tp0_256qam_zf_seed67890.txt
pusch_tp0_256qam_zf,PUSCH,67890,15,200,bler,1,1.0000,configs/pusch_tp0_256qam_zf_seed67890.cfg,logs/pusch_tp0_256qam_zf_seed67890.txt
pusch_tp0_256qam_zf,PUSCH,67890,20,200,ber,0.058848,5.8848e-02,configs/pusch_tp0_256qam_zf_seed67890.cfg,logs/pusch_tp0_256qam_zf_seed67890.txt
pusch_tp0_256qam_zf,PUSCH,67890,20,200,bler,1,1.0000,configs/pusch_tp0_256qam_zf_seed67890.cfg,logs/pusch_tp0_256qam_zf_seed67890.txt
pusch_tp1_256qam_zf,PUSCH,12345,-10,200,ber,0.49479,4.9479e-01,configs/pusch_tp1_256qam_zf_seed12345.cfg,logs/pusch_tp1_256qam_zf_seed12345.txt
pusch_tp1_256qam_zf,PUSCH,12345,-10,200,bler,1,1.0000,configs/pusch_tp1_256qam_zf_seed12345.cfg,logs/pusch_tp1_256qam_zf_seed12345.txt
pusch_tp1_256qam_zf,PUSCH,12345,-5,200,ber,0.4852,4.8520e-01,configs/pusch_tp1_256qam_zf_seed12345.cfg,logs/pusch_tp1_256qam_zf_seed12345.txt
pusch_tp1_256qam_zf,PUSCH,12345,-5,200,bler,1,1.0000,configs/pusch_tp1_256qam_zf_seed12345.cfg,logs/pusch_tp1_256qam_zf_seed12345.txt
pusch_tp1_256qam_zf,PUSCH,12345,0,200,ber,0.45613,4.5613e-01,configs/pusch_tp1_256qam_zf_seed12345.cfg,logs/pusch_tp1_256qam_zf_seed12345.txt
pusch_tp1_256qam_zf,PUSCH,12345,0,200,bler,1,1.0000,configs/pusch_tp1_256qam_zf_seed12345.cfg,logs/pusch_tp1_256qam_zf_seed12345.txt
pusch_tp1_256qam_zf,PUSCH,12345,5,200,ber,0.37382,3.7382e-01,configs/pusch_tp1_256qam_zf_seed12345.cfg,logs/pusch_tp1_256qam_zf_seed12345.txt
pusch_tp1_256qam_zf,PUSCH,12345,5,200,bler,1,1.0000,configs/pusch_tp1_256qam_zf_seed12345.cfg,logs/pusch_tp1_256qam_zf_seed12345.txt
pusch_tp1_256qam_zf,PUSCH,12345,10,200,ber,0.27316,2.7316e-01,configs/pusch_tp1_256qam_zf_seed12345.cfg,logs/pusch_tp1_256qam_zf_seed12345.txt
pusch_tp1_256qam_zf,PUSCH,12345,10,200,bler,1,1.0000,configs/pusch_tp1_256qam_zf_seed12345.cfg,logs/pusch_tp1_256qam_zf_seed12345.txt
pusch_tp1_256qam_zf,PUSCH,12345,15,200,ber,0.16995,1.6995e-01,configs/pusch_tp1_256qam_zf_seed12345.cfg,logs/pusch_tp1_256qam_zf_seed12345.txt
pusch_tp1_256qam_zf,PUSCH,12345,15,200,bler,1,1.0000,configs/pusch_tp1_256qam_zf_seed12345.cfg,logs/pusch_tp1_256qam_zf_seed12345.txt
pusch_tp1_256qam_zf,PUSCH,12345,20,200,ber,0.064323,6.4323e-02,configs/pusch_tp1_256qam_zf_seed12345.cfg,logs/pusch_tp1_256qam_zf_seed12345.txt
pusch_tp1_256qam_zf,PUSCH,12345,20,200,bler,1,1.0000,configs/pusch_tp1_256qam_zf_seed12345.cfg,logs/pusch_tp1_256qam_zf_seed12345.txt
pusch_tp1_256qam_zf,PUSCH,67890,-10,200,ber,0.49506,4.9506e-01,configs/pusch_tp1_256qam_zf_seed67890.cfg,logs/pusch_tp1_256qam_zf_seed67890.txt
pusch_tp1_256qam_zf,PUSCH,67890,-10,200,bler,1,1.0000,configs/pusch_tp1_256qam_zf_seed67890.cfg,logs/pusch_tp1_256qam_zf_seed67890.txt
pusch_tp1_256qam_zf,PUSCH,67890,-5,200,ber,0.48631,4.8631e-01,configs/pusch_tp1_256qam_zf_seed67890.cfg,logs/pusch_tp1_256qam_zf_seed67890.txt
pusch_tp1_256qam_zf,PUSCH,67890,-5,200,bler,1,1.0000,configs/pusch_tp1_256qam_zf_seed67890.cfg,logs/pusch_tp1_256qam_zf_seed67890.txt
pusch_tp1_256qam_zf,PUSCH,67890,0,200,ber,0.45643,4.5643e-01,configs/pusch_tp1_256qam_zf_seed67890.cfg,logs/pusch_tp1_256qam_zf_seed67890.txt
pusch_tp1_256qam_zf,PUSCH,67890,0,200,bler,1,1.0000,configs/pusch_tp1_256qam_zf_seed67890.cfg,logs/pusch_tp1_256qam_zf_seed67890.txt
pusch_tp1_256qam_zf,PUSCH,67890,5,200,ber,0.37156,3.7156e-01,configs/pusch_tp1_256qam_zf_seed67890.cfg,logs/pusch_tp1_256qam_zf_seed67890.txt
pusch_tp1_256qam_zf,PUSCH,67890,5,200,bler,1,1.0000,configs/pusch_tp1_256qam_zf_seed67890.cfg,logs/pusch_tp1_256qam_zf_seed67890.txt
pusch_tp1_256qam_zf,PUSCH,67890,10,200,ber,0.27188,2.7188e-01,configs/pusch_tp1_256qam_zf_seed67890.cfg,logs/pusch_tp1_256qam_zf_seed67890.txt
pusch_tp1_256qam_zf,PUSCH,67890,10,200,bler,1,1.0000,configs/pusch_tp1_256qam_zf_seed67890.cfg,logs/pusch_tp1_256qam_zf_seed67890.txt
pusch_tp1_256qam_zf,PUSCH,67890,15,200,ber,0.16942,1.6942e-01,configs/pusch_tp1_256qam_zf_seed67890.cfg,logs/pusch_tp1_256qam_zf_seed67890.txt
pusch_tp1_256qam_zf,PUSCH,67890,15,200,bler,1,1.0000,configs/pusch_tp1_256qam_zf_seed67890.cfg,logs/pusch_tp1_256qam_zf_seed67890.txt
pusch_tp1_256qam_zf,PUSCH,67890,20,200,ber,0.063783,6.3783e-02,configs/pusch_tp1_256qam_zf_seed67890.cfg,logs/pusch_tp1_256qam_zf_seed67890.txt
pusch_tp1_256qam_zf,PUSCH,67890,20,200,bler,1,1.0000,configs/pusch_tp1_256qam_zf_seed67890.cfg,logs/pusch_tp1_256qam_zf_seed67890.txt
pdsch_dmrs_256qam_mmse,PDSCH,12345,-10,200,ber,0.48824,4.8824e-01,configs/pdsch_dmrs_256qam_mmse_seed12345.cfg,logs/pdsch_dmrs_256qam_mmse_seed12345.txt
pdsch_dmrs_256qam_mmse,PDSCH,12345,-10,200,bler,1,1.0000,configs/pdsch_dmrs_256qam_mmse_seed12345.cfg,logs/pdsch_dmrs_256qam_mmse_seed12345.txt
pdsch_dmrs_256qam_mmse,PDSCH,12345,-5,200,ber,0.46538,4.6538e-01,configs/pdsch_dmrs_256qam_mmse_seed12345.cfg,logs/pdsch_dmrs_256qam_mmse_seed12345.txt
pdsch_dmrs_256qam_mmse,PDSCH,12345,-5,200,bler,1,1.0000,configs/pdsch_dmrs_256qam_mmse_seed12345.cfg,logs/pdsch_dmrs_256qam_mmse_seed12345.txt
pdsch_dmrs_256qam_mmse,PDSCH,12345,0,200,ber,0.41967,4.1967e-01,configs/pdsch_dmrs_256qam_mmse_seed12345.cfg,logs/pdsch_dmrs_256qam_mmse_seed12345.txt
pdsch_dmrs_256qam_mmse,PDSCH,12345,0,200,bler,1,1.0000,configs/pdsch_dmrs_256qam_mmse_seed12345.cfg,logs/pdsch_dmrs_256qam_mmse_seed12345.txt
pdsch_dmrs_256qam_mmse,PDSCH,12345,5,200,ber,0.34684,3.4684e-01,configs/pdsch_dmrs_256qam_mmse_seed12345.cfg,logs/pdsch_dmrs_256qam_mmse_seed12345.txt
pdsch_dmrs_256qam_mmse,PDSCH,12345,5,200,bler,1,1.0000,configs/pdsch_dmrs_256qam_mmse_seed12345.cfg,logs/pdsch_dmrs_256qam_mmse_seed12345.txt
pdsch_dmrs_256qam_mmse,PDSCH,12345,10,200,ber,0.26251,2.6251e-01,configs/pdsch_dmrs_256qam_mmse_seed12345.cfg,logs/pdsch_dmrs_256qam_mmse_seed12345.txt
pdsch_dmrs_256qam_mmse,PDSCH,12345,10,200,bler,1,1.0000,configs/pdsch_dmrs_256qam_mmse_seed12345.cfg,logs/pdsch_dmrs_256qam_mmse_seed12345.txt
pdsch_dmrs_256qam_mmse,PDSCH,12345,15,200,ber,0.16541,1.6541e-01,configs/pdsch_dmrs_256qam_mmse_seed12345.cfg,logs/pdsch_dmrs_256qam_mmse_seed12345.txt
pdsch_dmrs_256qam_mmse,PDSCH,12345,15,200,bler,1,1.0000,configs/pdsch_dmrs_256qam_mmse_seed12345.cfg,logs/pdsch_dmrs_256qam_mmse_seed12345.txt
pdsch_dmrs_256qam_mmse,PDSCH,12345,20,200,ber,0.062533,6.2533e-02,configs/pdsch_dmrs_256qam_mmse_seed12345.cfg,logs/pdsch_dmrs_256qam_mmse_seed12345.txt
pdsch_dmrs_256qam_mmse,PDSCH,12345,20,200,bler,1,1.0000,configs/pdsch_dmrs_256qam_mmse_seed12345.cfg,logs/pdsch_dmrs_256qam_mmse_seed12345.txt
pdsch_dmrs_256qam_mmse,PDSCH,67890,-10,200,ber,0.48649,4.8649e-01,configs/pdsch_dmrs_256qam_mmse_seed67890.cfg,logs/pdsch_dmrs_256qam_mmse_seed67890.txt
pdsch_dmrs_256qam_mmse,PDSCH,67890,-10,200,bler,1,1.0000,configs/pdsch_dmrs_256qam_mmse_seed67890.cfg,logs/pdsch_dmrs_256qam_mmse_seed67890.txt
pdsch_dmrs_256qam_mmse,PDSCH,67890,-5,200,ber,0.46798,4.6798e-01,configs/pdsch_dmrs_256qam_mmse_seed67890.cfg,logs/pdsch_dmrs_256qam_mmse_seed67890.txt
pdsch_dmrs_256qam_mmse,PDSCH,67890,-5,200,bler,1,1.0000,configs/pdsch_dmrs_256qam_mmse_seed67890.cfg,logs/pdsch_dmrs_256qam_mmse_seed67890.txt
pdsch_dmrs_256qam_mmse,PDSCH,67890,0,200,ber,0.42029,4.2029e-01,configs/pdsch_dmrs_256qam_mmse_seed67890.cfg,logs/pdsch_dmrs_256qam_mmse_seed67890.txt
pdsch_dmrs_256qam_mmse,PDSCH,67890,0,200,bler,1,1.0000,configs/pdsch_dmrs_256qam_mmse_seed67890.cfg,logs/pdsch_dmrs_256qam_mmse_seed67890.txt
pdsch_dmrs_256qam_mmse,PDSCH,67890,5,200,ber,0.34862,3.4862e-01,configs/pdsch_dmrs_256qam_mmse_seed67890.cfg,logs/pdsch_dmrs_256qam_mmse_seed67890.txt
pdsch_dmrs_256qam_mmse,PDSCH,67890,5,200,bler,1,1.0000,configs/pdsch_dmrs_256qam_mmse_seed67890.cfg,logs/pdsch_dmrs_256qam_mmse_seed67890.txt
pdsch_dmrs_256qam_mmse,PDSCH,67890,10,200,ber,0.26439,2.6439e-01,configs/pdsch_dmrs_256qam_mmse_seed67890.cfg,logs/pdsch_dmrs_256qam_mmse_seed67890.txt
pdsch_dmrs_256qam_mmse,PDSCH,67890,10,200,bler,1,1.0000,configs/pdsch_dmrs_256qam_mmse_seed67890.cfg,logs/pdsch_dmrs_256qam_mmse_seed67890.txt
pdsch_dmrs_256qam_mmse,PDSCH,67890,15,200,ber,0.16352,1.6352e-01,configs/pdsch_dmrs_256qam_mmse_seed67890.cfg,logs/pdsch_dmrs_256qam_mmse_seed67890.txt
pdsch_dmrs_256qam_mmse,PDSCH,67890,15,200,bler,1,1.0000,configs/pdsch_dmrs_256qam_mmse_seed67890.cfg,logs/pdsch_dmrs_256qam_mmse_seed67890.txt
pdsch_dmrs_256qam_mmse,PDSCH,67890,20,200,ber,0.060345,6.0345e-02,configs/pdsch_dmrs_256qam_mmse_seed67890.cfg,logs/pdsch_dmrs_256qam_mmse_seed67890.txt
pdsch_dmrs_256qam_mmse,PDSCH,67890,20,200,bler,1,1.0000,configs/pdsch_dmrs_256qam_mmse_seed67890.cfg,logs/pdsch_dmrs_256qam_mmse_seed67890.txt
pusch_tp0_256qam_mmse,PUSCH,12345,-10,200,ber,0.48676,4.8676e-01,configs/pusch_tp0_256qam_mmse_seed12345.cfg,logs/pusch_tp0_256qam_mmse_seed12345.txt
pusch_tp0_256qam_mmse,PUSCH,12345,-10,200,bler,1,1.0000,configs/pusch_tp0_256qam_mmse_seed12345.cfg,logs/pusch_tp0_256qam_mmse_seed12345.txt
pusch_tp0_256qam_mmse,PUSCH,12345,-5,200,ber,0.46633,4.6633e-01,configs/pusch_tp0_256qam_mmse_seed12345.cfg,logs/pusch_tp0_256qam_mmse_seed12345.txt
pusch_tp0_256qam_mmse,PUSCH,12345,-5,200,bler,1,1.0000,configs/pusch_tp0_256qam_mmse_seed12345.cfg,logs/pusch_tp0_256qam_mmse_seed12345.txt
pusch_tp0_256qam_mmse,PUSCH,12345,0,200,ber,0.41969,4.1969e-01,configs/pusch_tp0_256qam_mmse_seed12345.cfg,logs/pusch_tp0_256qam_mmse_seed12345.txt
pusch_tp0_256qam_mmse,PUSCH,12345,0,200,bler,1,1.0000,configs/pusch_tp0_256qam_mmse_seed12345.cfg,logs/pusch_tp0_256qam_mmse_seed12345.txt
pusch_tp0_256qam_mmse,PUSCH,12345,5,200,ber,0.34664,3.4664e-01,configs/pusch_tp0_256qam_mmse_seed12345.cfg,logs/pusch_tp0_256qam_mmse_seed12345.txt
pusch_tp0_256qam_mmse,PUSCH,12345,5,200,bler,1,1.0000,configs/pusch_tp0_256qam_mmse_seed12345.cfg,logs/pusch_tp0_256qam_mmse_seed12345.txt
pusch_tp0_256qam_mmse,PUSCH,12345,10,200,ber,0.26318,2.6318e-01,configs/pusch_tp0_256qam_mmse_seed12345.cfg,logs/pusch_tp0_256qam_mmse_seed12345.txt
pusch_tp0_256qam_mmse,PUSCH,12345,10,200,bler,1,1.0000,configs/pusch_tp0_256qam_mmse_seed12345.cfg,logs/pusch_tp0_256qam_mmse_seed12345.txt
pusch_tp0_256qam_mmse,PUSCH,12345,15,200,ber,0.1643,1.6430e-01,configs/pusch_tp0_256qam_mmse_seed12345.cfg,logs/pusch_tp0_256qam_mmse_seed12345.txt
pusch_tp0_256qam_mmse,PUSCH,12345,15,200,bler,1,1.0000,configs/pusch_tp0_256qam_mmse_seed12345.cfg,logs/pusch_tp0_256qam_mmse_seed12345.txt
pusch_tp0_256qam_mmse,PUSCH,12345,20,200,ber,0.060827,6.0827e-02,configs/pusch_tp0_256qam_mmse_seed12345.cfg,logs/pusch_tp0_256qam_mmse_seed12345.txt
pusch_tp0_256qam_mmse,PUSCH,12345,20,200,bler,1,1.0000,configs/pusch_tp0_256qam_mmse_seed12345.cfg,logs/pusch_tp0_256qam_mmse_seed12345.txt
pusch_tp0_256qam_mmse,PUSCH,67890,-10,200,ber,0.48896,4.8896e-01,configs/pusch_tp0_256qam_mmse_seed67890.cfg,logs/pusch_tp0_256qam_mmse_seed67890.txt
pusch_tp0_256qam_mmse,PUSCH,67890,-10,200,bler,1,1.0000,configs/pusch_tp0_256qam_mmse_seed67890.cfg,logs/pusch_tp0_256qam_mmse_seed67890.txt
pusch_tp0_256qam_mmse,PUSCH,67890,-5,200,ber,0.46605,4.6605e-01,configs/pusch_tp0_256qam_mmse_seed67890.cfg,logs/pusch_tp0_256qam_mmse_seed67890.txt
pusch_tp0_256qam_mmse,PUSCH,67890,-5,200,bler,1,1.0000,configs/pusch_tp0_256qam_mmse_seed67890.cfg,logs/pusch_tp0_256qam_mmse_seed67890.txt
pusch_tp0_256qam_mmse,PUSCH,67890,0,200,ber,0.42104,4.2104e-01,configs/pusch_tp0_256qam_mmse_seed67890.cfg,logs/pusch_tp0_256qam_mmse_seed67890.txt
pusch_tp0_256qam_mmse,PUSCH,67890,0,200,bler,1,1.0000,configs/pusch_tp0_256qam_mmse_seed67890.cfg,logs/pusch_tp0_256qam_mmse_seed67890.txt
pusch_tp0_256qam_mmse,PUSCH,67890,5,200,ber,0.34921,3.4921e-01,configs/pusch_tp0_256qam_mmse_seed67890.cfg,logs/pusch_tp0_256qam_mmse_seed67890.txt
pusch_tp0_256qam_mmse,PUSCH,67890,5,200,bler,1,1.0000,configs/pusch_tp0_256qam_mmse_seed67890.cfg,logs/pusch_tp0_256qam_mmse_seed67890.txt
pusch_tp0_256qam_mmse,PUSCH,67890,10,200,ber,0.26174,2.6174e-01,configs/pusch_tp0_256qam_mmse_seed67890.cfg,logs/pusch_tp0_256qam_mmse_seed67890.txt
pusch_tp0_256qam_mmse,PUSCH,67890,10,200,bler,1,1.0000,configs/pusch_tp0_256qam_mmse_seed67890.cfg,logs/pusch_tp0_256qam_mmse_seed67890.txt
pusch_tp0_256qam_mmse,PUSCH,67890,15,200,ber,0.16328,1.6328e-01,configs/pusch_tp0_256qam_mmse_seed67890.cfg,logs/pusch_tp0_256qam_mmse_seed67890.txt
pusch_tp0_256qam_mmse,PUSCH,67890,15,200,bler,1,1.0000,configs/pusch_tp0_256qam_mmse_seed67890.cfg,logs/pusch_tp0_256qam_mmse_seed67890.txt
pusch_tp0_256qam_mmse,PUSCH,67890,20,200,ber,0.058913,5.8913e-02,configs/pusch_tp0_256qam_mmse_seed67890.cfg,logs/pusch_tp0_256qam_mmse_seed67890.txt
pusch_tp0_256qam_mmse,PUSCH,67890,20,200,bler,1,1.0000,configs/pusch_tp0_256qam_mmse_seed67890.cfg,logs/pusch_tp0_256qam_mmse_seed67890.txt
pusch_tp1_256qam_mmse,PUSCH,12345,-10,200,ber,0.48806,4.8806e-01,configs/pusch_tp1_256qam_mmse_seed12345.cfg,logs/pusch_tp1_256qam_mmse_seed12345.txt
pusch_tp1_256qam_mmse,PUSCH,12345,-10,200,bler,1,1.0000,configs/pusch_tp1_256qam_mmse_seed12345.cfg,logs/pusch_tp1_256qam_mmse_seed12345.txt
pusch_tp1_256qam_mmse,PUSCH,12345,-5,200,ber,0.46866,4.6866e-01,configs/pusch_tp1_256qam_mmse_seed12345.cfg,logs/pusch_tp1_256qam_mmse_seed12345.txt
pusch_tp1_256qam_mmse,PUSCH,12345,-5,200,bler,1,1.0000,configs/pusch_tp1_256qam_mmse_seed12345.cfg,logs/pusch_tp1_256qam_mmse_seed12345.txt
pusch_tp1_256qam_mmse,PUSCH,12345,0,200,ber,0.4235,4.2350e-01,configs/pusch_tp1_256qam_mmse_seed12345.cfg,logs/pusch_tp1_256qam_mmse_seed12345.txt
pusch_tp1_256qam_mmse,PUSCH,12345,0,200,bler,1,1.0000,configs/pusch_tp1_256qam_mmse_seed12345.cfg,logs/pusch_tp1_256qam_mmse_seed12345.txt
pusch_tp1_256qam_mmse,PUSCH,12345,5,200,ber,0.3518,3.5180e-01,configs/pusch_tp1_256qam_mmse_seed12345.cfg,logs/pusch_tp1_256qam_mmse_seed12345.txt
pusch_tp1_256qam_mmse,PUSCH,12345,5,200,bler,1,1.0000,configs/pusch_tp1_256qam_mmse_seed12345.cfg,logs/pusch_tp1_256qam_mmse_seed12345.txt
pusch_tp1_256qam_mmse,PUSCH,12345,10,200,ber,0.26717,2.6717e-01,configs/pusch_tp1_256qam_mmse_seed12345.cfg,logs/pusch_tp1_256qam_mmse_seed12345.txt
pusch_tp1_256qam_mmse,PUSCH,12345,10,200,bler,1,1.0000,configs/pusch_tp1_256qam_mmse_seed12345.cfg,logs/pusch_tp1_256qam_mmse_seed12345.txt
pusch_tp1_256qam_mmse,PUSCH,12345,15,200,ber,0.16815,1.6815e-01,configs/pusch_tp1_256qam_mmse_seed12345.cfg,logs/pusch_tp1_256qam_mmse_seed12345.txt
pusch_tp1_256qam_mmse,PUSCH,12345,15,200,bler,1,1.0000,configs/pusch_tp1_256qam_mmse_seed12345.cfg,logs/pusch_tp1_256qam_mmse_seed12345.txt
pusch_tp1_256qam_mmse,PUSCH,12345,20,200,ber,0.063613,6.3613e-02,configs/pusch_tp1_256qam_mmse_seed12345.cfg,logs/pusch_tp1_256qam_mmse_seed12345.txt
pusch_tp1_256qam_mmse,PUSCH,12345,20,200,bler,1,1.0000,configs/pusch_tp1_256qam_mmse_seed12345.cfg,logs/pusch_tp1_256qam_mmse_seed12345.txt
pusch_tp1_256qam_mmse,PUSCH,67890,-10,200,ber,0.48905,4.8905e-01,configs/pusch_tp1_256qam_mmse_seed67890.cfg,logs/pusch_tp1_256qam_mmse_seed67890.txt
pusch_tp1_256qam_mmse,PUSCH,67890,-10,200,bler,1,1.0000,configs/pusch_tp1_256qam_mmse_seed67890.cfg,logs/pusch_tp1_256qam_mmse_seed67890.txt
pusch_tp1_256qam_mmse,PUSCH,67890,-5,200,ber,0.46673,4.6673e-01,configs/pusch_tp1_256qam_mmse_seed67890.cfg,logs/pusch_tp1_256qam_mmse_seed67890.txt
pusch_tp1_256qam_mmse,PUSCH,67890,-5,200,bler,1,1.0000,configs/pusch_tp1_256qam_mmse_seed67890.cfg,logs/pusch_tp1_256qam_mmse_seed67890.txt
pusch_tp1_256qam_mmse,PUSCH,67890,0,200,ber,0.42524,4.2524e-01,configs/pusch_tp1_256qam_mmse_seed67890.cfg,logs/pusch_tp1_256qam_mmse_seed67890.txt
pusch_tp1_256qam_mmse,PUSCH,67890,0,200,bler,1,1.0000,configs/pusch_tp1_256qam_mmse_seed67890.cfg,logs/pusch_tp1_256qam_mmse_seed67890.txt
pusch_tp1_256qam_mmse,PUSCH,67890,5,200,ber,0.35028,3.5028e-01,configs/pusch_tp1_256qam_mmse_seed67890.cfg,logs/pusch_tp1_256qam_mmse_seed67890.txt
pusch_tp1_256qam_mmse,PUSCH,67890,5,200,bler,1,1.0000,configs/pusch_tp1_256qam_mmse_seed67890.cfg,logs/pusch_tp1_256qam_mmse_seed67890.txt
pusch_tp1_256qam_mmse,PUSCH,67890,10,200,ber,0.26548,2.6548e-01,configs/pusch_tp1_256qam_mmse_seed67890.cfg,logs/pusch_tp1_256qam_mmse_seed67890.txt
pusch_tp1_256qam_mmse,PUSCH,67890,10,200,bler,1,1.0000,configs/pusch_tp1_256qam_mmse_seed67890.cfg,logs/pusch_tp1_256qam_mmse_seed67890.txt
pusch_tp1_256qam_mmse,PUSCH,67890,15,200,ber,0.16848,1.6848e-01,configs/pusch_tp1_256qam_mmse_seed67890.cfg,logs/pusch_tp1_256qam_mmse_seed67890.txt
pusch_tp1_256qam_mmse,PUSCH,67890,15,200,bler,1,1.0000,configs/pusch_tp1_256qam_mmse_seed67890.cfg,logs/pusch_tp1_256qam_mmse_seed67890.txt
pusch_tp1_256qam_mmse,PUSCH,67890,20,200,ber,0.062819,6.2819e-02,configs/pusch_tp1_256qam_mmse_seed67890.cfg,logs/pusch_tp1_256qam_mmse_seed67890.txt
pusch_tp1_256qam_mmse,PUSCH,67890,20,200,bler,1,1.0000,configs/pusch_tp1_256qam_mmse_seed67890.cfg,logs/pusch_tp1_256qam_mmse_seed67890.txt
ber_256qam,BER,12345,-10,200,ber,0.37586,3.7586e-01,configs/ber_256qam_seed12345.cfg,logs/ber_256qam_seed12345.txt
ber_256qam,BER,12345,-10,200,bler,1,1.0000,configs/ber_256qam_seed12345.cfg,logs/ber_256qam_seed12345.txt
ber_256qam,BER,12345,-5,200,ber,0.28862,2.8862e-01,configs/ber_256qam_seed12345.cfg,logs/ber_256qam_seed12345.txt
ber_256qam,BER,12345,-5,200,bler,1,1.0000,configs/ber_256qam_seed12345.cfg,logs/ber_256qam_seed12345.txt
ber_256qam,BER,12345,0,200,ber,0.15837,1.5837e-01,configs/ber_256qam_seed12345.cfg,logs/ber_256qam_seed12345.txt
ber_256qam,BER,12345,0,200,bler,1,1.0000,configs/ber_256qam_seed12345.cfg,logs/ber_256qam_seed12345.txt
ber_256qam,BER,12345,5,200,ber,0.03775,3.7750e-02,configs/ber_256qam_seed12345.cfg,logs/ber_256qam_seed12345.txt
ber_256qam,BER,12345,5,200,bler,1,1.0000,configs/ber_256qam_seed12345.cfg,logs/ber_256qam_seed12345.txt
ber_256qam,BER,12345,10,200,ber,0.00086,8.6000e-04,configs/ber_256qam_seed12345.cfg,logs/ber_256qam_seed12345.txt
ber_256qam,BER,12345,10,200,bler,0.615,0.6150,configs/ber_256qam_seed12345.cfg,logs/ber_256qam_seed12345.txt
ber_256qam,BER,12345,15,200,ber,0,0.0000e+00,configs/ber_256qam_seed12345.cfg,logs/ber_256qam_seed12345.txt
ber_256qam,BER,12345,15,200,bler,0,0.0000,configs/ber_256qam_seed12345.cfg,logs/ber_256qam_seed12345.txt
ber_256qam,BER,12345,20,200,ber,0,0.0000e+00,configs/ber_256qam_seed12345.cfg,logs/ber_256qam_seed12345.txt
ber_256qam,BER,12345,20,200,bler,0,0.0000,configs/ber_256qam_seed12345.cfg,logs/ber_256qam_seed12345.txt
ber_256qam,BER,67890,-10,200,ber,0.3751,3.7510e-01,configs/ber_256qam_seed67890.cfg,logs/ber_256qam_seed67890.txt
ber_256qam,BER,67890,-10,200,bler,1,1.0000,configs/ber_256qam_seed67890.cfg,logs/ber_256qam_seed67890.txt
ber_256qam,BER,67890,-5,200,ber,0.28839,2.8839e-01,configs/ber_256qam_seed67890.cfg,logs/ber_256qam_seed67890.txt
ber_256qam,BER,67890,-5,200,bler,1,1.0000,configs/ber_256qam_seed67890.cfg,logs/ber_256qam_seed67890.txt
ber_256qam,BER,67890,0,200,ber,0.15763,1.5763e-01,configs/ber_256qam_seed67890.cfg,logs/ber_256qam_seed67890.txt
ber_256qam,BER,67890,0,200,bler,1,1.0000,configs/ber_256qam_seed67890.cfg,logs/ber_256qam_seed67890.txt
ber_256qam,BER,67890,5,200,ber,0.03802,3.8020e-02,configs/ber_256qam_seed67890.cfg,logs/ber_256qam_seed67890.txt
ber_256qam,BER,67890,5,200,bler,1,1.0000,configs/ber_256qam_seed67890.cfg,logs/ber_256qam_seed67890.txt
ber_256qam,BER,67890,10,200,ber,0.000755,7.5500e-04,configs/ber_256qam_seed67890.cfg,logs/ber_256qam_seed67890.txt
ber_256qam,BER,67890,10,200,bler,0.515,0.5150,configs/ber_256qam_seed67890.cfg,logs/ber_256qam_seed67890.txt
ber_256qam,BER,67890,15,200,ber,0,0.0000e+00,configs/ber_256qam_seed67890.cfg,logs/ber_256qam_seed67890.txt
ber_256qam,BER,67890,15,200,bler,0,0.0000,configs/ber_256qam_seed67890.cfg,logs/ber_256qam_seed67890.txt
ber_256qam,BER,67890,20,200,ber,0,0.0000e+00,configs/ber_256qam_seed67890.cfg,logs/ber_256qam_seed67890.txt
ber_256qam,BER,67890,20,200,bler,0,0.0000,configs/ber_256qam_seed67890.cfg,logs/ber_256qam_seed67890.txt
pdsch_harq_ir,PDSCH,12345,-10,200,ber_final,0.44663,4.4663e-01,configs/pdsch_harq_ir_seed12345.cfg,logs/pdsch_harq_ir_seed12345.txt
pdsch_harq_ir,PDSCH,12345,-10,200,bler_first,1,1.0000,configs/pdsch_harq_ir_seed12345.cfg,logs/pdsch_harq_ir_seed12345.txt
pdsch_harq_ir,PDSCH,12345,-10,200,bler_harq,1,1.0000,configs/pdsch_harq_ir_seed12345.cfg,logs/pdsch_harq_ir_seed12345.txt
pdsch_harq_ir,PDSCH,12345,-10,200,avg_tx,4,4.00,configs/pdsch_harq_ir_seed12345.cfg,logs/pdsch_harq_ir_seed12345.txt
pdsch_harq_ir,PDSCH,12345,-5,200,ber_final,0.35529,3.5529e-01,configs/pdsch_harq_ir_seed12345.cfg,logs/pdsch_harq_ir_seed12345.txt
pdsch_harq_ir,PDSCH,12345,-5,200,bler_first,1,1.0000,configs/pdsch_harq_ir_seed12345.cfg,logs/pdsch_harq_ir_seed12345.txt
pdsch_harq_ir,PDSCH,12345,-5,200,bler_harq,1,1.0000,configs/pdsch_harq_ir_seed12345.cfg,logs/pdsch_harq_ir_seed12345.txt
pdsch_harq_ir,PDSCH,12345,-5,200,avg_tx,4,4.00,configs/pdsch_harq_ir_seed12345.cfg,logs/pdsch_harq_ir_seed12345.txt
pdsch_harq_ir,PDSCH,12345,0,200,ber_final,0.000048077,4.8077e-05,configs/pdsch_harq_ir_seed12345.cfg,logs/pdsch_harq_ir_seed12345.txt
pdsch_harq_ir,PDSCH,12345,0,200,bler_first,1,1.0000,configs/pdsch_harq_ir_seed12345.cfg,logs/pdsch_harq_ir_seed12345.txt
pdsch_harq_ir,PDSCH,12345,0,200,bler_harq,0.005,0.0050,configs/pdsch_harq_ir_seed12345.cfg,logs/pdsch_harq_ir_seed12345.txt
pdsch_harq_ir,PDSCH,12345,0,200,avg_tx,2.4,2.40,configs/pdsch_harq_ir_seed12345.cfg,logs/pdsch_harq_ir_seed12345.txt
pdsch_harq_ir,PDSCH,12345,5,200,ber_final,0,0.0000e+00,configs/pdsch_harq_ir_seed12345.cfg,logs/pdsch_harq_ir_seed12345.txt
pdsch_harq_ir,PDSCH,12345,5,200,bler_first,0.015,0.0150,configs/pdsch_harq_ir_seed12345.cfg,logs/pdsch_harq_ir_seed12345.txt
pdsch_harq_ir,PDSCH,12345,5,200,bler_harq,0,0.0000,configs/pdsch_harq_ir_seed12345.cfg,logs/pdsch_harq_ir_seed12345.txt
pdsch_harq_ir,PDSCH,12345,5,200,avg_tx,1.01,1.01,configs/pdsch_harq_ir_seed12345.cfg,logs/pdsch_harq_ir_seed12345.txt
pdsch_harq_ir,PDSCH,12345,10,200,ber_final,0,0.0000e+00,configs/pdsch_harq_ir_seed12345.cfg,logs/pdsch_harq_ir_seed12345.txt
pdsch_harq_ir,PDSCH,12345,10,200,bler_first,0.005,0.0050,configs/pdsch_harq_ir_seed12345.cfg,logs/pdsch_harq_ir_seed12345.txt
pdsch_harq_ir,PDSCH,12345,10,200,bler_harq,0,0.0000,configs/pdsch_harq_ir_seed12345.cfg,logs/pdsch_harq_ir_seed12345.txt
pdsch_harq_ir,PDSCH,12345,10,200,avg_tx,1,1.00,configs/pdsch_harq_ir_seed12345.cfg,logs/pdsch_harq_ir_seed12345.txt
pdsch_harq_ir,PDSCH,12345,15,200,ber_final,0,0.0000e+00,configs/pdsch_harq_ir_seed12345.cfg,logs/pdsch_harq_ir_seed12345.txt
pdsch_harq_ir,PDSCH,12345,15,200,bler_first,0,0.0000,configs/pdsch_harq_ir_seed12345.cfg,logs/pdsch_harq_ir_seed12345.txt
pdsch_harq_ir,PDSCH,12345,15,200,bler_harq,0,0.0000,configs/pdsch_harq_ir_seed12345.cfg,logs/pdsch_harq_ir_seed12345.txt
pdsch_harq_ir,PDSCH,12345,15,200,avg_tx,1,1.00,configs/pdsch_harq_ir_seed12345.cfg,logs/pdsch_harq_ir_seed12345.txt
pdsch_harq_ir,PDSCH,12345,20,200,ber_final,0,0.0000e+00,configs/pdsch_harq_ir_seed12345.cfg,logs/pdsch_harq_ir_seed12345.txt
pdsch_harq_ir,PDSCH,12345,20,200,bler_first,0,0.0000,configs/pdsch_harq_ir_seed12345.cfg,logs/pdsch_harq_ir_seed12345.txt
pdsch_harq_ir,PDSCH,12345,20,200,bler_harq,0,0.0000,configs/pdsch_harq_ir_seed12345.cfg,logs/pdsch_harq_ir_seed12345.txt
pdsch_harq_ir,PDSCH,12345,20,200,avg_tx,1,1.00,configs/pdsch_harq_ir_seed12345.cfg,logs/pdsch_harq_ir_seed12345.txt
pdsch_harq_ir,PDSCH,67890,-10,200,ber_final,0.44274,4.4274e-01,configs/pdsch_harq_ir_seed67890.cfg,logs/pdsch_harq_ir_seed67890.txt
pdsch_harq_ir,PDSCH,67890,-10,200,bler_first,1,1.0000,configs/pdsch_harq_ir_seed67890.cfg,logs/pdsch_harq_ir_seed67890.txt
pdsch_harq_ir,PDSCH,67890,-10,200,bler_harq,1,1.0000,configs/pdsch_harq_ir_seed67890.cfg,logs/pdsch_harq_ir_seed67890.txt
pdsch_harq_ir,PDSCH,67890,-10,200,avg_tx,4,4.00,configs/pdsch_harq_ir_seed67890.cfg,logs/pdsch_harq_ir_seed67890.txt
pdsch_harq_ir,PDSCH,67890,-5,200,ber_final,0.3526,3.5260e-01,configs/pdsch_harq_ir_seed67890.cfg,logs/pdsch_harq_ir_seed67890.txt
pdsch_harq_ir,PDSCH,67890,-5,200,bler_first,1,1.0000,configs/pdsch_harq_ir_seed67890.cfg,logs/pdsch_harq_ir_seed67890.txt
pdsch_harq_ir,PDSCH,67890,-5,200,bler_harq,1,1.0000,configs/pdsch_harq_ir_seed67890.cfg,logs/pdsch_harq_ir_seed67890.txt
pdsch_harq_ir,PDSCH,67890,-5,200,avg_tx,4,4.00,configs/pdsch_harq_ir_seed67890.cfg,logs/pdsch_harq_ir_seed67890.txt
pdsch_harq_ir,PDSCH,67890,0,200,ber_final,0.00014423,1.4423e-04,configs/pdsch_harq_ir_seed67890.cfg,logs/pdsch_harq_ir_seed67890.txt
pdsch_harq_ir,PDSCH,67890,0,200,bler_first,1,1.0000,configs/pdsch_harq_ir_seed67890.cfg,logs/pdsch_harq_ir_seed67890.txt
pdsch_harq_ir,PDSCH,67890,0,200,bler_harq,0.015,0.0150,configs/pdsch_harq_ir_seed67890.cfg,logs/pdsch_harq_ir_seed67890.txt
pdsch_harq_ir,PDSCH,67890,0,200,avg_tx,2.38,2.38,configs/pdsch_harq_ir_seed67890.cfg,logs/pdsch_harq_ir_seed67890.txt
pdsch_harq_ir,PDSCH,67890,5,200,ber_final,0,0.0000e+00,configs/pdsch_harq_ir_seed67890.cfg,logs/pdsch_harq_ir_seed67890.txt
pdsch_harq_ir,PDSCH,67890,5,200,bler_first,0.015,0.0150,configs/pdsch_harq_ir_seed67890.cfg,logs/pdsch_harq_ir_seed67890.txt
pdsch_harq_ir,PDSCH,67890,5,200,bler_harq,0,0.0000,configs/pdsch_harq_ir_seed67890.cfg,logs/pdsch_harq_ir_seed67890.txt
pdsch_harq_ir,PDSCH,67890,5,200,avg_tx,1.01,1.01,configs/pdsch_harq_ir_seed67890.cfg,logs/pdsch_harq_ir_seed67890.txt
pdsch_harq_ir,PDSCH,67890,10,200,ber_final,0,0.0000e+00,configs/pdsch_harq_ir_seed67890.cfg,logs/pdsch_harq_ir_seed67890.txt
pdsch_harq_ir,PDSCH,67890,10,200,bler_first,0,0.0000,configs/pdsch_harq_ir_seed67890.cfg,logs/pdsch_harq_ir_seed67890.txt
pdsch_harq_ir,PDSCH,67890,10,200,bler_harq,0,0.0000,configs/pdsch_harq_ir_seed67890.cfg,logs/pdsch_harq_ir_seed67890.txt
pdsch_harq_ir,PDSCH,67890,10,200,avg_tx,1,1.00,configs/pdsch_harq_ir_seed67890.cfg,logs/pdsch_harq_ir_seed67890.txt
pdsch_harq_ir,PDSCH,67890,15,200,ber_final,0,0.0000e+00,configs/pdsch_harq_ir_seed67890.cfg,logs/pdsch_harq_ir_seed67890.txt
pdsch_harq_ir,PDSCH,67890,15,200,bler_first,0,0.0000,configs/pdsch_harq_ir_seed67890.cfg,logs/pdsch_harq_ir_seed67890.txt
pdsch_harq_ir,PDSCH,67890,15,200,bler_harq,0,0.0000,configs/pdsch_harq_ir_seed67890.cfg,logs/pdsch_harq_ir_seed67890.txt
pdsch_harq_ir,PDSCH,67890,15,200,avg_tx,1,1.00,configs/pdsch_harq_ir_seed67890.cfg,logs/pdsch_harq_ir_seed67890.txt
pdsch_harq_ir,PDSCH,67890,20,200,ber_final,0,0.0000e+00,configs/pdsch_harq_ir_seed67890.cfg,logs/pdsch_harq_ir_seed67890.txt
pdsch_harq_ir,PDSCH,67890,20,200,bler_first,0,0.0000,configs/pdsch_harq_ir_seed67890.cfg,logs/pdsch_harq_ir_seed67890.txt
pdsch_harq_ir,PDSCH,67890,20,200,bler_harq,0,0.0000,configs/pdsch_harq_ir_seed67890.cfg,logs/pdsch_harq_ir_seed67890.txt
pdsch_harq_ir,PDSCH,67890,20,200,avg_tx,1,1.00,configs/pdsch_harq_ir_seed67890.cfg,logs/pdsch_harq_ir_seed67890.txt
pusch_tp0_harq_ir,PUSCH,12345,-10,200,ber_final,0.32231,3.2231e-01,configs/pusch_tp0_harq_ir_seed12345.cfg,logs/pusch_tp0_harq_ir_seed12345.txt
pusch_tp0_harq_ir,PUSCH,12345,-10,200,bler_first,1,1.0000,configs/pusch_tp0_harq_ir_seed12345.cfg,logs/pusch_tp0_harq_ir_seed12345.txt
pusch_tp0_harq_ir,PUSCH,12345,-10,200,bler_harq,1,1.0000,configs/pusch_tp0_harq_ir_seed12345.cfg,logs/pusch_tp0_harq_ir_seed12345.txt
pusch_tp0_harq_ir,PUSCH,12345,-10,200,avg_tx,4,4.00,configs/pusch_tp0_harq_ir_seed12345.cfg,logs/pusch_tp0_harq_ir_seed12345.txt
pusch_tp0_harq_ir,PUSCH,12345,-5,200,ber_final,0.0010577,1.0577e-03,configs/pusch_tp0_harq_ir_seed12345.cfg,logs/pusch_tp0_harq_ir_seed12345.txt
pusch_tp0_harq_ir,PUSCH,12345,-5,200,bler_first,1,1.0000,configs/pusch_tp0_harq_ir_seed12345.cfg,logs/pusch_tp0_harq_ir_seed12345.txt
pusch_tp0_harq_ir,PUSCH,12345,-5,200,bler_harq,0.02,0.0200,configs/pusch_tp0_harq_ir_seed12345.cfg,logs/pusch_tp0_harq_ir_seed12345.txt
pusch_tp0_harq_ir,PUSCH,12345,-5,200,avg_tx,3.54,3.54,configs/pusch_tp0_harq_ir_seed12345.cfg,logs/pusch_tp0_harq_ir_seed12345.txt
pusch_tp0_harq_ir,PUSCH,12345,0,200,ber_final,0,0.0000e+00,configs/pusch_tp0_harq_ir_seed12345.cfg,logs/pusch_tp0_harq_ir_seed12345.txt
pusch_tp0_harq_ir,PUSCH,12345,0,200,bler_first,0.685,0.6850,configs/pusch_tp0_harq_ir_seed12345.cfg,logs/pusch_tp0_harq_ir_seed12345.txt
pusch_tp0_harq_ir,PUSCH,12345,0,200,bler_harq,0,0.0000,configs/pusch_tp0_harq_ir_seed12345.cfg,logs/pusch_tp0_harq_ir_seed12345.txt
pusch_tp0_harq_ir,PUSCH,12345,0,200,avg_tx,1.69,1.69,configs/pusch_tp0_harq_ir_seed12345.cfg,logs/pusch_tp0_harq_ir_seed12345.txt
pusch_tp0_harq_ir,PUSCH,12345,5,200,ber_final,0,0.0000e+00,configs/pusch_tp0_harq_ir_seed12345.cfg,logs/pusch_tp0_harq_ir_seed12345.txt
pusch_tp0_harq_ir,PUSCH,12345,5,200,bler_first,0,0.0000,configs/pusch_tp0_harq_ir_seed12345.cfg,logs/pusch_tp0_harq_ir_seed12345.txt
pusch_tp0_harq_ir,PUSCH,12345,5,200,bler_harq,0,0.0000,configs/pusch_tp0_harq_ir_seed12345.cfg,logs/pusch_tp0_harq_ir_seed12345.txt
pusch_tp0_harq_ir,PUSCH,12345,5,200,avg_tx,1,1.00,configs/pusch_tp0_harq_ir_seed12345.cfg,logs/pusch_tp0_harq_ir_seed12345.txt
pusch_tp0_harq_ir,PUSCH,12345,10,200,ber_final,0,0.0000e+00,configs/pusch_tp0_harq_ir_seed12345.cfg,logs/pusch_tp0_harq_ir_seed12345.txt
pusch_tp0_harq_ir,PUSCH,12345,10,200,bler_first,0,0.0000,configs/pusch_tp0_harq_ir_seed12345.cfg,logs/pusch_tp0_harq_ir_seed12345.txt
pusch_tp0_harq_ir,PUSCH,12345,10,200,bler_harq,0,0.0000,configs/pusch_tp0_harq_ir_seed12345.cfg,logs/pusch_tp0_harq_ir_seed12345.txt
pusch_tp0_harq_ir,PUSCH,12345,10,200,avg_tx,1,1.00,configs/pusch_tp0_harq_ir_seed12345.cfg,logs/pusch_tp0_harq_ir_seed12345.txt
pusch_tp0_harq_ir,PUSCH,12345,15,200,ber_final,0,0.0000e+00,configs/pusch_tp0_harq_ir_seed12345.cfg,logs/pusch_tp0_harq_ir_seed12345.txt
pusch_tp0_harq_ir,PUSCH,12345,15,200,bler_first,0,0.0000,configs/pusch_tp0_harq_ir_seed12345.cfg,logs/pusch_tp0_harq_ir_seed12345.txt
pusch_tp0_harq_ir,PUSCH,12345,15,200,bler_harq,0,0.0000,configs/pusch_tp0_harq_ir_seed12345.cfg,logs/pusch_tp0_harq_ir_seed12345.txt
pusch_tp0_harq_ir,PUSCH,12345,15,200,avg_tx,1,1.00,configs/pusch_tp0_harq_ir_seed12345.cfg,logs/pusch_tp0_harq_ir_seed12345.txt
pusch_tp0_harq_ir,PUSCH,12345,20,200,ber_final,0,0.0000e+00,configs/pusch_tp0_harq_ir_seed12345.cfg,logs/pusch_tp0_harq_ir_seed12345.txt
pusch_tp0_harq_ir,PUSCH,12345,20,200,bler_first,0,0.0000,configs/pusch_tp0_harq_ir_seed12345.cfg,logs/pusch_tp0_harq_ir_seed12345.txt
pusch_tp0_harq_ir,PUSCH,12345,20,200,bler_harq,0,0.0000,configs/pusch_tp0_harq_ir_seed12345.cfg,logs/pusch_tp0_harq_ir_seed12345.txt
pusch_tp0_harq_ir,PUSCH,12345,20,200,avg_tx,1,1.00,configs/pusch_tp0_harq_ir_seed12345.cfg,logs/pusch_tp0_harq_ir_seed12345.txt
pusch_tp0_harq_ir,PUSCH,67890,-10,200,ber_final,0.31635,3.1635e-01,configs/pusch_tp0_harq_ir_seed67890.cfg,logs/pusch_tp0_harq_ir_seed67890.txt
pusch_tp0_harq_ir,PUSCH,67890,-10,200,bler_first,1,1.0000,configs/pusch_tp0_harq_ir_seed67890.cfg,logs/pusch_tp0_harq_ir_seed67890.txt
pusch_tp0_harq_ir,PUSCH,67890,-10,200,bler_harq,1,1.0000,configs/pusch_tp0_harq_ir_seed67890.cfg,logs/pusch_tp0_harq_ir_seed67890.txt
pusch_tp0_harq_ir,PUSCH,67890,-10,200,avg_tx,4,4.00,configs/pusch_tp0_harq_ir_seed67890.cfg,logs/pusch_tp0_harq_ir_seed67890.txt
pusch_tp0_harq_ir,PUSCH,67890,-5,200,ber_final,0.0025481,2.5481e-03,configs/pusch_tp0_harq_ir_seed67890.cfg,logs/pusch_tp0_harq_ir_seed67890.txt
pusch_tp0_harq_ir,PUSCH,67890,-5,200,bler_first,1,1.0000,configs/pusch_tp0_harq_ir_seed67890.cfg,logs/pusch_tp0_harq_ir_seed67890.txt
pusch_tp0_harq_ir,PUSCH,67890,-5,200,bler_harq,0.025,0.0250,configs/pusch_tp0_harq_ir_seed67890.cfg,logs/pusch_tp0_harq_ir_seed67890.txt
pusch_tp0_harq_ir,PUSCH,67890,-5,200,avg_tx,3.52,3.52,configs/pusch_tp0_harq_ir_seed67890.cfg,logs/pusch_tp0_harq_ir_seed67890.txt
pusch_tp0_harq_ir,PUSCH,67890,0,200,ber_final,0,0.0000e+00,configs/pusch_tp0_harq_ir_seed67890.cfg,logs/pusch_tp0_harq_ir_seed67890.txt
pusch_tp0_harq_ir,PUSCH,67890,0,200,bler_first,0.725,0.7250,configs/pusch_tp0_harq_ir_seed67890.cfg,logs/pusch_tp0_harq_ir_seed67890.txt
pusch_tp0_harq_ir,PUSCH,67890,0,200,bler_harq,0,0.0000,configs/pusch_tp0_harq_ir_seed67890.cfg,logs/pusch_tp0_harq_ir_seed67890.txt
pusch_tp0_harq_ir,PUSCH,67890,0,200,avg_tx,1.73,1.73,configs/pusch_tp0_harq_ir_seed67890.cfg,logs/pusch_tp0_harq_ir_seed67890.txt
pusch_tp0_harq_ir,PUSCH,67890,5,200,ber_final,0,0.0000e+00,configs/pusch_tp0_harq_ir_seed67890.cfg,logs/pusch_tp0_harq_ir_seed67890.txt
pusch_tp0_harq_ir,PUSCH,67890,5,200,bler_first,0,0.0000,configs/pusch_tp0_harq_ir_seed67890.cfg,logs/pusch_tp0_harq_ir_seed67890.txt
pusch_tp0_harq_ir,PUSCH,67890,5,200,bler_harq,0,0.0000,configs/pusch_tp0_harq_ir_seed67890.cfg,logs/pusch_tp0_harq_ir_seed67890.txt
pusch_tp0_harq_ir,PUSCH,67890,5,200,avg_tx,1,1.00,configs/pusch_tp0_harq_ir_seed67890.cfg,logs/pusch_tp0_harq_ir_seed67890.txt
pusch_tp0_harq_ir,PUSCH,67890,10,200,ber_final,0,0.0000e+00,configs/pusch_tp0_harq_ir_seed67890.cfg,logs/pusch_tp0_harq_ir_seed67890.txt
pusch_tp0_harq_ir,PUSCH,67890,10,200,bler_first,0,0.0000,configs/pusch_tp0_harq_ir_seed67890.cfg,logs/pusch_tp0_harq_ir_seed67890.txt
pusch_tp0_harq_ir,PUSCH,67890,10,200,bler_harq,0,0.0000,configs/pusch_tp0_harq_ir_seed67890.cfg,logs/pusch_tp0_harq_ir_seed67890.txt
pusch_tp0_harq_ir,PUSCH,67890,10,200,avg_tx,1,1.00,configs/pusch_tp0_harq_ir_seed67890.cfg,logs/pusch_tp0_harq_ir_seed67890.txt
pusch_tp0_harq_ir,PUSCH,67890,15,200,ber_final,0,0.0000e+00,configs/pusch_tp0_harq_ir_seed67890.cfg,logs/pusch_tp0_harq_ir_seed67890.txt
pusch_tp0_harq_ir,PUSCH,67890,15,200,bler_first,0,0.0000,configs/pusch_tp0_harq_ir_seed67890.cfg,logs/pusch_tp0_harq_ir_seed67890.txt
pusch_tp0_harq_ir,PUSCH,67890,15,200,bler_harq,0,0.0000,configs/pusch_tp0_harq_ir_seed67890.cfg,logs/pusch_tp0_harq_ir_seed67890.txt
pusch_tp0_harq_ir,PUSCH,67890,15,200,avg_tx,1,1.00,configs/pusch_tp0_harq_ir_seed67890.cfg,logs/pusch_tp0_harq_ir_seed67890.txt
pusch_tp0_harq_ir,PUSCH,67890,20,200,ber_final,0,0.0000e+00,configs/pusch_tp0_harq_ir_seed67890.cfg,logs/pusch_tp0_harq_ir_seed67890.txt
pusch_tp0_harq_ir,PUSCH,67890,20,200,bler_first,0,0.0000,configs/pusch_tp0_harq_ir_seed67890.cfg,logs/pusch_tp0_harq_ir_seed67890.txt
pusch_tp0_harq_ir,PUSCH,67890,20,200,bler_harq,0,0.0000,configs/pusch_tp0_harq_ir_seed67890.cfg,logs/pusch_tp0_harq_ir_seed67890.txt
pusch_tp0_harq_ir,PUSCH,67890,20,200,avg_tx,1,1.00,configs/pusch_tp0_harq_ir_seed67890.cfg,logs/pusch_tp0_harq_ir_seed67890.txt
pusch_tp1_harq_ir,PUSCH,12345,-10,200,ber_final,0.31668,3.1668e-01,configs/pusch_tp1_harq_ir_seed12345.cfg,logs/pusch_tp1_harq_ir_seed12345.txt
pusch_tp1_harq_ir,PUSCH,12345,-10,200,bler_first,1,1.0000,configs/pusch_tp1_harq_ir_seed12345.cfg,logs/pusch_tp1_harq_ir_seed12345.txt
pusch_tp1_harq_ir,PUSCH,12345,-10,200,bler_harq,1,1.0000,configs/pusch_tp1_harq_ir_seed12345.cfg,logs/pusch_tp1_harq_ir_seed12345.txt
pusch_tp1_harq_ir,PUSCH,12345,-10,200,avg_tx,4,4.00,configs/pusch_tp1_harq_ir_seed12345.cfg,logs/pusch_tp1_harq_ir_seed12345.txt
pusch_tp1_harq_ir,PUSCH,12345,-5,200,ber_final,0.0024038,2.4038e-03,configs/pusch_tp1_harq_ir_seed12345.cfg,logs/pusch_tp1_harq_ir_seed12345.txt
pusch_tp1_harq_ir,PUSCH,12345,-5,200,bler_first,1,1.0000,configs/pusch_tp1_harq_ir_seed12345.cfg,logs/pusch_tp1_harq_ir_seed12345.txt
pusch_tp1_harq_ir,PUSCH,12345,-5,200,bler_harq,0.035,0.0350,configs/pusch_tp1_harq_ir_seed12345.cfg,logs/pusch_tp1_harq_ir_seed12345.txt
pusch_tp1_harq_ir,PUSCH,12345,-5,200,avg_tx,3.56,3.56,configs/pusch_tp1_harq_ir_seed12345.cfg,logs/pusch_tp1_harq_ir_seed12345.txt
pusch_tp1_harq_ir,PUSCH,12345,0,200,ber_final,0,0.0000e+00,configs/pusch_tp1_harq_ir_seed12345.cfg,logs/pusch_tp1_harq_ir_seed12345.txt
pusch_tp1_harq_ir,PUSCH,12345,0,200,bler_first,0.695,0.6950,configs/pusch_tp1_harq_ir_seed12345.cfg,logs/pusch_tp1_harq_ir_seed12345.txt
pusch_tp1_harq_ir,PUSCH,12345,0,200,bler_harq,0,0.0000,configs/pusch_tp1_harq_ir_seed12345.cfg,logs/pusch_tp1_harq_ir_seed12345.txt
pusch_tp1_harq_ir,PUSCH,12345,0,200,avg_tx,1.7,1.70,configs/pusch_tp1_harq_ir_seed12345.cfg,logs/pusch_tp1_harq_ir_seed12345.txt
pusch_tp1_harq_ir,PUSCH,12345,5,200,ber_final,0,0.0000e+00,configs/pusch_tp1_harq_ir_seed12345.cfg,logs/pusch_tp1_harq_ir_seed12345.txt
pusch_tp1_harq_ir,PUSCH,12345,5,200,bler_first,0,0.0000,configs/pusch_tp1_harq_ir_seed12345.cfg,logs/pusch_tp1_harq_ir_seed12345.txt
pusch_tp1_harq_ir,PUSCH,12345,5,200,bler_harq,0,0.0000,configs/pusch_tp1_harq_ir_seed12345.cfg,logs/pusch_tp1_harq_ir_seed12345.txt
pusch_tp1_harq_ir,PUSCH,12345,5,200,avg_tx,1,1.00,configs/pusch_tp1_harq_ir_seed12345.cfg,logs/pusch_tp1_harq_ir_seed12345.txt
pusch_tp1_harq_ir,PUSCH,12345,10,200,ber_final,0,0.0000e+00,configs/pusch_tp1_harq_ir_seed12345.cfg,logs/pusch_tp1_harq_ir_seed12345.txt
pusch_tp1_harq_ir,PUSCH,12345,10,200,bler_first,0,0.0000,configs/pusch_tp1_harq_ir_seed12345.cfg,logs/pusch_tp1_harq_ir_seed12345.txt
pusch_tp1_harq_ir,PUSCH,12345,10,200,bler_harq,0,0.0000,configs/pusch_tp1_harq_ir_seed12345.cfg,logs/pusch_tp1_harq_ir_seed12345.txt
pusch_tp1_harq_ir,PUSCH,12345,10,200,avg_tx,1,1.00,configs/pusch_tp1_harq_ir_seed12345.cfg,logs/pusch_tp1_harq_ir_seed12345.txt
pusch_tp1_harq_ir,PUSCH,12345,15,200,ber_final,0,0.0000e+00,configs/pusch_tp1_harq_ir_seed12345.cfg,logs/pusch_tp1_harq_ir_seed12345.txt
pusch_tp1_harq_ir,PUSCH,12345,15,200,bler_first,0,0.0000,configs/pusch_tp1_harq_ir_seed12345.cfg,logs/pusch_tp1_harq_ir_seed12345.txt
pusch_tp1_harq_ir,PUSCH,12345,15,200,bler_harq,0,0.0000,configs/pusch_tp1_harq_ir_seed12345.cfg,logs/pusch_tp1_harq_ir_seed12345.txt
pusch_tp1_harq_ir,PUSCH,12345,15,200,avg_tx,1,1.00,configs/pusch_tp1_harq_ir_seed12345.cfg,logs/pusch_tp1_harq_ir_seed12345.txt
pusch_tp1_harq_ir,PUSCH,12345,20,200,ber_final,0,0.0000e+00,configs/pusch_tp1_harq_ir_seed12345.cfg,logs/pusch_tp1_harq_ir_seed12345.txt
pusch_tp1_harq_ir,PUSCH,12345,20,200,bler_first,0,0.0000,configs/pusch_tp1_harq_ir_seed12345.cfg,logs/pusch_tp1_harq_ir_seed12345.txt
pusch_tp1_harq_ir,PUSCH,12345,20,200,bler_harq,0,0.0000,configs/pusch_tp1_harq_ir_seed12345.cfg,logs/pusch_tp1_harq_ir_seed12345.txt
pusch_tp1_harq_ir,PUSCH,12345,20,200,avg_tx,1,1.00,configs/pusch_tp1_harq_ir_seed12345.cfg,logs/pusch_tp1_harq_ir_seed12345.txt
pusch_tp1_harq_ir,PUSCH,67890,-10,200,ber_final,0.31692,3.1692e-01,configs/pusch_tp1_harq_ir_seed67890.cfg,logs/pusch_tp1_harq_ir_seed67890.txt
pusch_tp1_harq_ir,PUSCH,67890,-10,200,bler_first,1,1.0000,configs/pusch_tp1_harq_ir_seed67890.cfg,logs/pusch_tp1_harq_ir_seed67890.txt
pusch_tp1_harq_ir,PUSCH,67890,-10,200,bler_harq,1,1.0000,configs/pusch_tp1_harq_ir_seed67890.cfg,logs/pusch_tp1_harq_ir_seed67890.txt
pusch_tp1_harq_ir,PUSCH,67890,-10,200,avg_tx,4,4.00,configs/pusch_tp1_harq_ir_seed67890.cfg,logs/pusch_tp1_harq_ir_seed67890.txt
pusch_tp1_harq_ir,PUSCH,67890,-5,200,ber_final,0.0024519,2.4519e-03,configs/pusch_tp1_harq_ir_seed67890.cfg,logs/pusch_tp1_harq_ir_seed67890.txt
pusch_tp1_harq_ir,PUSCH,67890,-5,200,bler_first,1,1.0000,configs/pusch_tp1_harq_ir_seed67890.cfg,logs/pusch_tp1_harq_ir_seed67890.txt
pusch_tp1_harq_ir,PUSCH,67890,-5,200,bler_harq,0.025,0.0250,configs/pusch_tp1_harq_ir_seed67890.cfg,logs/pusch_tp1_harq_ir_seed67890.txt
pusch_tp1_harq_ir,PUSCH,67890,-5,200,avg_tx,3.56,3.56,configs/pusch_tp1_harq_ir_seed67890.cfg,logs/pusch_tp1_harq_ir_seed67890.txt
pusch_tp1_harq_ir,PUSCH,67890,0,200,ber_final,0,0.0000e+00,configs/pusch_tp1_harq_ir_seed67890.cfg,logs/pusch_tp1_harq_ir_seed67890.txt
pusch_tp1_harq_ir,PUSCH,67890,0,200,bler_first,0.81,0.8100,configs/pusch_tp1_harq_ir_seed67890.cfg,logs/pusch_tp1_harq_ir_seed67890.txt
pusch_tp1_harq_ir,PUSCH,67890,0,200,bler_harq,0,0.0000,configs/pusch_tp1_harq_ir_seed67890.cfg,logs/pusch_tp1_harq_ir_seed67890.txt
pusch_tp1_harq_ir,PUSCH,67890,0,200,avg_tx,1.81,1.81,configs/pusch_tp1_harq_ir_seed67890.cfg,logs/pusch_tp1_harq_ir_seed67890.txt
pusch_tp1_harq_ir,PUSCH,67890,5,200,ber_final,0,0.0000e+00,configs/pusch_tp1_harq_ir_seed67890.cfg,logs/pusch_tp1_harq_ir_seed67890.txt
pusch_tp1_harq_ir,PUSCH,67890,5,200,bler_first,0,0.0000,configs/pusch_tp1_harq_ir_seed67890.cfg,logs/pusch_tp1_harq_ir_seed67890.txt
pusch_tp1_harq_ir,PUSCH,67890,5,200,bler_harq,0,0.0000,configs/pusch_tp1_harq_ir_seed67890.cfg,logs/pusch_tp1_harq_ir_seed67890.txt
pusch_tp1_harq_ir,PUSCH,67890,5,200,avg_tx,1,1.00,configs/pusch_tp1_harq_ir_seed67890.cfg,logs/pusch_tp1_harq_ir_seed67890.txt
pusch_tp1_harq_ir,PUSCH,67890,10,200,ber_final,0,0.0000e+00,configs/pusch_tp1_harq_ir_seed67890.cfg,logs/pusch_tp1_harq_ir_seed67890.txt
pusch_tp1_harq_ir,PUSCH,67890,10,200,bler_first,0,0.0000,configs/pusch_tp1_harq_ir_seed67890.cfg,logs/pusch_tp1_harq_ir_seed67890.txt
pusch_tp1_harq_ir,PUSCH,67890,10,200,bler_harq,0,0.0000,configs/pusch_tp1_harq_ir_seed67890.cfg,logs/pusch_tp1_harq_ir_seed67890.txt
pusch_tp1_harq_ir,PUSCH,67890,10,200,avg_tx,1,1.00,configs/pusch_tp1_harq_ir_seed67890.cfg,logs/pusch_tp1_harq_ir_seed67890.txt
pusch_tp1_harq_ir,PUSCH,67890,15,200,ber_final,0,0.0000e+00,configs/pusch_tp1_harq_ir_seed67890.cfg,logs/pusch_tp1_harq_ir_seed67890.txt
pusch_tp1_harq_ir,PUSCH,67890,15,200,bler_first,0,0.0000,configs/pusch_tp1_harq_ir_seed67890.cfg,logs/pusch_tp1_harq_ir_seed67890.txt
pusch_tp1_harq_ir,PUSCH,67890,15,200,bler_harq,0,0.0000,configs/pusch_tp1_harq_ir_seed67890.cfg,logs/pusch_tp1_harq_ir_seed67890.txt
pusch_tp1_harq_ir,PUSCH,67890,15,200,avg_tx,1,1.00,configs/pusch_tp1_harq_ir_seed67890.cfg,logs/pusch_tp1_harq_ir_seed67890.txt
pusch_tp1_harq_ir,PUSCH,67890,20,200,ber_final,0,0.0000e+00,configs/pusch_tp1_harq_ir_seed67890.cfg,logs/pusch_tp1_harq_ir_seed67890.txt
pusch_tp1_harq_ir,PUSCH,67890,20,200,bler_first,0,0.0000,configs/pusch_tp1_harq_ir_seed67890.cfg,logs/pusch_tp1_harq_ir_seed67890.txt
pusch_tp1_harq_ir,PUSCH,67890,20,200,bler_harq,0,0.0000,configs/pusch_tp1_harq_ir_seed67890.cfg,logs/pusch_tp1_harq_ir_seed67890.txt
pusch_tp1_harq_ir,PUSCH,67890,20,200,avg_tx,1,1.00,configs/pusch_tp1_harq_ir_seed67890.cfg,logs/pusch_tp1_harq_ir_seed67890.txt
pdsch_harq_chase,PDSCH,12345,-10,200,ber_final,0.41543,4.1543e-01,configs/pdsch_harq_chase_seed12345.cfg,logs/pdsch_harq_chase_seed12345.txt
pdsch_harq_chase,PDSCH,12345,-10,200,bler_first,1,1.0000,configs/pdsch_harq_chase_seed12345.cfg,logs/pdsch_harq_chase_seed12345.txt
pdsch_harq_chase,PDSCH,12345,-10,200,bler_harq,1,1.0000,configs/pdsch_harq_chase_seed12345.cfg,logs/pdsch_harq_chase_seed12345.txt
pdsch_harq_chase,PDSCH,12345,-10,200,avg_tx,4,4.00,configs/pdsch_harq_chase_seed12345.cfg,logs/pdsch_harq_chase_seed12345.txt
pdsch_harq_chase,PDSCH,12345,-5,200,ber_final,0.2763,2.7630e-01,configs/pdsch_harq_chase_seed12345.cfg,logs/pdsch_harq_chase_seed12345.txt
pdsch_harq_chase,PDSCH,12345,-5,200,bler_first,1,1.0000,configs/pdsch_harq_chase_seed12345.cfg,logs/pdsch_harq_chase_seed12345.txt
pdsch_harq_chase,PDSCH,12345,-5,200,bler_harq,1,1.0000,configs/pdsch_harq_chase_seed12345.cfg,logs/pdsch_harq_chase_seed12345.txt
pdsch_harq_chase,PDSCH,12345,-5,200,avg_tx,4,4.00,configs/pdsch_harq_chase_seed12345.cfg,logs/pdsch_harq_chase_seed12345.txt
pdsch_harq_chase,PDSCH,12345,0,200,ber_final,0.00014423,1.4423e-04,configs/pdsch_harq_chase_seed12345.cfg,logs/pdsch_harq_chase_seed12345.txt
pdsch_harq_chase,PDSCH,12345,0,200,bler_first,1,1.0000,configs/pdsch_harq_chase_seed12345.cfg,logs/pdsch_harq_chase_seed12345.txt
pdsch_harq_chase,PDSCH,12345,0,200,bler_harq,0.015,0.0150,configs/pdsch_harq_chase_seed12345.cfg,logs/pdsch_harq_chase_seed12345.txt
pdsch_harq_chase,PDSCH,12345,0,200,avg_tx,2.63,2.63,configs/pdsch_harq_chase_seed12345.cfg,logs/pdsch_harq_chase_seed12345.txt
pdsch_harq_chase,PDSCH,12345,5,200,ber_final,0,0.0000e+00,configs/pdsch_harq_chase_seed12345.cfg,logs/pdsch_harq_chase_seed12345.txt
pdsch_harq_chase,PDSCH,12345,5,200,bler_first,0.005,0.0050,configs/pdsch_harq_chase_seed12345.cfg,logs/pdsch_harq_chase_seed12345.txt
pdsch_harq_chase,PDSCH,12345,5,200,bler_harq,0,0.0000,configs/pdsch_harq_chase_seed12345.cfg,logs/pdsch_harq_chase_seed12345.txt
pdsch_harq_chase,PDSCH,12345,5,200,avg_tx,1,1.00,configs/pdsch_harq_chase_seed12345.cfg,logs/pdsch_harq_chase_seed12345.txt
pdsch_harq_chase,PDSCH,12345,10,200,ber_final,0,0.0000e+00,configs/pdsch_harq_chase_seed12345.cfg,logs/pdsch_harq_chase_seed12345.txt
pdsch_harq_chase,PDSCH,12345,10,200,bler_first,0,0.0000,configs/pdsch_harq_chase_seed12345.cfg,logs/pdsch_harq_chase_seed12345.txt
pdsch_harq_chase,PDSCH,12345,10,200,bler_harq,0,0.0000,configs/pdsch_harq_chase_seed12345.cfg,logs/pdsch_harq_chase_seed12345.txt
pdsch_harq_chase,PDSCH,12345,10,200,avg_tx,1,1.00,configs/pdsch_harq_chase_seed12345.cfg,logs/pdsch_harq_chase_seed12345.txt
pdsch_harq_chase,PDSCH,12345,15,200,ber_final,0,0.0000e+00,configs/pdsch_harq_chase_seed12345.cfg,logs/pdsch_harq_chase_seed12345.txt
pdsch_harq_chase,PDSCH,12345,15,200,bler_first,0,0.0000,configs/pdsch_harq_chase_seed12345.cfg,logs/pdsch_harq_chase_seed12345.txt
pdsch_harq_chase,PDSCH,12345,15,200,bler_harq,0,0.0000,configs/pdsch_harq_chase_seed12345.cfg,logs/pdsch_harq_chase_seed12345.txt
pdsch_harq_chase,PDSCH,12345,15,200,avg_tx,1,1.00,configs/pdsch_harq_chase_seed12345.cfg,logs/pdsch_harq_chase_seed12345.txt
pdsch_harq_chase,PDSCH,12345,20,200,ber_final,0,0.0000e+00,configs/pdsch_harq_chase_seed12345.cfg,logs/pdsch_harq_chase_seed12345.txt
pdsch_harq_chase,PDSCH,12345,20,200,bler_first,0,0.0000,configs/pdsch_harq_chase_seed12345.cfg,logs/pdsch_harq_chase_seed12345.txt
pdsch_harq_chase,PDSCH,12345,20,200,bler_harq,0,0.0000,configs/pdsch_harq_chase_seed12345.cfg,logs/pdsch_harq_chase_seed12345.txt
pdsch_harq_chase,PDSCH,12345,20,200,avg_tx,1,1.00,configs/pdsch_harq_chase_seed12345.cfg,logs/pdsch_harq_chase_seed12345.txt
pdsch_harq_chase,PDSCH,67890,-10,200,ber_final,0.41351,4.1351e-01,configs/pdsch_harq_chase_seed67890.cfg,logs/pdsch_harq_chase_seed67890.txt
pdsch_harq_chase,PDSCH,67890,-10,200,bler_first,1,1.0000,configs/pdsch_harq_chase_seed67890.cfg,logs/pdsch_harq_chase_seed67890.txt
pdsch_harq_chase,PDSCH,67890,-10,200,bler_harq,1,1.0000,configs/pdsch_harq_chase_seed67890.cfg,logs/pdsch_harq_chase_seed67890.txt
pdsch_harq_chase,PDSCH,67890,-10,200,avg_tx,4,4.00,configs/pdsch_harq_chase_seed67890.cfg,logs/pdsch_harq_chase_seed67890.txt
pdsch_harq_chase,PDSCH,67890,-5,200,ber_final,0.28293,2.8293e-01,configs/pdsch_harq_chase_seed67890.cfg,logs/pdsch_harq_chase_seed67890.txt
pdsch_harq_chase,PDSCH,67890,-5,200,bler_first,1,1.0000,configs/pdsch_harq_chase_seed67890.cfg,logs/pdsch_harq_chase_seed67890.txt
pdsch_harq_chase,PDSCH,67890,-5,200,bler_harq,1,1.0000,configs/pdsch_harq_chase_seed67890.cfg,logs/pdsch_harq_chase_seed67890.txt
pdsch_harq_chase,PDSCH,67890,-5,200,avg_tx,4,4.00,configs/pdsch_harq_chase_seed67890.cfg,logs/pdsch_harq_chase_seed67890.txt
pdsch_harq_chase,PDSCH,67890,0,200,ber_final,0.00038462,3.8462e-04,configs/pdsch_harq_chase_seed67890.cfg,logs/pdsch_harq_chase_seed67890.txt
pdsch_harq_chase,PDSCH,67890,0,200,bler_first,1,1.0000,configs/pdsch_harq_chase_seed67890.cfg,logs/pdsch_harq_chase_seed67890.txt
pdsch_harq_chase,PDSCH,67890,0,200,bler_harq,0.02,0.0200,configs/pdsch_harq_chase_seed67890.cfg,logs/pdsch_harq_chase_seed67890.txt
pdsch_harq_chase,PDSCH,67890,0,200,avg_tx,2.69,2.69,configs/pdsch_harq_chase_seed67890.cfg,logs/pdsch_harq_chase_seed67890.txt
pdsch_harq_chase,PDSCH,67890,5,200,ber_final,0,0.0000e+00,configs/pdsch_harq_chase_seed67890.cfg,logs/pdsch_harq_chase_seed67890.txt
pdsch_harq_chase,PDSCH,67890,5,200,bler_first,0.03,0.0300,configs/pdsch_harq_chase_seed67890.cfg,logs/pdsch_harq_chase_seed67890.txt
pdsch_harq_chase,PDSCH,67890,5,200,bler_harq,0,0.0000,configs/pdsch_harq_chase_seed67890.cfg,logs/pdsch_harq_chase_seed67890.txt
pdsch_harq_chase,PDSCH,67890,5,200,avg_tx,1.03,1.03,configs/pdsch_harq_chase_seed67890.cfg,logs/pdsch_harq_chase_seed67890.txt
pdsch_harq_chase,PDSCH,67890,10,200,ber_final,0,0.0000e+00,configs/pdsch_harq_chase_seed67890.cfg,logs/pdsch_harq_chase_seed67890.txt
pdsch_harq_chase,PDSCH,67890,10,200,bler_first,0.005,0.0050,configs/pdsch_harq_chase_seed67890.cfg,logs/pdsch_harq_chase_seed67890.txt
pdsch_harq_chase,PDSCH,67890,10,200,bler_harq,0,0.0000,configs/pdsch_harq_chase_seed67890.cfg,logs/pdsch_harq_chase_seed67890.txt
pdsch_harq_chase,PDSCH,67890,10,200,avg_tx,1,1.00,configs/pdsch_harq_chase_seed67890.cfg,logs/pdsch_harq_chase_seed67890.txt
pdsch_harq_chase,PDSCH,67890,15,200,ber_final,0,0.0000e+00,configs/pdsch_harq_chase_seed67890.cfg,logs/pdsch_harq_chase_seed67890.txt
pdsch_harq_chase,PDSCH,67890,15,200,bler_first,0,0.0000,configs/pdsch_harq_chase_seed67890.cfg,logs/pdsch_harq_chase_seed67890.txt
pdsch_harq_chase,PDSCH,67890,15,200,bler_harq,0,0.0000,configs/pdsch_harq_chase_seed67890.cfg,logs/pdsch_harq_chase_seed67890.txt
pdsch_harq_chase,PDSCH,67890,15,200,avg_tx,1,1.00,configs/pdsch_harq_chase_seed67890.cfg,logs/pdsch_harq_chase_seed67890.txt
pdsch_harq_chase,PDSCH,67890,20,200,ber_final,0,0.0000e+00,configs/pdsch_harq_chase_seed67890.cfg,logs/pdsch_harq_chase_seed67890.txt
pdsch_harq_chase,PDSCH,67890,20,200,bler_first,0,0.0000,configs/pdsch_harq_chase_seed67890.cfg,logs/pdsch_harq_chase_seed67890.txt
pdsch_harq_chase,PDSCH,67890,20,200,bler_harq,0,0.0000,configs/pdsch_harq_chase_seed67890.cfg,logs/pdsch_harq_chase_seed67890.txt
pdsch_harq_chase,PDSCH,67890,20,200,avg_tx,1,1.00,configs/pdsch_harq_chase_seed67890.cfg,logs/pdsch_harq_chase_seed67890.txt
pusch_tp0_harq_chase,PUSCH,12345,-10,200,ber_final,0.26058,2.6058e-01,configs/pusch_tp0_harq_chase_seed12345.cfg,logs/pusch_tp0_harq_chase_seed12345.txt
pusch_tp0_harq_chase,PUSCH,12345,-10,200,bler_first,1,1.0000,configs/pusch_tp0_harq_chase_seed12345.cfg,logs/pusch_tp0_harq_chase_seed12345.txt
pusch_tp0_harq_chase,PUSCH,12345,-10,200,bler_harq,1,1.0000,configs/pusch_tp0_harq_chase_seed12345.cfg,logs/pusch_tp0_harq_chase_seed12345.txt
pusch_tp0_harq_chase,PUSCH,12345,-10,200,avg_tx,4,4.00,configs/pusch_tp0_harq_chase_seed12345.cfg,logs/pusch_tp0_harq_chase_seed12345.txt
pusch_tp0_harq_chase,PUSCH,12345,-5,200,ber_final,0.021346,2.1346e-02,configs/pusch_tp0_harq_chase_seed12345.cfg,logs/pusch_tp0_harq_chase_seed12345.txt
pusch_tp0_harq_chase,PUSCH,12345,-5,200,bler_first,1,1.0000,configs/pusch_tp0_harq_chase_seed12345.cfg,logs/pusch_tp0_harq_chase_seed12345.txt
pusch_tp0_harq_chase,PUSCH,12345,-5,200,bler_harq,0.25,0.2500,configs/pusch_tp0_harq_chase_seed12345.cfg,logs/pusch_tp0_harq_chase_seed12345.txt
pusch_tp0_harq_chase,PUSCH,12345,-5,200,avg_tx,3.88,3.88,configs/pusch_tp0_harq_chase_seed12345.cfg,logs/pusch_tp0_harq_chase_seed12345.txt
pusch_tp0_harq_chase,PUSCH,12345,0,200,ber_final,0,0.0000e+00,configs/pusch_tp0_harq_chase_seed12345.cfg,logs/pusch_tp0_harq_chase_seed12345.txt
pusch_tp0_harq_chase,PUSCH,12345,0,200,bler_first,0.735,0.7350,configs/pusch_tp0_harq_chase_seed12345.cfg,logs/pusch_tp0_harq_chase_seed12345.txt
pusch_tp0_harq_chase,PUSCH,12345,0,200,bler_harq,0,0.0000,configs/pusch_tp0_harq_chase_seed12345.cfg,logs/pusch_tp0_harq_chase_seed12345.txt
pusch_tp0_harq_chase,PUSCH,12345,0,200,avg_tx,1.74,1.74,configs/pusch_tp0_harq_chase_seed12345.cfg,logs/pusch_tp0_harq_chase_seed12345.txt
pusch_tp0_harq_chase,PUSCH,12345,5,200,ber_final,0,0.0000e+00,configs/pusch_tp0_harq_chase_seed12345.cfg,logs/pusch_tp0_harq_chase_seed12345.txt
pusch_tp0_harq_chase,PUSCH,12345,5,200,bler_first,0,0.0000,configs/pusch_tp0_harq_chase_seed12345.cfg,logs/pusch_tp0_harq_chase_seed12345.txt
pusch_tp0_harq_chase,PUSCH,12345,5,200,bler_harq,0,0.0000,configs/pusch_tp0_harq_chase_seed12345.cfg,logs/pusch_tp0_harq_chase_seed12345.txt
pusch_tp0_harq_chase,PUSCH,12345,5,200,avg_tx,1,1.00,configs/pusch_tp0_harq_chase_seed12345.cfg,logs/pusch_tp0_harq_chase_seed12345.txt
pusch_tp0_harq_chase,PUSCH,12345,10,200,ber_final,0,0.0000e+00,configs/pusch_tp0_harq_chase_seed12345.cfg,logs/pusch_tp0_harq_chase_seed12345.txt
pusch_tp0_harq_chase,PUSCH,12345,10,200,bler_first,0.005,0.0050,configs/pusch_tp0_harq_chase_seed12345.cfg,logs/pusch_tp0_harq_chase_seed12345.txt
pusch_tp0_harq_chase,PUSCH,12345,10,200,bler_harq,0,0.0000,configs/pusch_tp0_harq_chase_seed12345.cfg,logs/pusch_tp0_harq_chase_seed12345.txt
pusch_tp0_harq_chase,PUSCH,12345,10,200,avg_tx,1,1.00,configs/pusch_tp0_harq_chase_seed12345.cfg,logs/pusch_tp0_harq_chase_seed12345.txt
pusch_tp0_harq_chase,PUSCH,12345,15,200,ber_final,0,0.0000e+00,configs/pusch_tp0_harq_chase_seed12345.cfg,logs/pusch_tp0_harq_chase_seed12345.txt
pusch_tp0_harq_chase,PUSCH,12345,15,200,bler_first,0,0.0000,configs/pusch_tp0_harq_chase_seed12345.cfg,logs/pusch_tp0_harq_chase_seed12345.txt
pusch_tp0_harq_chase,PUSCH,12345,15,200,bler_harq,0,0.0000,configs/pusch_tp0_harq_chase_seed12345.cfg,logs/pusch_tp0_harq_chase_seed12345.txt
pusch_tp0_harq_chase,PUSCH,12345,15,200,avg_tx,1,1.00,configs/pusch_tp0_harq_chase_seed12345.cfg,logs/pusch_tp0_harq_chase_seed12345.txt
pusch_tp0_harq_chase,PUSCH,12345,20,200,ber_final,0,0.0000e+00,configs/pusch_tp0_harq_chase_seed12345.cfg,logs/pusch_tp0_harq_chase_seed12345.txt
pusch_tp0_harq_chase,PUSCH,12345,20,200,bler_first,0,0.0000,configs/pusch_tp0_harq_chase_seed12345.cfg,logs/pusch_tp0_harq_chase_seed12345.txt
pusch_tp0_harq_chase,PUSCH,12345,20,200,bler_harq,0,0.0000,configs/pusch_tp0_harq_chase_seed12345.cfg,logs/pusch_tp0_harq_chase_seed12345.txt
pusch_tp0_harq_chase,PUSCH,12345,20,200,avg_tx,1,1.00,configs/pusch_tp0_harq_chase_seed12345.cfg,logs/pusch_tp0_harq_chase_seed12345.txt
pusch_tp0_harq_chase,PUSCH,67890,-10,200,ber_final,0.2601,2.6010e-01,configs/pusch_tp0_harq_chase_seed67890.cfg,logs/pusch_tp0_harq_chase_seed67890.txt
pusch_tp0_harq_chase,PUSCH,67890,-10,200,bler_first,1,1.0000,configs/pusch_tp0_harq_chase_seed67890.cfg,logs/pusch_tp0_harq_chase_seed67890.txt
pusch_tp0_harq_chase,PUSCH,67890,-10,200,bler_harq,1,1.0000,configs/pusch_tp0_harq_chase_seed67890.cfg,logs/pusch_tp0_harq_chase_seed67890.txt
pusch_tp0_harq_chase,PUSCH,67890,-10,200,avg_tx,4,4.00,configs/pusch_tp0_harq_chase_seed67890.cfg,logs/pusch_tp0_harq_chase_seed67890.txt
pusch_tp0_harq_chase,PUSCH,67890,-5,200,ber_final,0.019615,1.9615e-02,configs/pusch_tp0_harq_chase_seed67890.cfg,logs/pusch_tp0_harq_chase_seed67890.txt
pusch_tp0_harq_chase,PUSCH,67890,-5,200,bler_first,1,1.0000,configs/pusch_tp0_harq_chase_seed67890.cfg,logs/pusch_tp0_harq_chase_seed67890.txt
pusch_tp0_harq_chase,PUSCH,67890,-5,200,bler_harq,0.24,0.2400,configs/pusch_tp0_harq_chase_seed67890.cfg,logs/pusch_tp0_harq_chase_seed67890.txt
pusch_tp0_harq_chase,PUSCH,67890,-5,200,avg_tx,3.79,3.79,configs/pusch_tp0_harq_chase_seed67890.cfg,logs/pusch_tp0_harq_chase_seed67890.txt
pusch_tp0_harq_chase,PUSCH,67890,0,200,ber_final,0,0.0000e+00,configs/pusch_tp0_harq_chase_seed67890.cfg,logs/pusch_tp0_harq_chase_seed67890.txt
pusch_tp0_harq_chase,PUSCH,67890,0,200,bler_first,0.75,0.7500,configs/pusch_tp0_harq_chase_seed67890.cfg,logs/pusch_tp0_harq_chase_seed67890.txt
pusch_tp0_harq_chase,PUSCH,67890,0,200,bler_harq,0,0.0000,configs/pusch_tp0_harq_chase_seed67890.cfg,logs/pusch_tp0_harq_chase_seed67890.txt
pusch_tp0_harq_chase,PUSCH,67890,0,200,avg_tx,1.75,1.75,configs/pusch_tp0_harq_chase_seed67890.cfg,logs/pusch_tp0_harq_chase_seed67890.txt
pusch_tp0_harq_chase,PUSCH,67890,5,200,ber_final,0,0.0000e+00,configs/pusch_tp0_harq_chase_seed67890.cfg,logs/pusch_tp0_harq_chase_seed67890.txt
pusch_tp0_harq_chase,PUSCH,67890,5,200,bler_first,0,0.0000,configs/pusch_tp0_harq_chase_seed67890.cfg,logs/pusch_tp0_harq_chase_seed67890.txt
pusch_tp0_harq_chase,PUSCH,67890,5,200,bler_harq,0,0.0000,configs/pusch_tp0_harq_chase_seed67890.cfg,logs/pusch_tp0_harq_chase_seed67890.txt
pusch_tp0_harq_chase,PUSCH,67890,5,200,avg_tx,1,1.00,configs/pusch_tp0_harq_chase_seed67890.cfg,logs/pusch_tp0_harq_chase_seed67890.txt
pusch_tp0_harq_chase,PUSCH,67890,10,200,ber_final,0,0.0000e+00,configs/pusch_tp0_harq_chase_seed67890.cfg,logs/pusch_tp0_harq_chase_seed67890.txt
pusch_tp0_harq_chase,PUSCH,67890,10,200,bler_first,0,0.0000,configs/pusch_tp0_harq_chase_seed67890.cfg,logs/pusch_tp0_harq_chase_seed67890.txt
pusch_tp0_harq_chase,PUSCH,67890,10,200,bler_harq,0,0.0000,configs/pusch_tp0_harq_chase_seed67890.cfg,logs/pusch_tp0_harq_chase_seed67890.txt
pusch_tp0_harq_chase,PUSCH,67890,10,200,avg_tx,1,1.00,configs/pusch_tp0_harq_chase_seed67890.cfg,logs/pusch_tp0_harq_chase_seed67890.txt
pusch_tp0_harq_chase,PUSCH,67890,15,200,ber_final,0,0.0000e+00,configs/pusch_tp0_harq_chase_seed67890.cfg,logs/pusch_tp0_harq_chase_seed67890.txt
pusch_tp0_harq_chase,PUSCH,67890,15,200,bler_first,0,0.0000,configs/pusch_tp0_harq_chase_seed67890.cfg,logs/pusch_tp0_harq_chase_seed67890.txt
pusch_tp0_harq_chase,PUSCH,67890,15,200,bler_harq,0,0.0000,configs/pusch_tp0_harq_chase_seed67890.cfg,logs/pusch_tp0_harq_chase_seed67890.txt
pusch_tp0_harq_chase,PUSCH,67890,15,200,avg_tx,1,1.00,configs/pusch_tp0_harq_chase_seed67890.cfg,logs/pusch_tp0_harq_chase_seed67890.txt
pusch_tp0_harq_chase,PUSCH,67890,20,200,ber_final,0,0.0000e+00,configs/pusch_tp0_harq_chase_seed67890.cfg,logs/pusch_tp0_harq_chase_seed67890.txt
pusch_tp0_harq_chase,PUSCH,67890,20,200,bler_first,0,0.0000,configs/pusch_tp0_harq_chase_seed67890.cfg,logs/pusch_tp0_harq_chase_seed67890.txt
pusch_tp0_harq_chase,PUSCH,67890,20,200,bler_harq,0,0.0000,configs/pusch_tp0_harq_chase_seed67890.cfg,logs/pusch_tp0_harq_chase_seed67890.txt
pusch_tp0_harq_chase,PUSCH,67890,20,200,avg_tx,1,1.00,configs/pusch_tp0_harq_chase_seed67890.cfg,logs/pusch_tp0_harq_chase_seed67890.txt
pusch_tp1_harq_chase,PUSCH,12345,-10,200,ber_final,0.26543,2.6543e-01,configs/pusch_tp1_harq_chase_seed12345.cfg,logs/pusch_tp1_harq_chase_seed12345.txt
pusch_tp1_harq_chase,PUSCH,12345,-10,200,bler_first,1,1.0000,configs/pusch_tp1_harq_chase_seed12345.cfg,logs/pusch_tp1_harq_chase_seed12345.txt
pusch_tp1_harq_chase,PUSCH,12345,-10,200,bler_harq,1,1.0000,configs/pusch_tp1_harq_chase_seed12345.cfg,logs/pusch_tp1_harq_chase_seed12345.txt
pusch_tp1_harq_chase,PUSCH,12345,-10,200,avg_tx,4,4.00,configs/pusch_tp1_harq_chase_seed12345.cfg,logs/pusch_tp1_harq_chase_seed12345.txt
pusch_tp1_harq_chase,PUSCH,12345,-5,200,ber_final,0.020529,2.0529e-02,configs/pusch_tp1_harq_chase_seed12345.cfg,logs/pusch_tp1_harq_chase_seed12345.txt
pusch_tp1_harq_chase,PUSCH,12345,-5,200,bler_first,1,1.0000,configs/pusch_tp1_harq_chase_seed12345.cfg,logs/pusch_tp1_harq_chase_seed12345.txt
pusch_tp1_harq_chase,PUSCH,12345,-5,200,bler_harq,0.26,0.2600,configs/pusch_tp1_harq_chase_seed12345.cfg,logs/pusch_tp1_harq_chase_seed12345.txt
pusch_tp1_harq_chase,PUSCH,12345,-5,200,avg_tx,3.83,3.83,configs/pusch_tp1_harq_chase_seed12345.cfg,logs/pusch_tp1_harq_chase_seed12345.txt
pusch_tp1_harq_chase,PUSCH,12345,0,200,ber_final,0,0.0000e+00,configs/pusch_tp1_harq_chase_seed12345.cfg,logs/pusch_tp1_harq_chase_seed12345.txt
pusch_tp1_harq_chase,PUSCH,12345,0,200,bler_first,0.75,0.7500,configs/pusch_tp1_harq_chase_seed12345.cfg,logs/pusch_tp1_harq_chase_seed12345.txt
pusch_tp1_harq_chase,PUSCH,12345,0,200,bler_harq,0,0.0000,configs/pusch_tp1_harq_chase_seed12345.cfg,logs/pusch_tp1_harq_chase_seed12345.txt
pusch_tp1_harq_chase,PUSCH,12345,0,200,avg_tx,1.75,1.75,configs/pusch_tp1_harq_chase_seed12345.cfg,logs/pusch_tp1_harq_chase_seed12345.txt
pusch_tp1_harq_chase,PUSCH,12345,5,200,ber_final,0,0.0000e+00,configs/pusch_tp1_harq_chase_seed12345.cfg,logs/pusch_tp1_harq_chase_seed12345.txt
pusch_tp1_harq_chase,PUSCH,12345,5,200,bler_first,0,0.0000,configs/pusch_tp1_harq_chase_seed12345.cfg,logs/pusch_tp1_harq_chase_seed12345.txt
pusch_tp1_harq_chase,PUSCH,12345,5,200,bler_harq,0,0.0000,configs/pusch_tp1_harq_chase_seed12345.cfg,logs/pusch_tp1_harq_chase_seed12345.txt
pusch_tp1_harq_chase,PUSCH,12345,5,200,avg_tx,1,1.00,configs/pusch_tp1_harq_chase_seed12345.cfg,logs/pusch_tp1_harq_chase_seed12345.txt
pusch_tp1_harq_chase,PUSCH,12345,10,200,ber_final,0,0.0000e+00,configs/pusch_tp1_harq_chase_seed12345.cfg,logs/pusch_tp1_harq_chase_seed12345.txt
pusch_tp1_harq_chase,PUSCH,12345,10,200,bler_first,0,0.0000,configs/pusch_tp1_harq_chase_seed12345.cfg,logs/pusch_tp1_harq_chase_seed12345.txt
pusch_tp1_harq_chase,PUSCH,12345,10,200,bler_harq,0,0.0000,configs/pusch_tp1_harq_chase_seed12345.cfg,logs/pusch_tp1_harq_chase_seed12345.txt
pusch_tp1_harq_chase,PUSCH,12345,10,200,avg_tx,1,1.00,configs/pusch_tp1_harq_chase_seed12345.cfg,logs/pusch_tp1_harq_chase_seed12345.txt
pusch_tp1_harq_chase,PUSCH,12345,15,200,ber_final,0,0.0000e+00,configs/pusch_tp1_harq_chase_seed12345.cfg,logs/pusch_tp1_harq_chase_seed12345.txt
pusch_tp1_harq_chase,PUSCH,12345,15,200,bler_first,0,0.0000,configs/pusch_tp1_harq_chase_seed12345.cfg,logs/pusch_tp1_harq_chase_seed12345.txt
pusch_tp1_harq_chase,PUSCH,12345,15,200,bler_harq,0,0.0000,configs/pusch_tp1_harq_chase_seed12345.cfg,logs/pusch_tp1_harq_chase_seed12345.txt
pusch_tp1_harq_chase,PUSCH,12345,15,200,avg_tx,1,1.00,configs/pusch_tp1_harq_chase_seed12345.cfg,logs/pusch_tp1_harq_chase_seed12345.txt
pusch_tp1_harq_chase,PUSCH,12345,20,200,ber_final,0,0.0000e+00,configs/pusch_tp1_harq_chase_seed12345.cfg,logs/pusch_tp1_harq_chase_seed12345.txt
pusch_tp1_harq_chase,PUSCH,12345,20,200,bler_first,0,0.0000,configs/pusch_tp1_harq_chase_seed12345.cfg,logs/pusch_tp1_harq_chase_seed12345.txt
pusch_tp1_harq_chase,PUSCH,12345,20,200,bler_harq,0,0.0000,configs/pusch_tp1_harq_chase_seed12345.cfg,logs/pusch_tp1_harq_chase_seed12345.txt
pusch_tp1_harq_chase,PUSCH,12345,20,200,avg_tx,1,1.00,configs/pusch_tp1_harq_chase_seed12345.cfg,logs/pusch_tp1_harq_chase_seed12345.txt
pusch_tp1_harq_chase,PUSCH,67890,-10,200,ber_final,0.25668,2.5668e-01,configs/pusch_tp1_harq_chase_seed67890.cfg,logs/pusch_tp1_harq_chase_seed67890.txt
pusch_tp1_harq_chase,PUSCH,67890,-10,200,bler_first,1,1.0000,configs/pusch_tp1_harq_chase_seed67890.cfg,logs/pusch_tp1_harq_chase_seed67890.txt
pusch_tp1_harq_chase,PUSCH,67890,-10,200,bler_harq,1,1.0000,configs/pusch_tp1_harq_chase_seed67890.cfg,logs/pusch_tp1_harq_chase_seed67890.txt
pusch_tp1_harq_chase,PUSCH,67890,-10,200,avg_tx,4,4.00,configs/pusch_tp1_harq_chase_seed67890.cfg,logs/pusch_tp1_harq_chase_seed67890.txt
pusch_tp1_harq_chase,PUSCH,67890,-5,200,ber_final,0.026058,2.6058e-02,configs/pusch_tp1_harq_chase_seed67890.cfg,logs/pusch_tp1_harq_chase_seed67890.txt
pusch_tp1_harq_chase,PUSCH,67890,-5,200,bler_first,1,1.0000,configs/pusch_tp1_harq_chase_seed67890.cfg,logs/pusch_tp1_harq_chase_seed67890.txt
pusch_tp1_harq_chase,PUSCH,67890,-5,200,bler_harq,0.295,0.2950,configs/pusch_tp1_harq_chase_seed67890.cfg,logs/pusch_tp1_harq_chase_seed67890.txt
pusch_tp1_harq_chase,PUSCH,67890,-5,200,avg_tx,3.88,3.88,configs/pusch_tp1_harq_chase_seed67890.cfg,logs/pusch_tp1_harq_chase_seed67890.txt
pusch_tp1_harq_chase,PUSCH,67890,0,200,ber_final,0,0.0000e+00,configs/pusch_tp1_harq_chase_seed67890.cfg,logs/pusch_tp1_harq_chase_seed67890.txt
pusch_tp1_harq_chase,PUSCH,67890,0,200,bler_first,0.79,0.7900,configs/pusch_tp1_harq_chase_seed67890.cfg,logs/pusch_tp1_harq_chase_seed67890.txt
pusch_tp1_harq_chase,PUSCH,67890,0,200,bler_harq,0,0.0000,configs/pusch_tp1_harq_chase_seed67890.cfg,logs/pusch_tp1_harq_chase_seed67890.txt
pusch_tp1_harq_chase,PUSCH,67890,0,200,avg_tx,1.79,1.79,configs/pusch_tp1_harq_chase_seed67890.cfg,logs/pusch_tp1_harq_chase_seed67890.txt
pusch_tp1_harq_chase,PUSCH,67890,5,200,ber_final,0,0.0000e+00,configs/pusch_tp1_harq_chase_seed67890.cfg,logs/pusch_tp1_harq_chase_seed67890.txt
pusch_tp1_harq_chase,PUSCH,67890,5,200,bler_first,0,0.0000,configs/pusch_tp1_harq_chase_seed67890.cfg,logs/pusch_tp1_harq_chase_seed67890.txt
pusch_tp1_harq_chase,PUSCH,67890,5,200,bler_harq,0,0.0000,configs/pusch_tp1_harq_chase_seed67890.cfg,logs/pusch_tp1_harq_chase_seed67890.txt
pusch_tp1_harq_chase,PUSCH,67890,5,200,avg_tx,1,1.00,configs/pusch_tp1_harq_chase_seed67890.cfg,logs/pusch_tp1_harq_chase_seed67890.txt
pusch_tp1_harq_chase,PUSCH,67890,10,200,ber_final,0,0.0000e+00,configs/pusch_tp1_harq_chase_seed67890.cfg,logs/pusch_tp1_harq_chase_seed67890.txt
pusch_tp1_harq_chase,PUSCH,67890,10,200,bler_first,0,0.0000,configs/pusch_tp1_harq_chase_seed67890.cfg,logs/pusch_tp1_harq_chase_seed67890.txt
pusch_tp1_harq_chase,PUSCH,67890,10,200,bler_harq,0,0.0000,configs/pusch_tp1_harq_chase_seed67890.cfg,logs/pusch_tp1_harq_chase_seed67890.txt
pusch_tp1_harq_chase,PUSCH,67890,10,200,avg_tx,1,1.00,configs/pusch_tp1_harq_chase_seed67890.cfg,logs/pusch_tp1_harq_chase_seed67890.txt
pusch_tp1_harq_chase,PUSCH,67890,15,200,ber_final,0,0.0000e+00,configs/pusch_tp1_harq_chase_seed67890.cfg,logs/pusch_tp1_harq_chase_seed67890.txt
pusch_tp1_harq_chase,PUSCH,67890,15,200,bler_first,0,0.0000,configs/pusch_tp1_harq_chase_seed67890.cfg,logs/pusch_tp1_harq_chase_seed67890.txt
pusch_tp1_harq_chase,PUSCH,67890,15,200,bler_harq,0,0.0000,configs/pusch_tp1_harq_chase_seed67890.cfg,logs/pusch_tp1_harq_chase_seed67890.txt
pusch_tp1_harq_chase,PUSCH,67890,15,200,avg_tx,1,1.00,configs/pusch_tp1_harq_chase_seed67890.cfg,logs/pusch_tp1_harq_chase_seed67890.txt
pusch_tp1_harq_chase,PUSCH,67890,20,200,ber_final,0,0.0000e+00,configs/pusch_tp1_harq_chase_seed67890.cfg,logs/pusch_tp1_harq_chase_seed67890.txt
pusch_tp1_harq_chase,PUSCH,67890,20,200,bler_first,0,0.0000,configs/pusch_tp1_harq_chase_seed67890.cfg,logs/pusch_tp1_harq_chase_seed67890.txt
pusch_tp1_harq_chase,PUSCH,67890,20,200,bler_harq,0,0.0000,configs/pusch_tp1_harq_chase_seed67890.cfg,logs/pusch_tp1_harq_chase_seed67890.txt
pusch_tp1_harq_chase,PUSCH,67890,20,200,avg_tx,1,1.00,configs/pusch_tp1_harq_chase_seed67890.cfg,logs/pusch_tp1_harq_chase_seed67890.txt
pdsch_olla,PDSCH,12345,-10,200,open_loop_ber,0.34984,3.4984e-01,configs/pdsch_olla_seed12345_snr-10.cfg,logs/pdsch_olla_seed12345_snr-10.txt
pdsch_olla,PDSCH,12345,-10,200,open_loop_bler,1,1.0000,configs/pdsch_olla_seed12345_snr-10.cfg,logs/pdsch_olla_seed12345_snr-10.txt
pdsch_olla,PDSCH,12345,-10,200,open_loop_avg_mcs,0,0.00,configs/pdsch_olla_seed12345_snr-10.cfg,logs/pdsch_olla_seed12345_snr-10.txt
pdsch_olla,PDSCH,12345,-10,200,olla_ber,0.36586,3.6586e-01,configs/pdsch_olla_seed12345_snr-10.cfg,logs/pdsch_olla_seed12345_snr-10.txt
pdsch_olla,PDSCH,12345,-10,200,olla_bler,1,1.0000,configs/pdsch_olla_seed12345_snr-10.cfg,logs/pdsch_olla_seed12345_snr-10.txt
pdsch_olla,PDSCH,12345,-10,200,olla_avg_mcs,0,0.00,configs/pdsch_olla_seed12345_snr-10.cfg,logs/pdsch_olla_seed12345_snr-10.txt
pdsch_olla,PDSCH,12345,-5,200,open_loop_ber,0.11773,1.1773e-01,configs/pdsch_olla_seed12345_snr-5.cfg,logs/pdsch_olla_seed12345_snr-5.txt
pdsch_olla,PDSCH,12345,-5,200,open_loop_bler,0.585,0.5850,configs/pdsch_olla_seed12345_snr-5.cfg,logs/pdsch_olla_seed12345_snr-5.txt
pdsch_olla,PDSCH,12345,-5,200,open_loop_avg_mcs,0,0.00,configs/pdsch_olla_seed12345_snr-5.cfg,logs/pdsch_olla_seed12345_snr-5.txt
pdsch_olla,PDSCH,12345,-5,200,olla_ber,0.13102,1.3102e-01,configs/pdsch_olla_seed12345_snr-5.cfg,logs/pdsch_olla_seed12345_snr-5.txt
pdsch_olla,PDSCH,12345,-5,200,olla_bler,0.64,0.6400,configs/pdsch_olla_seed12345_snr-5.cfg,logs/pdsch_olla_seed12345_snr-5.txt
pdsch_olla,PDSCH,12345,-5,200,olla_avg_mcs,0,0.00,configs/pdsch_olla_seed12345_snr-5.cfg,logs/pdsch_olla_seed12345_snr-5.txt
pdsch_olla,PDSCH,12345,0,200,open_loop_ber,0.00014706,1.4706e-04,configs/pdsch_olla_seed12345_snr0.cfg,logs/pdsch_olla_seed12345_snr0.txt
pdsch_olla,PDSCH,12345,0,200,open_loop_bler,0.005,0.0050,configs/pdsch_olla_seed12345_snr0.cfg,logs/pdsch_olla_seed12345_snr0.txt
pdsch_olla,PDSCH,12345,0,200,open_loop_avg_mcs,3,3.00,configs/pdsch_olla_seed12345_snr0.cfg,logs/pdsch_olla_seed12345_snr0.txt
pdsch_olla,PDSCH,12345,0,200,olla_ber,0.011243,1.1243e-02,configs/pdsch_olla_seed12345_snr0.cfg,logs/pdsch_olla_seed12345_snr0.txt
pdsch_olla,PDSCH,12345,0,200,olla_bler,0.095,0.0950,configs/pdsch_olla_seed12345_snr0.cfg,logs/pdsch_olla_seed12345_snr0.txt
pdsch_olla,PDSCH,12345,0,200,olla_avg_mcs,4.12,4.12,configs/pdsch_olla_seed12345_snr0.cfg,logs/pdsch_olla_seed12345_snr0.txt
pdsch_olla,PDSCH,12345,5,200,open_loop_ber,0.0017318,1.7318e-03,configs/pdsch_olla_seed12345_snr5.cfg,logs/pdsch_olla_seed12345_snr5.txt
pdsch_olla,PDSCH,12345,5,200,open_loop_bler,0.04,0.0400,configs/pdsch_olla_seed12345_snr5.cfg,logs/pdsch_olla_seed12345_snr5.txt
pdsch_olla,PDSCH,12345,5,200,open_loop_avg_mcs,10,10.00,configs/pdsch_olla_seed12345_snr5.cfg,logs/pdsch_olla_seed12345_snr5.txt
pdsch_olla,PDSCH,12345,5,200,olla_ber,0.0079713,7.9713e-03,configs/pdsch_olla_seed12345_snr5.cfg,logs/pdsch_olla_seed12345_snr5.txt
pdsch_olla,PDSCH,12345,5,200,olla_bler,0.095,0.0950,configs/pdsch_olla_seed12345_snr5.cfg,logs/pdsch_olla_seed12345_snr5.txt
pdsch_olla,PDSCH,12345,5,200,olla_avg_mcs,10.06,10.06,configs/pdsch_olla_seed12345_snr5.cfg,logs/pdsch_olla_seed12345_snr5.txt
pdsch_olla,PDSCH,12345,10,200,open_loop_ber,0.013404,1.3404e-02,configs/pdsch_olla_seed12345_snr10.cfg,logs/pdsch_olla_seed12345_snr10.txt
pdsch_olla,PDSCH,12345,10,200,open_loop_bler,0.265,0.2650,configs/pdsch_olla_seed12345_snr10.cfg,logs/pdsch_olla_seed12345_snr10.txt
pdsch_olla,PDSCH,12345,10,200,open_loop_avg_mcs,17,17.00,configs/pdsch_olla_seed12345_snr10.cfg,logs/pdsch_olla_seed12345_snr10.txt
pdsch_olla,PDSCH,12345,10,200,olla_ber,0.0062726,6.2726e-03,configs/pdsch_olla_seed12345_snr10.cfg,logs/pdsch_olla_seed12345_snr10.txt
pdsch_olla,PDSCH,12345,10,200,olla_bler,0.105,0.1050,configs/pdsch_olla_seed12345_snr10.cfg,logs/pdsch_olla_seed12345_snr10.txt
pdsch_olla,PDSCH,12345,10,200,olla_avg_mcs,15.51,15.51,configs/pdsch_olla_seed12345_snr10.cfg,logs/pdsch_olla_seed12345_snr10.txt
pdsch_olla,PDSCH,12345,15,200,open_loop_ber,0.0012722,1.2722e-03,configs/pdsch_olla_seed12345_snr15.cfg,logs/pdsch_olla_seed12345_snr15.txt
pdsch_olla,PDSCH,12345,15,200,open_loop_bler,0.165,0.1650,configs/pdsch_olla_seed12345_snr15.cfg,logs/pdsch_olla_seed12345_snr15.txt
pdsch_olla,PDSCH,12345,15,200,open_loop_avg_mcs,22,22.00,configs/pdsch_olla_seed12345_snr15.cfg,logs/pdsch_olla_seed12345_snr15.txt
pdsch_olla,PDSCH,12345,15,200,olla_ber,0.00088828,8.8828e-04,configs/pdsch_olla_seed12345_snr15.cfg,logs/pdsch_olla_seed12345_snr15.txt
pdsch_olla,PDSCH,12345,15,200,olla_bler,0.1,0.1000,configs/pdsch_olla_seed12345_snr15.cfg,logs/pdsch_olla_seed12345_snr15.txt
pdsch_olla,PDSCH,12345,15,200,olla_avg_mcs,21.62,21.62,configs/pdsch_olla_seed12345_snr15.cfg,logs/pdsch_olla_seed12345_snr15.txt
pdsch_olla,PDSCH,12345,20,200,open_loop_ber,0.0017195,1.7195e-03,configs/pdsch_olla_seed12345_snr20.cfg,logs/pdsch_olla_seed12345_snr20.txt
pdsch_olla,PDSCH,12345,20,200,open_loop_bler,0.295,0.2950,configs/pdsch_olla_seed12345_snr20.cfg,logs/pdsch_olla_seed12345_snr20.txt
pdsch_olla,PDSCH,12345,20,200,open_loop_avg_mcs,28,28.00,configs/pdsch_olla_seed12345_snr20.cfg,logs/pdsch_olla_seed12345_snr20.txt
pdsch_olla,PDSCH,12345,20,200,olla_ber,0.00051125,5.1125e-04,configs/pdsch_olla_seed12345_snr20.cfg,logs/pdsch_olla_seed12345_snr20.txt
pdsch_olla,PDSCH,12345,20,200,olla_bler,0.105,0.1050,configs/pdsch_olla_seed12345_snr20.cfg,logs/pdsch_olla_seed12345_snr20.txt
pdsch_olla,PDSCH,12345,20,200,olla_avg_mcs,27.32,27.32,configs/pdsch_olla_seed12345_snr20.cfg,logs/pdsch_olla_seed12345_snr20.txt
pdsch_olla,PDSCH,67890,-10,200,open_loop_ber,0.34633,3.4633e-01,configs/pdsch_olla_seed67890_snr-10.cfg,logs/pdsch_olla_seed67890_snr-10.txt
pdsch_olla,PDSCH,67890,-10,200,open_loop_bler,1,1.0000,configs/pdsch_olla_seed67890_snr-10.cfg,logs/pdsch_olla_seed67890_snr-10.txt
pdsch_olla,PDSCH,67890,-10,200,open_loop_avg_mcs,0,0.00,configs/pdsch_olla_seed67890_snr-10.cfg,logs/pdsch_olla_seed67890_snr-10.txt
pdsch_olla,PDSCH,67890,-10,200,olla_ber,0.35117,3.5117e-01,configs/pdsch_olla_seed67890_snr-10.cfg,logs/pdsch_olla_seed67890_snr-10.txt
pdsch_olla,PDSCH,67890,-10,200,olla_bler,1,1.0000,configs/pdsch_olla_seed67890_snr-10.cfg,logs/pdsch_olla_seed67890_snr-10.txt
pdsch_olla,PDSCH,67890,-10,200,olla_avg_mcs,0,0.00,configs/pdsch_olla_seed67890_snr-10.cfg,logs/pdsch_olla_seed67890_snr-10.txt
pdsch_olla,PDSCH,67890,-5,200,open_loop_ber,0.11859,1.1859e-01,configs/pdsch_olla_seed67890_snr-5.cfg,logs/pdsch_olla_seed67890_snr-5.txt
pdsch_olla,PDSCH,67890,-5,200,open_loop_bler,0.605,0.6050,configs/pdsch_olla_seed67890_snr-5.cfg,logs/pdsch_olla_seed67890_snr-5.txt
pdsch_olla,PDSCH,67890,-5,200,open_loop_avg_mcs,0,0.00,configs/pdsch_olla_seed67890_snr-5.cfg,logs/pdsch_olla_seed67890_snr-5.txt
pdsch_olla,PDSCH,67890,-5,200,olla_ber,0.11,1.1000e-01,configs/pdsch_olla_seed67890_snr-5.cfg,logs/pdsch_olla_seed67890_snr-5.txt
pdsch_olla,PDSCH,67890,-5,200,olla_bler,0.565,0.5650,configs/pdsch_olla_seed67890_snr-5.cfg,logs/pdsch_olla_seed67890_snr-5.txt
pdsch_olla,PDSCH,67890,-5,200,olla_avg_mcs,0,0.00,configs/pdsch_olla_seed67890_snr-5.cfg,logs/pdsch_olla_seed67890_snr-5.txt
pdsch_olla,PDSCH,67890,0,200,open_loop_ber,0.00014706,1.4706e-04,configs/pdsch_olla_seed67890_snr0.cfg,logs/pdsch_olla_seed67890_snr0.txt
pdsch_olla,PDSCH,67890,0,200,open_loop_bler,0.005,0.0050,configs/pdsch_olla_seed67890_snr0.cfg,logs/pdsch_olla_seed67890_snr0.txt
pdsch_olla,PDSCH,67890,0,200,open_loop_avg_mcs,3,3.00,configs/pdsch_olla_seed67890_snr0.cfg,logs/pdsch_olla_seed67890_snr0.txt
pdsch_olla,PDSCH,67890,0,200,olla_ber,0.0095106,9.5106e-03,configs/pdsch_olla_seed67890_snr0.cfg,logs/pdsch_olla_seed67890_snr0.txt
pdsch_olla,PDSCH,67890,0,200,olla_bler,0.09,0.0900,configs/pdsch_olla_seed67890_snr0.cfg,logs/pdsch_olla_seed67890_snr0.txt
pdsch_olla,PDSCH,67890,0,200,olla_avg_mcs,4.11,4.11,configs/pdsch_olla_seed67890_snr0.cfg,logs/pdsch_olla_seed67890_snr0.txt
pdsch_olla,PDSCH,67890,5,200,open_loop_ber,0.0032682,3.2682e-03,configs/pdsch_olla_seed67890_snr5.cfg,logs/pdsch_olla_seed67890_snr5.txt
pdsch_olla,PDSCH,67890,5,200,open_loop_bler,0.04,0.0400,configs/pdsch_olla_seed67890_snr5.cfg,logs/pdsch_olla_seed67890_snr5.txt
pdsch_olla,PDSCH,67890,5,200,open_loop_avg_mcs,10,10.00,configs/pdsch_olla_seed67890_snr5.cfg,logs/pdsch_olla_seed67890_snr5.txt
pdsch_olla,PDSCH,67890,5,200,olla_ber,0.0076828,7.6828e-03,configs/pdsch_olla_seed67890_snr5.cfg,logs/pdsch_olla_seed67890_snr5.txt
pdsch_olla,PDSCH,67890,5,200,olla_bler,0.095,0.0950,configs/pdsch_olla_seed67890_snr5.cfg,logs/pdsch_olla_seed67890_snr5.txt
pdsch_olla,PDSCH,67890,5,200,olla_avg_mcs,10.22,10.22,configs/pdsch_olla_seed67890_snr5.cfg,logs/pdsch_olla_seed67890_snr5.txt
pdsch_olla,PDSCH,67890,10,200,open_loop_ber,0.013553,1.3553e-02,configs/pdsch_olla_seed67890_snr10.cfg,logs/pdsch_olla_seed67890_snr10.txt
pdsch_olla,PDSCH,67890,10,200,open_loop_bler,0.24,0.2400,configs/pdsch_olla_seed67890_snr10.cfg,logs/pdsch_olla_seed67890_snr10.txt
pdsch_olla,PDSCH,67890,10,200,open_loop_avg_mcs,17,17.00,configs/pdsch_olla_seed67890_snr10.cfg,logs/pdsch_olla_seed67890_snr10.txt
pdsch_olla,PDSCH,67890,10,200,olla_ber,0.0032029,3.2029e-03,configs/pdsch_olla_seed67890_snr10.cfg,logs/pdsch_olla_seed67890_snr10.txt
pdsch_olla,PDSCH,67890,10,200,olla_bler,0.1,0.1000,configs/pdsch_olla_seed67890_snr10.cfg,logs/pdsch_olla_seed67890_snr10.txt
pdsch_olla,PDSCH,67890,10,200,olla_avg_mcs,15.16,15.16,configs/pdsch_olla_seed67890_snr10.cfg,logs/pdsch_olla_seed67890_snr10.txt
pdsch_olla,PDSCH,67890,15,200,open_loop_ber,0.0010372,1.0372e-03,configs/pdsch_olla_seed67890_snr15.cfg,logs/pdsch_olla_seed67890_snr15.txt
pdsch_olla,PDSCH,67890,15,200,open_loop_bler,0.1,0.1000,configs/pdsch_olla_seed67890_snr15.cfg,logs/pdsch_olla_seed67890_snr15.txt
pdsch_olla,PDSCH,67890,15,200,open_loop_avg_mcs,22,22.00,configs/pdsch_olla_seed67890_snr15.cfg,logs/pdsch_olla_seed67890_snr15.txt
pdsch_olla,PDSCH,67890,15,200,olla_ber,0.0018428,1.8428e-03,configs/pdsch_olla_seed67890_snr15.cfg,logs/pdsch_olla_seed67890_snr15.txt
pdsch_olla,PDSCH,67890,15,200,olla_bler,0.105,0.1050,configs/pdsch_olla_seed67890_snr15.cfg,logs/pdsch_olla_seed67890_snr15.txt
pdsch_olla,PDSCH,67890,15,200,olla_avg_mcs,21.73,21.73,configs/pdsch_olla_seed67890_snr15.cfg,logs/pdsch_olla_seed67890_snr15.txt
pdsch_olla,PDSCH,67890,20,200,open_loop_ber,0.0021704,2.1704e-03,configs/pdsch_olla_seed67890_snr20.cfg,logs/pdsch_olla_seed67890_snr20.txt
pdsch_olla,PDSCH,67890,20,200,open_loop_bler,0.41,0.4100,configs/pdsch_olla_seed67890_snr20.cfg,logs/pdsch_olla_seed67890_snr20.txt
pdsch_olla,PDSCH,67890,20,200,open_loop_avg_mcs,28,28.00,configs/pdsch_olla_seed67890_snr20.cfg,logs/pdsch_olla_seed67890_snr20.txt
pdsch_olla,PDSCH,67890,20,200,olla_ber,0.00062833,6.2833e-04,configs/pdsch_olla_seed67890_snr20.cfg,logs/pdsch_olla_seed67890_snr20.txt
pdsch_olla,PDSCH,67890,20,200,olla_bler,0.105,0.1050,configs/pdsch_olla_seed67890_snr20.cfg,logs/pdsch_olla_seed67890_snr20.txt
pdsch_olla,PDSCH,67890,20,200,olla_avg_mcs,27.25,27.25,configs/pdsch_olla_seed67890_snr20.cfg,logs/pdsch_olla_seed67890_snr20.txt
pdsch_table3,PDSCH,12345,-10,200,ber,0.4675,4.6750e-01,configs/pdsch_table3_seed12345.cfg,logs/pdsch_table3_seed12345.txt
pdsch_table3,PDSCH,12345,-10,200,bler,1,1.0000,configs/pdsch_table3_seed12345.cfg,logs/pdsch_table3_seed12345.txt
pdsch_table3,PDSCH,12345,-5,200,ber,0.38979,3.8979e-01,configs/pdsch_table3_seed12345.cfg,logs/pdsch_table3_seed12345.txt
pdsch_table3,PDSCH,12345,-5,200,bler,1,1.0000,configs/pdsch_table3_seed12345.cfg,logs/pdsch_table3_seed12345.txt
pdsch_table3,PDSCH,12345,0,200,ber,0.0075,7.5000e-03,configs/pdsch_table3_seed12345.cfg,logs/pdsch_table3_seed12345.txt
pdsch_table3,PDSCH,12345,0,200,bler,0.07,0.0700,configs/pdsch_table3_seed12345.cfg,logs/pdsch_table3_seed12345.txt
pdsch_table3,PDSCH,12345,5,200,ber,0,0.0000e+00,configs/pdsch_table3_seed12345.cfg,logs/pdsch_table3_seed12345.txt
pdsch_table3,PDSCH,12345,5,200,bler,0,0.0000,configs/pdsch_table3_seed12345.cfg,logs/pdsch_table3_seed12345.txt
pdsch_table3,PDSCH,12345,10,200,ber,0,0.0000e+00,configs/pdsch_table3_seed12345.cfg,logs/pdsch_table3_seed12345.txt
pdsch_table3,PDSCH,12345,10,200,bler,0,0.0000,configs/pdsch_table3_seed12345.cfg,logs/pdsch_table3_seed12345.txt
pdsch_table3,PDSCH,12345,15,200,ber,0,0.0000e+00,configs/pdsch_table3_seed12345.cfg,logs/pdsch_table3_seed12345.txt
pdsch_table3,PDSCH,12345,15,200,bler,0,0.0000,configs/pdsch_table3_seed12345.cfg,logs/pdsch_table3_seed12345.txt
pdsch_table3,PDSCH,12345,20,200,ber,0,0.0000e+00,configs/pdsch_table3_seed12345.cfg,logs/pdsch_table3_seed12345.txt
pdsch_table3,PDSCH,12345,20,200,bler,0,0.0000,configs/pdsch_table3_seed12345.cfg,logs/pdsch_table3_seed12345.txt
pdsch_table3,PDSCH,67890,-10,200,ber,0.47125,4.7125e-01,configs/pdsch_table3_seed67890.cfg,logs/pdsch_table3_seed67890.txt
pdsch_table3,PDSCH,67890,-10,200,bler,1,1.0000,configs/pdsch_table3_seed67890.cfg,logs/pdsch_table3_seed67890.txt
pdsch_table3,PDSCH,67890,-5,200,ber,0.38146,3.8146e-01,configs/pdsch_table3_seed67890.cfg,logs/pdsch_table3_seed67890.txt
pdsch_table3,PDSCH,67890,-5,200,bler,1,1.0000,configs/pdsch_table3_seed67890.cfg,logs/pdsch_table3_seed67890.txt
pdsch_table3,PDSCH,67890,0,200,ber,0.010208,1.0208e-02,configs/pdsch_table3_seed67890.cfg,logs/pdsch_table3_seed67890.txt
pdsch_table3,PDSCH,67890,0,200,bler,0.06,0.0600,configs/pdsch_table3_seed67890.cfg,logs/pdsch_table3_seed67890.txt
pdsch_table3,PDSCH,67890,5,200,ber,0,0.0000e+00,configs/pdsch_table3_seed67890.cfg,logs/pdsch_table3_seed67890.txt
pdsch_table3,PDSCH,67890,5,200,bler,0,0.0000,configs/pdsch_table3_seed67890.cfg,logs/pdsch_table3_seed67890.txt
pdsch_table3,PDSCH,67890,10,200,ber,0,0.0000e+00,configs/pdsch_table3_seed67890.cfg,logs/pdsch_table3_seed67890.txt
pdsch_table3,PDSCH,67890,10,200,bler,0,0.0000,configs/pdsch_table3_seed67890.cfg,logs/pdsch_table3_seed67890.txt
pdsch_table3,PDSCH,67890,15,200,ber,0,0.0000e+00,configs/pdsch_table3_seed67890.cfg,logs/pdsch_table3_seed67890.txt
pdsch_table3,PDSCH,67890,15,200,bler,0,0.0000,configs/pdsch_table3_seed67890.cfg,logs/pdsch_table3_seed67890.txt
pdsch_table3,PDSCH,67890,20,200,ber,0,0.0000e+00,configs/pdsch_table3_seed67890.cfg,logs/pdsch_table3_seed67890.txt
pdsch_table3,PDSCH,67890,20,200,bler,0,0.0000,configs/pdsch_table3_seed67890.cfg,logs/pdsch_table3_seed67890.txt
pusch_table3,PUSCH,12345,-10,200,ber,0.47375,4.7375e-01,configs/pusch_table3_seed12345.cfg,logs/pusch_table3_seed12345.txt
pusch_table3,PUSCH,12345,-10,200,bler,1,1.0000,configs/pusch_table3_seed12345.cfg,logs/pusch_table3_seed12345.txt
pusch_table3,PUSCH,12345,-5,200,ber,0.39417,3.9417e-01,configs/pusch_table3_seed12345.cfg,logs/pusch_table3_seed12345.txt
pusch_table3,PUSCH,12345,-5,200,bler,1,1.0000,configs/pusch_table3_seed12345.cfg,logs/pusch_table3_seed12345.txt
pusch_table3,PUSCH,12345,0,200,ber,0.004375,4.3750e-03,configs/pusch_table3_seed12345.cfg,logs/pusch_table3_seed12345.txt
pusch_table3,PUSCH,12345,0,200,bler,0.04,0.0400,configs/pusch_table3_seed12345.cfg,logs/pusch_table3_seed12345.txt
pusch_table3,PUSCH,12345,5,200,ber,0,0.0000e+00,configs/pusch_table3_seed12345.cfg,logs/pusch_table3_seed12345.txt
pusch_table3,PUSCH,12345,5,200,bler,0,0.0000,configs/pusch_table3_seed12345.cfg,logs/pusch_table3_seed12345.txt
pusch_table3,PUSCH,12345,10,200,ber,0,0.0000e+00,configs/pusch_table3_seed12345.cfg,logs/pusch_table3_seed12345.txt
pusch_table3,PUSCH,12345,10,200,bler,0,0.0000,configs/pusch_table3_seed12345.cfg,logs/pusch_table3_seed12345.txt
pusch_table3,PUSCH,12345,15,200,ber,0,0.0000e+00,configs/pusch_table3_seed12345.cfg,logs/pusch_table3_seed12345.txt
pusch_table3,PUSCH,12345,15,200,bler,0,0.0000,configs/pusch_table3_seed12345.cfg,logs/pusch_table3_seed12345.txt
pusch_table3,PUSCH,12345,20,200,ber,0,0.0000e+00,configs/pusch_table3_seed12345.cfg,logs/pusch_table3_seed12345.txt
pusch_table3,PUSCH,12345,20,200,bler,0,0.0000,configs/pusch_table3_seed12345.cfg,logs/pusch_table3_seed12345.txt
pusch_table3,PUSCH,67890,-10,200,ber,0.46937,4.6937e-01,configs/pusch_table3_seed67890.cfg,logs/pusch_table3_seed67890.txt
pusch_table3,PUSCH,67890,-10,200,bler,1,1.0000,configs/pusch_table3_seed67890.cfg,logs/pusch_table3_seed67890.txt
pusch_table3,PUSCH,67890,-5,200,ber,0.39437,3.9437e-01,configs/pusch_table3_seed67890.cfg,logs/pusch_table3_seed67890.txt
pusch_table3,PUSCH,67890,-5,200,bler,1,1.0000,configs/pusch_table3_seed67890.cfg,logs/pusch_table3_seed67890.txt
pusch_table3,PUSCH,67890,0,200,ber,0.010208,1.0208e-02,configs/pusch_table3_seed67890.cfg,logs/pusch_table3_seed67890.txt
pusch_table3,PUSCH,67890,0,200,bler,0.065,0.0650,configs/pusch_table3_seed67890.cfg,logs/pusch_table3_seed67890.txt
pusch_table3,PUSCH,67890,5,200,ber,0,0.0000e+00,configs/pusch_table3_seed67890.cfg,logs/pusch_table3_seed67890.txt
pusch_table3,PUSCH,67890,5,200,bler,0,0.0000,configs/pusch_table3_seed67890.cfg,logs/pusch_table3_seed67890.txt
pusch_table3,PUSCH,67890,10,200,ber,0,0.0000e+00,configs/pusch_table3_seed67890.cfg,logs/pusch_table3_seed67890.txt
pusch_table3,PUSCH,67890,10,200,bler,0,0.0000,configs/pusch_table3_seed67890.cfg,logs/pusch_table3_seed67890.txt
pusch_table3,PUSCH,67890,15,200,ber,0,0.0000e+00,configs/pusch_table3_seed67890.cfg,logs/pusch_table3_seed67890.txt
pusch_table3,PUSCH,67890,15,200,bler,0,0.0000,configs/pusch_table3_seed67890.cfg,logs/pusch_table3_seed67890.txt
pusch_table3,PUSCH,67890,20,200,ber,0,0.0000e+00,configs/pusch_table3_seed67890.cfg,logs/pusch_table3_seed67890.txt
pusch_table3,PUSCH,67890,20,200,bler,0,0.0000,configs/pusch_table3_seed67890.cfg,logs/pusch_table3_seed67890.txt
pucch_f0_uci1,PUCCH,12345,-10,200,uci_ber,0.33,3.3000e-01,configs/pucch_f0_uci1_seed12345.cfg,logs/pucch_f0_uci1_seed12345.txt
pucch_f0_uci1,PUCCH,12345,-5,200,uci_ber,0.08,8.0000e-02,configs/pucch_f0_uci1_seed12345.cfg,logs/pucch_f0_uci1_seed12345.txt
pucch_f0_uci1,PUCCH,12345,0,200,uci_ber,0,0.0000e+00,configs/pucch_f0_uci1_seed12345.cfg,logs/pucch_f0_uci1_seed12345.txt
pucch_f0_uci1,PUCCH,12345,5,200,uci_ber,0,0.0000e+00,configs/pucch_f0_uci1_seed12345.cfg,logs/pucch_f0_uci1_seed12345.txt
pucch_f0_uci1,PUCCH,12345,10,200,uci_ber,0,0.0000e+00,configs/pucch_f0_uci1_seed12345.cfg,logs/pucch_f0_uci1_seed12345.txt
pucch_f0_uci1,PUCCH,12345,15,200,uci_ber,0,0.0000e+00,configs/pucch_f0_uci1_seed12345.cfg,logs/pucch_f0_uci1_seed12345.txt
pucch_f0_uci1,PUCCH,12345,20,200,uci_ber,0,0.0000e+00,configs/pucch_f0_uci1_seed12345.cfg,logs/pucch_f0_uci1_seed12345.txt
pucch_f0_uci1,PUCCH,67890,-10,200,uci_ber,0.29,2.9000e-01,configs/pucch_f0_uci1_seed67890.cfg,logs/pucch_f0_uci1_seed67890.txt
pucch_f0_uci1,PUCCH,67890,-5,200,uci_ber,0.035,3.5000e-02,configs/pucch_f0_uci1_seed67890.cfg,logs/pucch_f0_uci1_seed67890.txt
pucch_f0_uci1,PUCCH,67890,0,200,uci_ber,0,0.0000e+00,configs/pucch_f0_uci1_seed67890.cfg,logs/pucch_f0_uci1_seed67890.txt
pucch_f0_uci1,PUCCH,67890,5,200,uci_ber,0,0.0000e+00,configs/pucch_f0_uci1_seed67890.cfg,logs/pucch_f0_uci1_seed67890.txt
pucch_f0_uci1,PUCCH,67890,10,200,uci_ber,0,0.0000e+00,configs/pucch_f0_uci1_seed67890.cfg,logs/pucch_f0_uci1_seed67890.txt
pucch_f0_uci1,PUCCH,67890,15,200,uci_ber,0,0.0000e+00,configs/pucch_f0_uci1_seed67890.cfg,logs/pucch_f0_uci1_seed67890.txt
pucch_f0_uci1,PUCCH,67890,20,200,uci_ber,0,0.0000e+00,configs/pucch_f0_uci1_seed67890.cfg,logs/pucch_f0_uci1_seed67890.txt
pucch_f0_uci2,PUCCH,12345,-10,200,uci_ber,0.3425,3.4250e-01,configs/pucch_f0_uci2_seed12345.cfg,logs/pucch_f0_uci2_seed12345.txt
pucch_f0_uci2,PUCCH,12345,-5,200,uci_ber,0.0875,8.7500e-02,configs/pucch_f0_uci2_seed12345.cfg,logs/pucch_f0_uci2_seed12345.txt
pucch_f0_uci2,PUCCH,12345,0,200,uci_ber,0,0.0000e+00,configs/pucch_f0_uci2_seed12345.cfg,logs/pucch_f0_uci2_seed12345.txt
pucch_f0_uci2,PUCCH,12345,5,200,uci_ber,0,0.0000e+00,configs/pucch_f0_uci2_seed12345.cfg,logs/pucch_f0_uci2_seed12345.txt
pucch_f0_uci2,PUCCH,12345,10,200,uci_ber,0,0.0000e+00,configs/pucch_f0_uci2_seed12345.cfg,logs/pucch_f0_uci2_seed12345.txt
pucch_f0_uci2,PUCCH,12345,15,200,uci_ber,0,0.0000e+00,configs/pucch_f0_uci2_seed12345.cfg,logs/pucch_f0_uci2_seed12345.txt
pucch_f0_uci2,PUCCH,12345,20,200,uci_ber,0,0.0000e+00,configs/pucch_f0_uci2_seed12345.cfg,logs/pucch_f0_uci2_seed12345.txt
pucch_f0_uci2,PUCCH,67890,-10,200,uci_ber,0.28,2.8000e-01,configs/pucch_f0_uci2_seed67890.cfg,logs/pucch_f0_uci2_seed67890.txt
pucch_f0_uci2,PUCCH,67890,-5,200,uci_ber,0.1125,1.1250e-01,configs/pucch_f0_uci2_seed67890.cfg,logs/pucch_f0_uci2_seed67890.txt
pucch_f0_uci2,PUCCH,67890,0,200,uci_ber,0.0025,2.5000e-03,configs/pucch_f0_uci2_seed67890.cfg,logs/pucch_f0_uci2_seed67890.txt
pucch_f0_uci2,PUCCH,67890,5,200,uci_ber,0,0.0000e+00,configs/pucch_f0_uci2_seed67890.cfg,logs/pucch_f0_uci2_seed67890.txt
pucch_f0_uci2,PUCCH,67890,10,200,uci_ber,0,0.0000e+00,configs/pucch_f0_uci2_seed67890.cfg,logs/pucch_f0_uci2_seed67890.txt
pucch_f0_uci2,PUCCH,67890,15,200,uci_ber,0,0.0000e+00,configs/pucch_f0_uci2_seed67890.cfg,logs/pucch_f0_uci2_seed67890.txt
pucch_f0_uci2,PUCCH,67890,20,200,uci_ber,0,0.0000e+00,configs/pucch_f0_uci2_seed67890.cfg,logs/pucch_f0_uci2_seed67890.txt
pucch_f1_uci1,PUCCH,12345,-10,200,uci_ber,0,0.0000e+00,configs/pucch_f1_uci1_seed12345.cfg,logs/pucch_f1_uci1_seed12345.txt
pucch_f1_uci1,PUCCH,12345,-5,200,uci_ber,0,0.0000e+00,configs/pucch_f1_uci1_seed12345.cfg,logs/pucch_f1_uci1_seed12345.txt
pucch_f1_uci1,PUCCH,12345,0,200,uci_ber,0,0.0000e+00,configs/pucch_f1_uci1_seed12345.cfg,logs/pucch_f1_uci1_seed12345.txt
pucch_f1_uci1,PUCCH,12345,5,200,uci_ber,0,0.0000e+00,configs/pucch_f1_uci1_seed12345.cfg,logs/pucch_f1_uci1_seed12345.txt
pucch_f1_uci1,PUCCH,12345,10,200,uci_ber,0,0.0000e+00,configs/pucch_f1_uci1_seed12345.cfg,logs/pucch_f1_uci1_seed12345.txt
pucch_f1_uci1,PUCCH,12345,15,200,uci_ber,0,0.0000e+00,configs/pucch_f1_uci1_seed12345.cfg,logs/pucch_f1_uci1_seed12345.txt
pucch_f1_uci1,PUCCH,12345,20,200,uci_ber,0,0.0000e+00,configs/pucch_f1_uci1_seed12345.cfg,logs/pucch_f1_uci1_seed12345.txt
pucch_f1_uci1,PUCCH,67890,-10,200,uci_ber,0,0.0000e+00,configs/pucch_f1_uci1_seed67890.cfg,logs/pucch_f1_uci1_seed67890.txt
pucch_f1_uci1,PUCCH,67890,-5,200,uci_ber,0,0.0000e+00,configs/pucch_f1_uci1_seed67890.cfg,logs/pucch_f1_uci1_seed67890.txt
pucch_f1_uci1,PUCCH,67890,0,200,uci_ber,0,0.0000e+00,configs/pucch_f1_uci1_seed67890.cfg,logs/pucch_f1_uci1_seed67890.txt
pucch_f1_uci1,PUCCH,67890,5,200,uci_ber,0,0.0000e+00,configs/pucch_f1_uci1_seed67890.cfg,logs/pucch_f1_uci1_seed67890.txt
pucch_f1_uci1,PUCCH,67890,10,200,uci_ber,0,0.0000e+00,configs/pucch_f1_uci1_seed67890.cfg,logs/pucch_f1_uci1_seed67890.txt
pucch_f1_uci1,PUCCH,67890,15,200,uci_ber,0,0.0000e+00,configs/pucch_f1_uci1_seed67890.cfg,logs/pucch_f1_uci1_seed67890.txt
pucch_f1_uci1,PUCCH,67890,20,200,uci_ber,0,0.0000e+00,configs/pucch_f1_uci1_seed67890.cfg,logs/pucch_f1_uci1_seed67890.txt
pucch_f1_uci2,PUCCH,12345,-10,200,uci_ber,0.0125,1.2500e-02,configs/pucch_f1_uci2_seed12345.cfg,logs/pucch_f1_uci2_seed12345.txt
pucch_f1_uci2,PUCCH,12345,-5,200,uci_ber,0,0.0000e+00,configs/pucch_f1_uci2_seed12345.cfg,logs/pucch_f1_uci2_seed12345.txt
pucch_f1_uci2,PUCCH,12345,0,200,uci_ber,0,0.0000e+00,configs/pucch_f1_uci2_seed12345.cfg,logs/pucch_f1_uci2_seed12345.txt
pucch_f1_uci2,PUCCH,12345,5,200,uci_ber,0,0.0000e+00,configs/pucch_f1_uci2_seed12345.cfg,logs/pucch_f1_uci2_seed12345.txt
pucch_f1_uci2,PUCCH,12345,10,200,uci_ber,0,0.0000e+00,configs/pucch_f1_uci2_seed12345.cfg,logs/pucch_f1_uci2_seed12345.txt
pucch_f1_uci2,PUCCH,12345,15,200,uci_ber,0,0.0000e+00,configs/pucch_f1_uci2_seed12345.cfg,logs/pucch_f1_uci2_seed12345.txt
pucch_f1_uci2,PUCCH,12345,20,200,uci_ber,0,0.0000e+00,configs/pucch_f1_uci2_seed12345.cfg,logs/pucch_f1_uci2_seed12345.txt
pucch_f1_uci2,PUCCH,67890,-10,200,uci_ber,0.005,5.0000e-03,configs/pucch_f1_uci2_seed67890.cfg,logs/pucch_f1_uci2_seed67890.txt
pucch_f1_uci2,PUCCH,67890,-5,200,uci_ber,0,0.0000e+00,configs/pucch_f1_uci2_seed67890.cfg,logs/pucch_f1_uci2_seed67890.txt
pucch_f1_uci2,PUCCH,67890,0,200,uci_ber,0,0.0000e+00,configs/pucch_f1_uci2_seed67890.cfg,logs/pucch_f1_uci2_seed67890.txt
pucch_f1_uci2,PUCCH,67890,5,200,uci_ber,0,0.0000e+00,configs/pucch_f1_uci2_seed67890.cfg,logs/pucch_f1_uci2_seed67890.txt
pucch_f1_uci2,PUCCH,67890,10,200,uci_ber,0,0.0000e+00,configs/pucch_f1_uci2_seed67890.cfg,logs/pucch_f1_uci2_seed67890.txt
pucch_f1_uci2,PUCCH,67890,15,200,uci_ber,0,0.0000e+00,configs/pucch_f1_uci2_seed67890.cfg,logs/pucch_f1_uci2_seed67890.txt
pucch_f1_uci2,PUCCH,67890,20,200,uci_ber,0,0.0000e+00,configs/pucch_f1_uci2_seed67890.cfg,logs/pucch_f1_uci2_seed67890.txt
pucch_f2_uci3,PUCCH,12345,-10,200,uci_ber,0.12333,1.2333e-01,configs/pucch_f2_uci3_seed12345.cfg,logs/pucch_f2_uci3_seed12345.txt
pucch_f2_uci3,PUCCH,12345,-5,200,uci_ber,0.0083333,8.3333e-03,configs/pucch_f2_uci3_seed12345.cfg,logs/pucch_f2_uci3_seed12345.txt
pucch_f2_uci3,PUCCH,12345,0,200,uci_ber,0,0.0000e+00,configs/pucch_f2_uci3_seed12345.cfg,logs/pucch_f2_uci3_seed12345.txt
pucch_f2_uci3,PUCCH,12345,5,200,uci_ber,0,0.0000e+00,configs/pucch_f2_uci3_seed12345.cfg,logs/pucch_f2_uci3_seed12345.txt
pucch_f2_uci3,PUCCH,12345,10,200,uci_ber,0,0.0000e+00,configs/pucch_f2_uci3_seed12345.cfg,logs/pucch_f2_uci3_seed12345.txt
pucch_f2_uci3,PUCCH,12345,15,200,uci_ber,0,0.0000e+00,configs/pucch_f2_uci3_seed12345.cfg,logs/pucch_f2_uci3_seed12345.txt
pucch_f2_uci3,PUCCH,12345,20,200,uci_ber,0,0.0000e+00,configs/pucch_f2_uci3_seed12345.cfg,logs/pucch_f2_uci3_seed12345.txt
pucch_f2_uci3,PUCCH,67890,-10,200,uci_ber,0.16167,1.6167e-01,configs/pucch_f2_uci3_seed67890.cfg,logs/pucch_f2_uci3_seed67890.txt
pucch_f2_uci3,PUCCH,67890,-5,200,uci_ber,0.018333,1.8333e-02,configs/pucch_f2_uci3_seed67890.cfg,logs/pucch_f2_uci3_seed67890.txt
pucch_f2_uci3,PUCCH,67890,0,200,uci_ber,0,0.0000e+00,configs/pucch_f2_uci3_seed67890.cfg,logs/pucch_f2_uci3_seed67890.txt
pucch_f2_uci3,PUCCH,67890,5,200,uci_ber,0,0.0000e+00,configs/pucch_f2_uci3_seed67890.cfg,logs/pucch_f2_uci3_seed67890.txt
pucch_f2_uci3,PUCCH,67890,10,200,uci_ber,0,0.0000e+00,configs/pucch_f2_uci3_seed67890.cfg,logs/pucch_f2_uci3_seed67890.txt
pucch_f2_uci3,PUCCH,67890,15,200,uci_ber,0,0.0000e+00,configs/pucch_f2_uci3_seed67890.cfg,logs/pucch_f2_uci3_seed67890.txt
pucch_f2_uci3,PUCCH,67890,20,200,uci_ber,0,0.0000e+00,configs/pucch_f2_uci3_seed67890.cfg,logs/pucch_f2_uci3_seed67890.txt
pucch_f2_uci11,PUCCH,12345,-10,200,uci_ber,0.44909,4.4909e-01,configs/pucch_f2_uci11_seed12345.cfg,logs/pucch_f2_uci11_seed12345.txt
pucch_f2_uci11,PUCCH,12345,-5,200,uci_ber,0.22136,2.2136e-01,configs/pucch_f2_uci11_seed12345.cfg,logs/pucch_f2_uci11_seed12345.txt
pucch_f2_uci11,PUCCH,12345,0,200,uci_ber,0.0081818,8.1818e-03,configs/pucch_f2_uci11_seed12345.cfg,logs/pucch_f2_uci11_seed12345.txt
pucch_f2_uci11,PUCCH,12345,5,200,uci_ber,0,0.0000e+00,configs/pucch_f2_uci11_seed12345.cfg,logs/pucch_f2_uci11_seed12345.txt
pucch_f2_uci11,PUCCH,12345,10,200,uci_ber,0,0.0000e+00,configs/pucch_f2_uci11_seed12345.cfg,logs/pucch_f2_uci11_seed12345.txt
pucch_f2_uci11,PUCCH,12345,15,200,uci_ber,0,0.0000e+00,configs/pucch_f2_uci11_seed12345.cfg,logs/pucch_f2_uci11_seed12345.txt
pucch_f2_uci11,PUCCH,12345,20,200,uci_ber,0,0.0000e+00,configs/pucch_f2_uci11_seed12345.cfg,logs/pucch_f2_uci11_seed12345.txt
pucch_f2_uci11,PUCCH,67890,-10,200,uci_ber,0.43409,4.3409e-01,configs/pucch_f2_uci11_seed67890.cfg,logs/pucch_f2_uci11_seed67890.txt
pucch_f2_uci11,PUCCH,67890,-5,200,uci_ber,0.22091,2.2091e-01,configs/pucch_f2_uci11_seed67890.cfg,logs/pucch_f2_uci11_seed67890.txt
pucch_f2_uci11,PUCCH,67890,0,200,uci_ber,0.00090909,9.0909e-04,configs/pucch_f2_uci11_seed67890.cfg,logs/pucch_f2_uci11_seed67890.txt
pucch_f2_uci11,PUCCH,67890,5,200,uci_ber,0,0.0000e+00,configs/pucch_f2_uci11_seed67890.cfg,logs/pucch_f2_uci11_seed67890.txt
pucch_f2_uci11,PUCCH,67890,10,200,uci_ber,0,0.0000e+00,configs/pucch_f2_uci11_seed67890.cfg,logs/pucch_f2_uci11_seed67890.txt
pucch_f2_uci11,PUCCH,67890,15,200,uci_ber,0,0.0000e+00,configs/pucch_f2_uci11_seed67890.cfg,logs/pucch_f2_uci11_seed67890.txt
pucch_f2_uci11,PUCCH,67890,20,200,uci_ber,0,0.0000e+00,configs/pucch_f2_uci11_seed67890.cfg,logs/pucch_f2_uci11_seed67890.txt
pucch_f3_uci3,PUCCH,12345,-10,200,uci_ber,0.078333,7.8333e-02,configs/pucch_f3_uci3_seed12345.cfg,logs/pucch_f3_uci3_seed12345.txt
pucch_f3_uci3,PUCCH,12345,-5,200,uci_ber,0,0.0000e+00,configs/pucch_f3_uci3_seed12345.cfg,logs/pucch_f3_uci3_seed12345.txt
pucch_f3_uci3,PUCCH,12345,0,200,uci_ber,0,0.0000e+00,configs/pucch_f3_uci3_seed12345.cfg,logs/pucch_f3_uci3_seed12345.txt
pucch_f3_uci3,PUCCH,12345,5,200,uci_ber,0,0.0000e+00,configs/pucch_f3_uci3_seed12345.cfg,logs/pucch_f3_uci3_seed12345.txt
pucch_f3_uci3,PUCCH,12345,10,200,uci_ber,0,0.0000e+00,configs/pucch_f3_uci3_seed12345.cfg,logs/pucch_f3_uci3_seed12345.txt
pucch_f3_uci3,PUCCH,12345,15,200,uci_ber,0,0.0000e+00,configs/pucch_f3_uci3_seed12345.cfg,logs/pucch_f3_uci3_seed12345.txt
pucch_f3_uci3,PUCCH,12345,20,200,uci_ber,0,0.0000e+00,configs/pucch_f3_uci3_seed12345.cfg,logs/pucch_f3_uci3_seed12345.txt
pucch_f3_uci3,PUCCH,67890,-10,200,uci_ber,0.035,3.5000e-02,configs/pucch_f3_uci3_seed67890.cfg,logs/pucch_f3_uci3_seed67890.txt
pucch_f3_uci3,PUCCH,67890,-5,200,uci_ber,0.0016667,1.6667e-03,configs/pucch_f3_uci3_seed67890.cfg,logs/pucch_f3_uci3_seed67890.txt
pucch_f3_uci3,PUCCH,67890,0,200,uci_ber,0,0.0000e+00,configs/pucch_f3_uci3_seed67890.cfg,logs/pucch_f3_uci3_seed67890.txt
pucch_f3_uci3,PUCCH,67890,5,200,uci_ber,0,0.0000e+00,configs/pucch_f3_uci3_seed67890.cfg,logs/pucch_f3_uci3_seed67890.txt
pucch_f3_uci3,PUCCH,67890,10,200,uci_ber,0,0.0000e+00,configs/pucch_f3_uci3_seed67890.cfg,logs/pucch_f3_uci3_seed67890.txt
pucch_f3_uci3,PUCCH,67890,15,200,uci_ber,0,0.0000e+00,configs/pucch_f3_uci3_seed67890.cfg,logs/pucch_f3_uci3_seed67890.txt
pucch_f3_uci3,PUCCH,67890,20,200,uci_ber,0,0.0000e+00,configs/pucch_f3_uci3_seed67890.cfg,logs/pucch_f3_uci3_seed67890.txt
pucch_f3_uci11,PUCCH,12345,-10,200,uci_ber,0.31,3.1000e-01,configs/pucch_f3_uci11_seed12345.cfg,logs/pucch_f3_uci11_seed12345.txt
pucch_f3_uci11,PUCCH,12345,-5,200,uci_ber,0.060455,6.0455e-02,configs/pucch_f3_uci11_seed12345.cfg,logs/pucch_f3_uci11_seed12345.txt
pucch_f3_uci11,PUCCH,12345,0,200,uci_ber,0,0.0000e+00,configs/pucch_f3_uci11_seed12345.cfg,logs/pucch_f3_uci11_seed12345.txt
pucch_f3_uci11,PUCCH,12345,5,200,uci_ber,0,0.0000e+00,configs/pucch_f3_uci11_seed12345.cfg,logs/pucch_f3_uci11_seed12345.txt
pucch_f3_uci11,PUCCH,12345,10,200,uci_ber,0,0.0000e+00,configs/pucch_f3_uci11_seed12345.cfg,logs/pucch_f3_uci11_seed12345.txt
pucch_f3_uci11,PUCCH,12345,15,200,uci_ber,0,0.0000e+00,configs/pucch_f3_uci11_seed12345.cfg,logs/pucch_f3_uci11_seed12345.txt
pucch_f3_uci11,PUCCH,12345,20,200,uci_ber,0,0.0000e+00,configs/pucch_f3_uci11_seed12345.cfg,logs/pucch_f3_uci11_seed12345.txt
pucch_f3_uci11,PUCCH,67890,-10,200,uci_ber,0.32545,3.2545e-01,configs/pucch_f3_uci11_seed67890.cfg,logs/pucch_f3_uci11_seed67890.txt
pucch_f3_uci11,PUCCH,67890,-5,200,uci_ber,0.052727,5.2727e-02,configs/pucch_f3_uci11_seed67890.cfg,logs/pucch_f3_uci11_seed67890.txt
pucch_f3_uci11,PUCCH,67890,0,200,uci_ber,0.0022727,2.2727e-03,configs/pucch_f3_uci11_seed67890.cfg,logs/pucch_f3_uci11_seed67890.txt
pucch_f3_uci11,PUCCH,67890,5,200,uci_ber,0,0.0000e+00,configs/pucch_f3_uci11_seed67890.cfg,logs/pucch_f3_uci11_seed67890.txt
pucch_f3_uci11,PUCCH,67890,10,200,uci_ber,0,0.0000e+00,configs/pucch_f3_uci11_seed67890.cfg,logs/pucch_f3_uci11_seed67890.txt
pucch_f3_uci11,PUCCH,67890,15,200,uci_ber,0,0.0000e+00,configs/pucch_f3_uci11_seed67890.cfg,logs/pucch_f3_uci11_seed67890.txt
pucch_f3_uci11,PUCCH,67890,20,200,uci_ber,0,0.0000e+00,configs/pucch_f3_uci11_seed67890.cfg,logs/pucch_f3_uci11_seed67890.txt
prach_short,PRACH,12345,-10,200,preamble_error_rate,0.03,0.0300,configs/prach_short_seed12345.cfg,logs/prach_short_seed12345.txt
prach_short,PRACH,12345,-10,200,ta_mae_samples,0,0.0000,configs/prach_short_seed12345.cfg,logs/prach_short_seed12345.txt
prach_short,PRACH,12345,-5,200,preamble_error_rate,0,0.0000,configs/prach_short_seed12345.cfg,logs/prach_short_seed12345.txt
prach_short,PRACH,12345,-5,200,ta_mae_samples,0,0.0000,configs/prach_short_seed12345.cfg,logs/prach_short_seed12345.txt
prach_short,PRACH,12345,0,200,preamble_error_rate,0,0.0000,configs/prach_short_seed12345.cfg,logs/prach_short_seed12345.txt
prach_short,PRACH,12345,0,200,ta_mae_samples,0,0.0000,configs/prach_short_seed12345.cfg,logs/prach_short_seed12345.txt
prach_short,PRACH,12345,5,200,preamble_error_rate,0,0.0000,configs/prach_short_seed12345.cfg,logs/prach_short_seed12345.txt
prach_short,PRACH,12345,5,200,ta_mae_samples,0,0.0000,configs/prach_short_seed12345.cfg,logs/prach_short_seed12345.txt
prach_short,PRACH,12345,10,200,preamble_error_rate,0,0.0000,configs/prach_short_seed12345.cfg,logs/prach_short_seed12345.txt
prach_short,PRACH,12345,10,200,ta_mae_samples,0,0.0000,configs/prach_short_seed12345.cfg,logs/prach_short_seed12345.txt
prach_short,PRACH,12345,15,200,preamble_error_rate,0,0.0000,configs/prach_short_seed12345.cfg,logs/prach_short_seed12345.txt
prach_short,PRACH,12345,15,200,ta_mae_samples,0,0.0000,configs/prach_short_seed12345.cfg,logs/prach_short_seed12345.txt
prach_short,PRACH,12345,20,200,preamble_error_rate,0,0.0000,configs/prach_short_seed12345.cfg,logs/prach_short_seed12345.txt
prach_short,PRACH,12345,20,200,ta_mae_samples,0,0.0000,configs/prach_short_seed12345.cfg,logs/prach_short_seed12345.txt
prach_short,PRACH,67890,-10,200,preamble_error_rate,0.025,0.0250,configs/prach_short_seed67890.cfg,logs/prach_short_seed67890.txt
prach_short,PRACH,67890,-10,200,ta_mae_samples,0,0.0000,configs/prach_short_seed67890.cfg,logs/prach_short_seed67890.txt
prach_short,PRACH,67890,-5,200,preamble_error_rate,0,0.0000,configs/prach_short_seed67890.cfg,logs/prach_short_seed67890.txt
prach_short,PRACH,67890,-5,200,ta_mae_samples,0,0.0000,configs/prach_short_seed67890.cfg,logs/prach_short_seed67890.txt
prach_short,PRACH,67890,0,200,preamble_error_rate,0,0.0000,configs/prach_short_seed67890.cfg,logs/prach_short_seed67890.txt
prach_short,PRACH,67890,0,200,ta_mae_samples,0,0.0000,configs/prach_short_seed67890.cfg,logs/prach_short_seed67890.txt
prach_short,PRACH,67890,5,200,preamble_error_rate,0,0.0000,configs/prach_short_seed67890.cfg,logs/prach_short_seed67890.txt
prach_short,PRACH,67890,5,200,ta_mae_samples,0,0.0000,configs/prach_short_seed67890.cfg,logs/prach_short_seed67890.txt
prach_short,PRACH,67890,10,200,preamble_error_rate,0,0.0000,configs/prach_short_seed67890.cfg,logs/prach_short_seed67890.txt
prach_short,PRACH,67890,10,200,ta_mae_samples,0,0.0000,configs/prach_short_seed67890.cfg,logs/prach_short_seed67890.txt
prach_short,PRACH,67890,15,200,preamble_error_rate,0,0.0000,configs/prach_short_seed67890.cfg,logs/prach_short_seed67890.txt
prach_short,PRACH,67890,15,200,ta_mae_samples,0,0.0000,configs/prach_short_seed67890.cfg,logs/prach_short_seed67890.txt
prach_short,PRACH,67890,20,200,preamble_error_rate,0,0.0000,configs/prach_short_seed67890.cfg,logs/prach_short_seed67890.txt
prach_short,PRACH,67890,20,200,ta_mae_samples,0,0.0000,configs/prach_short_seed67890.cfg,logs/prach_short_seed67890.txt
prach_long,PRACH,12345,-10,200,preamble_error_rate,0,0.0000,configs/prach_long_seed12345.cfg,logs/prach_long_seed12345.txt
prach_long,PRACH,12345,-10,200,ta_mae_samples,0,0.0000,configs/prach_long_seed12345.cfg,logs/prach_long_seed12345.txt
prach_long,PRACH,12345,-5,200,preamble_error_rate,0,0.0000,configs/prach_long_seed12345.cfg,logs/prach_long_seed12345.txt
prach_long,PRACH,12345,-5,200,ta_mae_samples,0,0.0000,configs/prach_long_seed12345.cfg,logs/prach_long_seed12345.txt
prach_long,PRACH,12345,0,200,preamble_error_rate,0,0.0000,configs/prach_long_seed12345.cfg,logs/prach_long_seed12345.txt
prach_long,PRACH,12345,0,200,ta_mae_samples,0,0.0000,configs/prach_long_seed12345.cfg,logs/prach_long_seed12345.txt
prach_long,PRACH,12345,5,200,preamble_error_rate,0,0.0000,configs/prach_long_seed12345.cfg,logs/prach_long_seed12345.txt
prach_long,PRACH,12345,5,200,ta_mae_samples,0,0.0000,configs/prach_long_seed12345.cfg,logs/prach_long_seed12345.txt
prach_long,PRACH,12345,10,200,preamble_error_rate,0,0.0000,configs/prach_long_seed12345.cfg,logs/prach_long_seed12345.txt
prach_long,PRACH,12345,10,200,ta_mae_samples,0,0.0000,configs/prach_long_seed12345.cfg,logs/prach_long_seed12345.txt
prach_long,PRACH,12345,15,200,preamble_error_rate,0,0.0000,configs/prach_long_seed12345.cfg,logs/prach_long_seed12345.txt
prach_long,PRACH,12345,15,200,ta_mae_samples,0,0.0000,configs/prach_long_seed12345.cfg,logs/prach_long_seed12345.txt
prach_long,PRACH,12345,20,200,preamble_error_rate,0,0.0000,configs/prach_long_seed12345.cfg,logs/prach_long_seed12345.txt
prach_long,PRACH,12345,20,200,ta_mae_samples,0,0.0000,configs/prach_long_seed12345.cfg,logs/prach_long_seed12345.txt
prach_long,PRACH,67890,-10,200,preamble_error_rate,0,0.0000,configs/prach_long_seed67890.cfg,logs/prach_long_seed67890.txt
prach_long,PRACH,67890,-10,200,ta_mae_samples,0,0.0000,configs/prach_long_seed67890.cfg,logs/prach_long_seed67890.txt
prach_long,PRACH,67890,-5,200,preamble_error_rate,0,0.0000,configs/prach_long_seed67890.cfg,logs/prach_long_seed67890.txt
prach_long,PRACH,67890,-5,200,ta_mae_samples,0,0.0000,configs/prach_long_seed67890.cfg,logs/prach_long_seed67890.txt
prach_long,PRACH,67890,0,200,preamble_error_rate,0,0.0000,configs/prach_long_seed67890.cfg,logs/prach_long_seed67890.txt
prach_long,PRACH,67890,0,200,ta_mae_samples,0,0.0000,configs/prach_long_seed67890.cfg,logs/prach_long_seed67890.txt
prach_long,PRACH,67890,5,200,preamble_error_rate,0,0.0000,configs/prach_long_seed67890.cfg,logs/prach_long_seed67890.txt
prach_long,PRACH,67890,5,200,ta_mae_samples,0,0.0000,configs/prach_long_seed67890.cfg,logs/prach_long_seed67890.txt
prach_long,PRACH,67890,10,200,preamble_error_rate,0,0.0000,configs/prach_long_seed67890.cfg,logs/prach_long_seed67890.txt
prach_long,PRACH,67890,10,200,ta_mae_samples,0,0.0000,configs/prach_long_seed67890.cfg,logs/prach_long_seed67890.txt
prach_long,PRACH,67890,15,200,preamble_error_rate,0,0.0000,configs/prach_long_seed67890.cfg,logs/prach_long_seed67890.txt
prach_long,PRACH,67890,15,200,ta_mae_samples,0,0.0000,configs/prach_long_seed67890.cfg,logs/prach_long_seed67890.txt
prach_long,PRACH,67890,20,200,preamble_error_rate,0,0.0000,configs/prach_long_seed67890.cfg,logs/prach_long_seed67890.txt
prach_long,PRACH,67890,20,200,ta_mae_samples,0,0.0000,configs/prach_long_seed67890.cfg,logs/prach_long_seed67890.txt
csirs_row1,CSIRS,12345,-10,200,mse_pilots_db,10.02,10.02,configs/csirs_row1_seed12345.cfg,logs/csirs_row1_seed12345.txt
csirs_row1,CSIRS,12345,-10,200,mse_all_sc_db,8.4,8.40,configs/csirs_row1_seed12345.cfg,logs/csirs_row1_seed12345.txt
csirs_row1,CSIRS,12345,-5,200,mse_pilots_db,5.04,5.04,configs/csirs_row1_seed12345.cfg,logs/csirs_row1_seed12345.txt
csirs_row1,CSIRS,12345,-5,200,mse_all_sc_db,3.44,3.44,configs/csirs_row1_seed12345.cfg,logs/csirs_row1_seed12345.txt
csirs_row1,CSIRS,12345,0,200,mse_pilots_db,-0.07,-0.07,configs/csirs_row1_seed12345.cfg,logs/csirs_row1_seed12345.txt
csirs_row1,CSIRS,12345,0,200,mse_all_sc_db,-1.66,-1.66,configs/csirs_row1_seed12345.cfg,logs/csirs_row1_seed12345.txt
csirs_row1,CSIRS,12345,5,200,mse_pilots_db,-5.04,-5.04,configs/csirs_row1_seed12345.cfg,logs/csirs_row1_seed12345.txt
csirs_row1,CSIRS,12345,5,200,mse_all_sc_db,-6.64,-6.64,configs/csirs_row1_seed12345.cfg,logs/csirs_row1_seed12345.txt
csirs_row1,CSIRS,12345,10,200,mse_pilots_db,-9.89,-9.89,configs/csirs_row1_seed12345.cfg,logs/csirs_row1_seed12345.txt
csirs_row1,CSIRS,12345,10,200,mse_all_sc_db,-11.51,-11.51,configs/csirs_row1_seed12345.cfg,logs/csirs_row1_seed12345.txt
csirs_row1,CSIRS,12345,15,200,mse_pilots_db,-14.99,-14.99,configs/csirs_row1_seed12345.cfg,logs/csirs_row1_seed12345.txt
csirs_row1,CSIRS,12345,15,200,mse_all_sc_db,-16.59,-16.59,configs/csirs_row1_seed12345.cfg,logs/csirs_row1_seed12345.txt
csirs_row1,CSIRS,12345,20,200,mse_pilots_db,-19.97,-19.97,configs/csirs_row1_seed12345.cfg,logs/csirs_row1_seed12345.txt
csirs_row1,CSIRS,12345,20,200,mse_all_sc_db,-21.57,-21.57,configs/csirs_row1_seed12345.cfg,logs/csirs_row1_seed12345.txt
csirs_row1,CSIRS,67890,-10,200,mse_pilots_db,10.08,10.08,configs/csirs_row1_seed67890.cfg,logs/csirs_row1_seed67890.txt
csirs_row1,CSIRS,67890,-10,200,mse_all_sc_db,8.49,8.49,configs/csirs_row1_seed67890.cfg,logs/csirs_row1_seed67890.txt
csirs_row1,CSIRS,67890,-5,200,mse_pilots_db,5,5.00,configs/csirs_row1_seed67890.cfg,logs/csirs_row1_seed67890.txt
csirs_row1,CSIRS,67890,-5,200,mse_all_sc_db,3.41,3.41,configs/csirs_row1_seed67890.cfg,logs/csirs_row1_seed67890.txt
csirs_row1,CSIRS,67890,0,200,mse_pilots_db,0.04,0.04,configs/csirs_row1_seed67890.cfg,logs/csirs_row1_seed67890.txt
csirs_row1,CSIRS,67890,0,200,mse_all_sc_db,-1.56,-1.56,configs/csirs_row1_seed67890.cfg,logs/csirs_row1_seed67890.txt
csirs_row1,CSIRS,67890,5,200,mse_pilots_db,-4.99,-4.99,configs/csirs_row1_seed67890.cfg,logs/csirs_row1_seed67890.txt
csirs_row1,CSIRS,67890,5,200,mse_all_sc_db,-6.58,-6.58,configs/csirs_row1_seed67890.cfg,logs/csirs_row1_seed67890.txt
csirs_row1,CSIRS,67890,10,200,mse_pilots_db,-9.94,-9.94,configs/csirs_row1_seed67890.cfg,logs/csirs_row1_seed67890.txt
csirs_row1,CSIRS,67890,10,200,mse_all_sc_db,-11.55,-11.55,configs/csirs_row1_seed67890.cfg,logs/csirs_row1_seed67890.txt
csirs_row1,CSIRS,67890,15,200,mse_pilots_db,-15.07,-15.07,configs/csirs_row1_seed67890.cfg,logs/csirs_row1_seed67890.txt
csirs_row1,CSIRS,67890,15,200,mse_all_sc_db,-16.67,-16.67,configs/csirs_row1_seed67890.cfg,logs/csirs_row1_seed67890.txt
csirs_row1,CSIRS,67890,20,200,mse_pilots_db,-19.94,-19.94,configs/csirs_row1_seed67890.cfg,logs/csirs_row1_seed67890.txt
csirs_row1,CSIRS,67890,20,200,mse_all_sc_db,-21.56,-21.56,configs/csirs_row1_seed67890.cfg,logs/csirs_row1_seed67890.txt
csirs_row2,CSIRS,12345,-10,200,mse_pilots_db,10,10.00,configs/csirs_row2_seed12345.cfg,logs/csirs_row2_seed12345.txt
csirs_row2,CSIRS,12345,-10,200,mse_all_sc_db,8.34,8.34,configs/csirs_row2_seed12345.cfg,logs/csirs_row2_seed12345.txt
csirs_row2,CSIRS,12345,-5,200,mse_pilots_db,5.02,5.02,configs/csirs_row2_seed12345.cfg,logs/csirs_row2_seed12345.txt
csirs_row2,CSIRS,12345,-5,200,mse_all_sc_db,3.38,3.38,configs/csirs_row2_seed12345.cfg,logs/csirs_row2_seed12345.txt
csirs_row2,CSIRS,12345,0,200,mse_pilots_db,0.03,0.03,configs/csirs_row2_seed12345.cfg,logs/csirs_row2_seed12345.txt
csirs_row2,CSIRS,12345,0,200,mse_all_sc_db,-1.66,-1.66,configs/csirs_row2_seed12345.cfg,logs/csirs_row2_seed12345.txt
csirs_row2,CSIRS,12345,5,200,mse_pilots_db,-4.92,-4.92,configs/csirs_row2_seed12345.cfg,logs/csirs_row2_seed12345.txt
csirs_row2,CSIRS,12345,5,200,mse_all_sc_db,-6.57,-6.57,configs/csirs_row2_seed12345.cfg,logs/csirs_row2_seed12345.txt
csirs_row2,CSIRS,12345,10,200,mse_pilots_db,-10.04,-10.04,configs/csirs_row2_seed12345.cfg,logs/csirs_row2_seed12345.txt
csirs_row2,CSIRS,12345,10,200,mse_all_sc_db,-11.67,-11.67,configs/csirs_row2_seed12345.cfg,logs/csirs_row2_seed12345.txt
csirs_row2,CSIRS,12345,15,200,mse_pilots_db,-14.92,-14.92,configs/csirs_row2_seed12345.cfg,logs/csirs_row2_seed12345.txt
csirs_row2,CSIRS,12345,15,200,mse_all_sc_db,-16.54,-16.54,configs/csirs_row2_seed12345.cfg,logs/csirs_row2_seed12345.txt
csirs_row2,CSIRS,12345,20,200,mse_pilots_db,-20.04,-20.04,configs/csirs_row2_seed12345.cfg,logs/csirs_row2_seed12345.txt
csirs_row2,CSIRS,12345,20,200,mse_all_sc_db,-21.7,-21.70,configs/csirs_row2_seed12345.cfg,logs/csirs_row2_seed12345.txt
csirs_row2,CSIRS,67890,-10,200,mse_pilots_db,10.05,10.05,configs/csirs_row2_seed67890.cfg,logs/csirs_row2_seed67890.txt
csirs_row2,CSIRS,67890,-10,200,mse_all_sc_db,8.38,8.38,configs/csirs_row2_seed67890.cfg,logs/csirs_row2_seed67890.txt
csirs_row2,CSIRS,67890,-5,200,mse_pilots_db,5.12,5.12,configs/csirs_row2_seed67890.cfg,logs/csirs_row2_seed67890.txt
csirs_row2,CSIRS,67890,-5,200,mse_all_sc_db,3.48,3.48,configs/csirs_row2_seed67890.cfg,logs/csirs_row2_seed67890.txt
csirs_row2,CSIRS,67890,0,200,mse_pilots_db,0.06,0.06,configs/csirs_row2_seed67890.cfg,logs/csirs_row2_seed67890.txt
csirs_row2,CSIRS,67890,0,200,mse_all_sc_db,-1.59,-1.59,configs/csirs_row2_seed67890.cfg,logs/csirs_row2_seed67890.txt
csirs_row2,CSIRS,67890,5,200,mse_pilots_db,-4.96,-4.96,configs/csirs_row2_seed67890.cfg,logs/csirs_row2_seed67890.txt
csirs_row2,CSIRS,67890,5,200,mse_all_sc_db,-6.61,-6.61,configs/csirs_row2_seed67890.cfg,logs/csirs_row2_seed67890.txt
csirs_row2,CSIRS,67890,10,200,mse_pilots_db,-10.07,-10.07,configs/csirs_row2_seed67890.cfg,logs/csirs_row2_seed67890.txt
csirs_row2,CSIRS,67890,10,200,mse_all_sc_db,-11.74,-11.74,configs/csirs_row2_seed67890.cfg,logs/csirs_row2_seed67890.txt
csirs_row2,CSIRS,67890,15,200,mse_pilots_db,-14.96,-14.96,configs/csirs_row2_seed67890.cfg,logs/csirs_row2_seed67890.txt
csirs_row2,CSIRS,67890,15,200,mse_all_sc_db,-16.64,-16.64,configs/csirs_row2_seed67890.cfg,logs/csirs_row2_seed67890.txt
csirs_row2,CSIRS,67890,20,200,mse_pilots_db,-20.06,-20.06,configs/csirs_row2_seed67890.cfg,logs/csirs_row2_seed67890.txt
csirs_row2,CSIRS,67890,20,200,mse_all_sc_db,-21.75,-21.75,configs/csirs_row2_seed67890.cfg,logs/csirs_row2_seed67890.txt
csirs_row3,CSIRS,12345,-10,200,mse_pilots_db,10.01,10.01,configs/csirs_row3_seed12345.cfg,logs/csirs_row3_seed12345.txt
csirs_row3,CSIRS,12345,-10,200,mse_all_sc_db,8.46,8.46,configs/csirs_row3_seed12345.cfg,logs/csirs_row3_seed12345.txt
csirs_row3,CSIRS,12345,-5,200,mse_pilots_db,5.05,5.05,configs/csirs_row3_seed12345.cfg,logs/csirs_row3_seed12345.txt
csirs_row3,CSIRS,12345,-5,200,mse_all_sc_db,3.49,3.49,configs/csirs_row3_seed12345.cfg,logs/csirs_row3_seed12345.txt
csirs_row3,CSIRS,12345,0,200,mse_pilots_db,0.02,0.02,configs/csirs_row3_seed12345.cfg,logs/csirs_row3_seed12345.txt
csirs_row3,CSIRS,12345,0,200,mse_all_sc_db,-1.54,-1.54,configs/csirs_row3_seed12345.cfg,logs/csirs_row3_seed12345.txt
csirs_row3,CSIRS,12345,5,200,mse_pilots_db,-5.07,-5.07,configs/csirs_row3_seed12345.cfg,logs/csirs_row3_seed12345.txt
csirs_row3,CSIRS,12345,5,200,mse_all_sc_db,-6.65,-6.65,configs/csirs_row3_seed12345.cfg,logs/csirs_row3_seed12345.txt
csirs_row3,CSIRS,12345,10,200,mse_pilots_db,-10.07,-10.07,configs/csirs_row3_seed12345.cfg,logs/csirs_row3_seed12345.txt
csirs_row3,CSIRS,12345,10,200,mse_all_sc_db,-11.65,-11.65,configs/csirs_row3_seed12345.cfg,logs/csirs_row3_seed12345.txt
csirs_row3,CSIRS,12345,15,200,mse_pilots_db,-15.02,-15.02,configs/csirs_row3_seed12345.cfg,logs/csirs_row3_seed12345.txt
csirs_row3,CSIRS,12345,15,200,mse_all_sc_db,-16.61,-16.61,configs/csirs_row3_seed12345.cfg,logs/csirs_row3_seed12345.txt
csirs_row3,CSIRS,12345,20,200,mse_pilots_db,-19.84,-19.84,configs/csirs_row3_seed12345.cfg,logs/csirs_row3_seed12345.txt
csirs_row3,CSIRS,12345,20,200,mse_all_sc_db,-21.44,-21.44,configs/csirs_row3_seed12345.cfg,logs/csirs_row3_seed12345.txt
csirs_row3,CSIRS,67890,-10,200,mse_pilots_db,10.08,10.08,configs/csirs_row3_seed67890.cfg,logs/csirs_row3_seed67890.txt
csirs_row3,CSIRS,67890,-10,200,mse_all_sc_db,8.52,8.52,configs/csirs_row3_seed67890.cfg,logs/csirs_row3_seed67890.txt
csirs_row3,CSIRS,67890,-5,200,mse_pilots_db,5.05,5.05,configs/csirs_row3_seed67890.cfg,logs/csirs_row3_seed67890.txt
csirs_row3,CSIRS,67890,-5,200,mse_all_sc_db,3.46,3.46,configs/csirs_row3_seed67890.cfg,logs/csirs_row3_seed67890.txt
csirs_row3,CSIRS,67890,0,200,mse_pilots_db,-0.02,-0.02,configs/csirs_row3_seed67890.cfg,logs/csirs_row3_seed67890.txt
csirs_row3,CSIRS,67890,0,200,mse_all_sc_db,-1.63,-1.63,configs/csirs_row3_seed67890.cfg,logs/csirs_row3_seed67890.txt
csirs_row3,CSIRS,67890,5,200,mse_pilots_db,-5,-5.00,configs/csirs_row3_seed67890.cfg,logs/csirs_row3_seed67890.txt
csirs_row3,CSIRS,67890,5,200,mse_all_sc_db,-6.61,-6.61,configs/csirs_row3_seed67890.cfg,logs/csirs_row3_seed67890.txt
csirs_row3,CSIRS,67890,10,200,mse_pilots_db,-9.97,-9.97,configs/csirs_row3_seed67890.cfg,logs/csirs_row3_seed67890.txt
csirs_row3,CSIRS,67890,10,200,mse_all_sc_db,-11.59,-11.59,configs/csirs_row3_seed67890.cfg,logs/csirs_row3_seed67890.txt
csirs_row3,CSIRS,67890,15,200,mse_pilots_db,-14.95,-14.95,configs/csirs_row3_seed67890.cfg,logs/csirs_row3_seed67890.txt
csirs_row3,CSIRS,67890,15,200,mse_all_sc_db,-16.53,-16.53,configs/csirs_row3_seed67890.cfg,logs/csirs_row3_seed67890.txt
csirs_row3,CSIRS,67890,20,200,mse_pilots_db,-19.94,-19.94,configs/csirs_row3_seed67890.cfg,logs/csirs_row3_seed67890.txt
csirs_row3,CSIRS,67890,20,200,mse_all_sc_db,-21.52,-21.52,configs/csirs_row3_seed67890.cfg,logs/csirs_row3_seed67890.txt
csirs_row4,CSIRS,12345,-10,200,mse_pilots_db,10.03,10.03,configs/csirs_row4_seed12345.cfg,logs/csirs_row4_seed12345.txt
csirs_row4,CSIRS,12345,-10,200,mse_all_sc_db,8.61,8.61,configs/csirs_row4_seed12345.cfg,logs/csirs_row4_seed12345.txt
csirs_row4,CSIRS,12345,-5,200,mse_pilots_db,4.98,4.98,configs/csirs_row4_seed12345.cfg,logs/csirs_row4_seed12345.txt
csirs_row4,CSIRS,12345,-5,200,mse_all_sc_db,3.57,3.57,configs/csirs_row4_seed12345.cfg,logs/csirs_row4_seed12345.txt
csirs_row4,CSIRS,12345,0,200,mse_pilots_db,-0.05,-0.05,configs/csirs_row4_seed12345.cfg,logs/csirs_row4_seed12345.txt
csirs_row4,CSIRS,12345,0,200,mse_all_sc_db,-1.46,-1.46,configs/csirs_row4_seed12345.cfg,logs/csirs_row4_seed12345.txt
csirs_row4,CSIRS,12345,5,200,mse_pilots_db,-4.92,-4.92,configs/csirs_row4_seed12345.cfg,logs/csirs_row4_seed12345.txt
csirs_row4,CSIRS,12345,5,200,mse_all_sc_db,-6.34,-6.34,configs/csirs_row4_seed12345.cfg,logs/csirs_row4_seed12345.txt
csirs_row4,CSIRS,12345,10,200,mse_pilots_db,-9.97,-9.97,configs/csirs_row4_seed12345.cfg,logs/csirs_row4_seed12345.txt
csirs_row4,CSIRS,12345,10,200,mse_all_sc_db,-11.42,-11.42,configs/csirs_row4_seed12345.cfg,logs/csirs_row4_seed12345.txt
csirs_row4,CSIRS,12345,15,200,mse_pilots_db,-15.01,-15.01,configs/csirs_row4_seed12345.cfg,logs/csirs_row4_seed12345.txt
csirs_row4,CSIRS,12345,15,200,mse_all_sc_db,-16.43,-16.43,configs/csirs_row4_seed12345.cfg,logs/csirs_row4_seed12345.txt
csirs_row4,CSIRS,12345,20,200,mse_pilots_db,-20,-20.00,configs/csirs_row4_seed12345.cfg,logs/csirs_row4_seed12345.txt
csirs_row4,CSIRS,12345,20,200,mse_all_sc_db,-21.45,-21.45,configs/csirs_row4_seed12345.cfg,logs/csirs_row4_seed12345.txt
csirs_row4,CSIRS,67890,-10,200,mse_pilots_db,10.07,10.07,configs/csirs_row4_seed67890.cfg,logs/csirs_row4_seed67890.txt
csirs_row4,CSIRS,67890,-10,200,mse_all_sc_db,8.62,8.62,configs/csirs_row4_seed67890.cfg,logs/csirs_row4_seed67890.txt
csirs_row4,CSIRS,67890,-5,200,mse_pilots_db,4.99,4.99,configs/csirs_row4_seed67890.cfg,logs/csirs_row4_seed67890.txt
csirs_row4,CSIRS,67890,-5,200,mse_all_sc_db,3.54,3.54,configs/csirs_row4_seed67890.cfg,logs/csirs_row4_seed67890.txt
csirs_row4,CSIRS,67890,0,200,mse_pilots_db,0.04,0.04,configs/csirs_row4_seed67890.cfg,logs/csirs_row4_seed67890.txt
csirs_row4,CSIRS,67890,0,200,mse_all_sc_db,-1.4,-1.40,configs/csirs_row4_seed67890.cfg,logs/csirs_row4_seed67890.txt
csirs_row4,CSIRS,67890,5,200,mse_pilots_db,-4.95,-4.95,configs/csirs_row4_seed67890.cfg,logs/csirs_row4_seed67890.txt
csirs_row4,CSIRS,67890,5,200,mse_all_sc_db,-6.37,-6.37,configs/csirs_row4_seed67890.cfg,logs/csirs_row4_seed67890.txt
csirs_row4,CSIRS,67890,10,200,mse_pilots_db,-10.03,-10.03,configs/csirs_row4_seed67890.cfg,logs/csirs_row4_seed67890.txt
csirs_row4,CSIRS,67890,10,200,mse_all_sc_db,-11.47,-11.47,configs/csirs_row4_seed67890.cfg,logs/csirs_row4_seed67890.txt
csirs_row4,CSIRS,67890,15,200,mse_pilots_db,-15.03,-15.03,configs/csirs_row4_seed67890.cfg,logs/csirs_row4_seed67890.txt
csirs_row4,CSIRS,67890,15,200,mse_all_sc_db,-16.46,-16.46,configs/csirs_row4_seed67890.cfg,logs/csirs_row4_seed67890.txt
csirs_row4,CSIRS,67890,20,200,mse_pilots_db,-20,-20.00,configs/csirs_row4_seed67890.cfg,logs/csirs_row4_seed67890.txt
csirs_row4,CSIRS,67890,20,200,mse_all_sc_db,-21.44,-21.44,configs/csirs_row4_seed67890.cfg,logs/csirs_row4_seed67890.txt
srs_comb2,SRS,12345,-10,200,mse_pilots_db,10.03,10.03,configs/srs_comb2_seed12345.cfg,logs/srs_comb2_seed12345.txt
srs_comb2,SRS,12345,-10,200,mse_all_sc_db,9.18,9.18,configs/srs_comb2_seed12345.cfg,logs/srs_comb2_seed12345.txt
srs_comb2,SRS,12345,-10,200,theory_db,10,10.00,configs/srs_comb2_seed12345.cfg,logs/srs_comb2_seed12345.txt
srs_comb2,SRS,12345,-5,200,mse_pilots_db,4.98,4.98,configs/srs_comb2_seed12345.cfg,logs/srs_comb2_seed12345.txt
srs_comb2,SRS,12345,-5,200,mse_all_sc_db,4.28,4.28,configs/srs_comb2_seed12345.cfg,logs/srs_comb2_seed12345.txt
srs_comb2,SRS,12345,-5,200,theory_db,5,5.00,configs/srs_comb2_seed12345.cfg,logs/srs_comb2_seed12345.txt
srs_comb2,SRS,12345,0,200,mse_pilots_db,-0.05,-0.05,configs/srs_comb2_seed12345.cfg,logs/srs_comb2_seed12345.txt
srs_comb2,SRS,12345,0,200,mse_all_sc_db,-0.78,-0.78,configs/srs_comb2_seed12345.cfg,logs/srs_comb2_seed12345.txt
srs_comb2,SRS,12345,0,200,theory_db,0,-0.00,configs/srs_comb2_seed12345.cfg,logs/srs_comb2_seed12345.txt
srs_comb2,SRS,12345,5,200,mse_pilots_db,-4.92,-4.92,configs/srs_comb2_seed12345.cfg,logs/srs_comb2_seed12345.txt
srs_comb2,SRS,12345,5,200,mse_all_sc_db,-5.57,-5.57,configs/srs_comb2_seed12345.cfg,logs/srs_comb2_seed12345.txt
srs_comb2,SRS,12345,5,200,theory_db,-5,-5.00,configs/srs_comb2_seed12345.cfg,logs/srs_comb2_seed12345.txt
srs_comb2,SRS,12345,10,200,mse_pilots_db,-9.97,-9.97,configs/srs_comb2_seed12345.cfg,logs/srs_comb2_seed12345.txt
srs_comb2,SRS,12345,10,200,mse_all_sc_db,-11.07,-11.07,configs/srs_comb2_seed12345.cfg,logs/srs_comb2_seed12345.txt
srs_comb2,SRS,12345,10,200,theory_db,-10,-10.00,configs/srs_comb2_seed12345.cfg,logs/srs_comb2_seed12345.txt
srs_comb2,SRS,12345,15,200,mse_pilots_db,-15.01,-15.01,configs/srs_comb2_seed12345.cfg,logs/srs_comb2_seed12345.txt
srs_comb2,SRS,12345,15,200,mse_all_sc_db,-15.78,-15.78,configs/srs_comb2_seed12345.cfg,logs/srs_comb2_seed12345.txt
srs_comb2,SRS,12345,15,200,theory_db,-15,-15.00,configs/srs_comb2_seed12345.cfg,logs/srs_comb2_seed12345.txt
srs_comb2,SRS,12345,20,200,mse_pilots_db,-20,-20.00,configs/srs_comb2_seed12345.cfg,logs/srs_comb2_seed12345.txt
srs_comb2,SRS,12345,20,200,mse_all_sc_db,-20.79,-20.79,configs/srs_comb2_seed12345.cfg,logs/srs_comb2_seed12345.txt
srs_comb2,SRS,12345,20,200,theory_db,-20,-20.00,configs/srs_comb2_seed12345.cfg,logs/srs_comb2_seed12345.txt
srs_comb2,SRS,67890,-10,200,mse_pilots_db,10.07,10.07,configs/srs_comb2_seed67890.cfg,logs/srs_comb2_seed67890.txt
srs_comb2,SRS,67890,-10,200,mse_all_sc_db,9.11,9.11,configs/srs_comb2_seed67890.cfg,logs/srs_comb2_seed67890.txt
srs_comb2,SRS,67890,-10,200,theory_db,10,10.00,configs/srs_comb2_seed67890.cfg,logs/srs_comb2_seed67890.txt
srs_comb2,SRS,67890,-5,200,mse_pilots_db,4.99,4.99,configs/srs_comb2_seed67890.cfg,logs/srs_comb2_seed67890.txt
srs_comb2,SRS,67890,-5,200,mse_all_sc_db,4.04,4.04,configs/srs_comb2_seed67890.cfg,logs/srs_comb2_seed67890.txt
srs_comb2,SRS,67890,-5,200,theory_db,5,5.00,configs/srs_comb2_seed67890.cfg,logs/srs_comb2_seed67890.txt
srs_comb2,SRS,67890,0,200,mse_pilots_db,0.04,0.04,configs/srs_comb2_seed67890.cfg,logs/srs_comb2_seed67890.txt
srs_comb2,SRS,67890,0,200,mse_all_sc_db,-0.76,-0.76,configs/srs_comb2_seed67890.cfg,logs/srs_comb2_seed67890.txt
srs_comb2,SRS,67890,0,200,theory_db,0,-0.00,configs/srs_comb2_seed67890.cfg,logs/srs_comb2_seed67890.txt
srs_comb2,SRS,67890,5,200,mse_pilots_db,-4.95,-4.95,configs/srs_comb2_seed67890.cfg,logs/srs_comb2_seed67890.txt
srs_comb2,SRS,67890,5,200,mse_all_sc_db,-5.71,-5.71,configs/srs_comb2_seed67890.cfg,logs/srs_comb2_seed67890.txt
srs_comb2,SRS,67890,5,200,theory_db,-5,-5.00,configs/srs_comb2_seed67890.cfg,logs/srs_comb2_seed67890.txt
srs_comb2,SRS,67890,10,200,mse_pilots_db,-10.03,-10.03,configs/srs_comb2_seed67890.cfg,logs/srs_comb2_seed67890.txt
srs_comb2,SRS,67890,10,200,mse_all_sc_db,-10.6,-10.60,configs/srs_comb2_seed67890.cfg,logs/srs_comb2_seed67890.txt
srs_comb2,SRS,67890,10,200,theory_db,-10,-10.00,configs/srs_comb2_seed67890.cfg,logs/srs_comb2_seed67890.txt
srs_comb2,SRS,67890,15,200,mse_pilots_db,-15.03,-15.03,configs/srs_comb2_seed67890.cfg,logs/srs_comb2_seed67890.txt
srs_comb2,SRS,67890,15,200,mse_all_sc_db,-15.77,-15.77,configs/srs_comb2_seed67890.cfg,logs/srs_comb2_seed67890.txt
srs_comb2,SRS,67890,15,200,theory_db,-15,-15.00,configs/srs_comb2_seed67890.cfg,logs/srs_comb2_seed67890.txt
srs_comb2,SRS,67890,20,200,mse_pilots_db,-20,-20.00,configs/srs_comb2_seed67890.cfg,logs/srs_comb2_seed67890.txt
srs_comb2,SRS,67890,20,200,mse_all_sc_db,-20.77,-20.77,configs/srs_comb2_seed67890.cfg,logs/srs_comb2_seed67890.txt
srs_comb2,SRS,67890,20,200,theory_db,-20,-20.00,configs/srs_comb2_seed67890.cfg,logs/srs_comb2_seed67890.txt
srs_comb4,SRS,12345,-10,200,mse_pilots_db,10.01,10.01,configs/srs_comb4_seed12345.cfg,logs/srs_comb4_seed12345.txt
srs_comb4,SRS,12345,-10,200,mse_all_sc_db,9.09,9.09,configs/srs_comb4_seed12345.cfg,logs/srs_comb4_seed12345.txt
srs_comb4,SRS,12345,-10,200,theory_db,10,10.00,configs/srs_comb4_seed12345.cfg,logs/srs_comb4_seed12345.txt
srs_comb4,SRS,12345,-5,200,mse_pilots_db,5.05,5.05,configs/srs_comb4_seed12345.cfg,logs/srs_comb4_seed12345.txt
srs_comb4,SRS,12345,-5,200,mse_all_sc_db,4.02,4.02,configs/srs_comb4_seed12345.cfg,logs/srs_comb4_seed12345.txt
srs_comb4,SRS,12345,-5,200,theory_db,5,5.00,configs/srs_comb4_seed12345.cfg,logs/srs_comb4_seed12345.txt
srs_comb4,SRS,12345,0,200,mse_pilots_db,0.02,0.02,configs/srs_comb4_seed12345.cfg,logs/srs_comb4_seed12345.txt
srs_comb4,SRS,12345,0,200,mse_all_sc_db,-0.8,-0.80,configs/srs_comb4_seed12345.cfg,logs/srs_comb4_seed12345.txt
srs_comb4,SRS,12345,0,200,theory_db,0,-0.00,configs/srs_comb4_seed12345.cfg,logs/srs_comb4_seed12345.txt
srs_comb4,SRS,12345,5,200,mse_pilots_db,-5.07,-5.07,configs/srs_comb4_seed12345.cfg,logs/srs_comb4_seed12345.txt
srs_comb4,SRS,12345,5,200,mse_all_sc_db,-6.22,-6.22,configs/srs_comb4_seed12345.cfg,logs/srs_comb4_seed12345.txt
srs_comb4,SRS,12345,5,200,theory_db,-5,-5.00,configs/srs_comb4_seed12345.cfg,logs/srs_comb4_seed12345.txt
srs_comb4,SRS,12345,10,200,mse_pilots_db,-10.07,-10.07,configs/srs_comb4_seed12345.cfg,logs/srs_comb4_seed12345.txt
srs_comb4,SRS,12345,10,200,mse_all_sc_db,-10.99,-10.99,configs/srs_comb4_seed12345.cfg,logs/srs_comb4_seed12345.txt
srs_comb4,SRS,12345,10,200,theory_db,-10,-10.00,configs/srs_comb4_seed12345.cfg,logs/srs_comb4_seed12345.txt
srs_comb4,SRS,12345,15,200,mse_pilots_db,-15.02,-15.02,configs/srs_comb4_seed12345.cfg,logs/srs_comb4_seed12345.txt
srs_comb4,SRS,12345,15,200,mse_all_sc_db,-16,-16.00,configs/srs_comb4_seed12345.cfg,logs/srs_comb4_seed12345.txt
srs_comb4,SRS,12345,15,200,theory_db,-15,-15.00,configs/srs_comb4_seed12345.cfg,logs/srs_comb4_seed12345.txt
srs_comb4,SRS,12345,20,200,mse_pilots_db,-19.84,-19.84,configs/srs_comb4_seed12345.cfg,logs/srs_comb4_seed12345.txt
srs_comb4,SRS,12345,20,200,mse_all_sc_db,-20.81,-20.81,configs/srs_comb4_seed12345.cfg,logs/srs_comb4_seed12345.txt
srs_comb4,SRS,12345,20,200,theory_db,-20,-20.00,configs/srs_comb4_seed12345.cfg,logs/srs_comb4_seed12345.txt
srs_comb4,SRS,67890,-10,200,mse_pilots_db,10.08,10.08,configs/srs_comb4_seed67890.cfg,logs/srs_comb4_seed67890.txt
srs_comb4,SRS,67890,-10,200,mse_all_sc_db,9.21,9.21,configs/srs_comb4_seed67890.cfg,logs/srs_comb4_seed67890.txt
srs_comb4,SRS,67890,-10,200,theory_db,10,10.00,configs/srs_comb4_seed67890.cfg,logs/srs_comb4_seed67890.txt
srs_comb4,SRS,67890,-5,200,mse_pilots_db,5.05,5.05,configs/srs_comb4_seed67890.cfg,logs/srs_comb4_seed67890.txt
srs_comb4,SRS,67890,-5,200,mse_all_sc_db,4,4.00,configs/srs_comb4_seed67890.cfg,logs/srs_comb4_seed67890.txt
srs_comb4,SRS,67890,-5,200,theory_db,5,5.00,configs/srs_comb4_seed67890.cfg,logs/srs_comb4_seed67890.txt
srs_comb4,SRS,67890,0,200,mse_pilots_db,-0.02,-0.02,configs/srs_comb4_seed67890.cfg,logs/srs_comb4_seed67890.txt
srs_comb4,SRS,67890,0,200,mse_all_sc_db,-1.13,-1.13,configs/srs_comb4_seed67890.cfg,logs/srs_comb4_seed67890.txt
srs_comb4,SRS,67890,0,200,theory_db,0,-0.00,configs/srs_comb4_seed67890.cfg,logs/srs_comb4_seed67890.txt
srs_comb4,SRS,67890,5,200,mse_pilots_db,-5,-5.00,configs/srs_comb4_seed67890.cfg,logs/srs_comb4_seed67890.txt
srs_comb4,SRS,67890,5,200,mse_all_sc_db,-6.2,-6.20,configs/srs_comb4_seed67890.cfg,logs/srs_comb4_seed67890.txt
srs_comb4,SRS,67890,5,200,theory_db,-5,-5.00,configs/srs_comb4_seed67890.cfg,logs/srs_comb4_seed67890.txt
srs_comb4,SRS,67890,10,200,mse_pilots_db,-9.97,-9.97,configs/srs_comb4_seed67890.cfg,logs/srs_comb4_seed67890.txt
srs_comb4,SRS,67890,10,200,mse_all_sc_db,-11.13,-11.13,configs/srs_comb4_seed67890.cfg,logs/srs_comb4_seed67890.txt
srs_comb4,SRS,67890,10,200,theory_db,-10,-10.00,configs/srs_comb4_seed67890.cfg,logs/srs_comb4_seed67890.txt
srs_comb4,SRS,67890,15,200,mse_pilots_db,-14.95,-14.95,configs/srs_comb4_seed67890.cfg,logs/srs_comb4_seed67890.txt
srs_comb4,SRS,67890,15,200,mse_all_sc_db,-15.84,-15.84,configs/srs_comb4_seed67890.cfg,logs/srs_comb4_seed67890.txt
srs_comb4,SRS,67890,15,200,theory_db,-15,-15.00,configs/srs_comb4_seed67890.cfg,logs/srs_comb4_seed67890.txt
srs_comb4,SRS,67890,20,200,mse_pilots_db,-19.94,-19.94,configs/srs_comb4_seed67890.cfg,logs/srs_comb4_seed67890.txt
srs_comb4,SRS,67890,20,200,mse_all_sc_db,-20.82,-20.82,configs/srs_comb4_seed67890.cfg,logs/srs_comb4_seed67890.txt
srs_comb4,SRS,67890,20,200,theory_db,-20,-20.00,configs/srs_comb4_seed67890.cfg,logs/srs_comb4_seed67890.txt
legacy_none,NONE,12345,-10,200,ber,0.37629,3.7629e-01,configs/legacy_none_seed12345.cfg,logs/legacy_none_seed12345.txt
legacy_none,NONE,12345,-10,200,bler,1,1.0000,configs/legacy_none_seed12345.cfg,logs/legacy_none_seed12345.txt
legacy_none,NONE,12345,-5,200,ber,0.28559,2.8559e-01,configs/legacy_none_seed12345.cfg,logs/legacy_none_seed12345.txt
legacy_none,NONE,12345,-5,200,bler,1,1.0000,configs/legacy_none_seed12345.cfg,logs/legacy_none_seed12345.txt
legacy_none,NONE,12345,0,200,ber,0.15945,1.5945e-01,configs/legacy_none_seed12345.cfg,logs/legacy_none_seed12345.txt
legacy_none,NONE,12345,0,200,bler,1,1.0000,configs/legacy_none_seed12345.cfg,logs/legacy_none_seed12345.txt
legacy_none,NONE,12345,5,200,ber,0.036406,3.6406e-02,configs/legacy_none_seed12345.cfg,logs/legacy_none_seed12345.txt
legacy_none,NONE,12345,5,200,bler,0.99,0.9900,configs/legacy_none_seed12345.cfg,logs/legacy_none_seed12345.txt
legacy_none,NONE,12345,10,200,ber,0.000625,6.2500e-04,configs/legacy_none_seed12345.cfg,logs/legacy_none_seed12345.txt
legacy_none,NONE,12345,10,200,bler,0.075,0.0750,configs/legacy_none_seed12345.cfg,logs/legacy_none_seed12345.txt
legacy_none,NONE,12345,15,200,ber,0,0.0000e+00,configs/legacy_none_seed12345.cfg,logs/legacy_none_seed12345.txt
legacy_none,NONE,12345,15,200,bler,0,0.0000,configs/legacy_none_seed12345.cfg,logs/legacy_none_seed12345.txt
legacy_none,NONE,12345,20,200,ber,0,0.0000e+00,configs/legacy_none_seed12345.cfg,logs/legacy_none_seed12345.txt
legacy_none,NONE,12345,20,200,bler,0,0.0000,configs/legacy_none_seed12345.cfg,logs/legacy_none_seed12345.txt
legacy_none,NONE,67890,-10,200,ber,0.37176,3.7176e-01,configs/legacy_none_seed67890.cfg,logs/legacy_none_seed67890.txt
legacy_none,NONE,67890,-10,200,bler,1,1.0000,configs/legacy_none_seed67890.cfg,logs/legacy_none_seed67890.txt
legacy_none,NONE,67890,-5,200,ber,0.28883,2.8883e-01,configs/legacy_none_seed67890.cfg,logs/legacy_none_seed67890.txt
legacy_none,NONE,67890,-5,200,bler,1,1.0000,configs/legacy_none_seed67890.cfg,logs/legacy_none_seed67890.txt
legacy_none,NONE,67890,0,200,ber,0.1573,1.5730e-01,configs/legacy_none_seed67890.cfg,logs/legacy_none_seed67890.txt
legacy_none,NONE,67890,0,200,bler,1,1.0000,configs/legacy_none_seed67890.cfg,logs/legacy_none_seed67890.txt
legacy_none,NONE,67890,5,200,ber,0.038086,3.8086e-02,configs/legacy_none_seed67890.cfg,logs/legacy_none_seed67890.txt
legacy_none,NONE,67890,5,200,bler,0.995,0.9950,configs/legacy_none_seed67890.cfg,logs/legacy_none_seed67890.txt
legacy_none,NONE,67890,10,200,ber,0.00089844,8.9844e-04,configs/legacy_none_seed67890.cfg,logs/legacy_none_seed67890.txt
legacy_none,NONE,67890,10,200,bler,0.115,0.1150,configs/legacy_none_seed67890.cfg,logs/legacy_none_seed67890.txt
legacy_none,NONE,67890,15,200,ber,0,0.0000e+00,configs/legacy_none_seed67890.cfg,logs/legacy_none_seed67890.txt
legacy_none,NONE,67890,15,200,bler,0,0.0000,configs/legacy_none_seed67890.cfg,logs/legacy_none_seed67890.txt
legacy_none,NONE,67890,20,200,ber,0,0.0000e+00,configs/legacy_none_seed67890.cfg,logs/legacy_none_seed67890.txt
legacy_none,NONE,67890,20,200,bler,0,0.0000,configs/legacy_none_seed67890.cfg,logs/legacy_none_seed67890.txt
legacy_ldpc,NONE,12345,-10,200,ber,0.36535,3.6535e-01,configs/legacy_ldpc_seed12345.cfg,logs/legacy_ldpc_seed12345.txt
legacy_ldpc,NONE,12345,-10,200,bler,1,1.0000,configs/legacy_ldpc_seed12345.cfg,logs/legacy_ldpc_seed12345.txt
legacy_ldpc,NONE,12345,-5,200,ber,0.027656,2.7656e-02,configs/legacy_ldpc_seed12345.cfg,logs/legacy_ldpc_seed12345.txt
legacy_ldpc,NONE,12345,-5,200,bler,0.145,0.1450,configs/legacy_ldpc_seed12345.cfg,logs/legacy_ldpc_seed12345.txt
legacy_ldpc,NONE,12345,0,200,ber,0,0.0000e+00,configs/legacy_ldpc_seed12345.cfg,logs/legacy_ldpc_seed12345.txt
legacy_ldpc,NONE,12345,0,200,bler,0,0.0000,configs/legacy_ldpc_seed12345.cfg,logs/legacy_ldpc_seed12345.txt
legacy_ldpc,NONE,12345,5,200,ber,0,0.0000e+00,configs/legacy_ldpc_seed12345.cfg,logs/legacy_ldpc_seed12345.txt
legacy_ldpc,NONE,12345,5,200,bler,0,0.0000,configs/legacy_ldpc_seed12345.cfg,logs/legacy_ldpc_seed12345.txt
legacy_ldpc,NONE,12345,10,200,ber,0,0.0000e+00,configs/legacy_ldpc_seed12345.cfg,logs/legacy_ldpc_seed12345.txt
legacy_ldpc,NONE,12345,10,200,bler,0,0.0000,configs/legacy_ldpc_seed12345.cfg,logs/legacy_ldpc_seed12345.txt
legacy_ldpc,NONE,12345,15,200,ber,0,0.0000e+00,configs/legacy_ldpc_seed12345.cfg,logs/legacy_ldpc_seed12345.txt
legacy_ldpc,NONE,12345,15,200,bler,0,0.0000,configs/legacy_ldpc_seed12345.cfg,logs/legacy_ldpc_seed12345.txt
legacy_ldpc,NONE,12345,20,200,ber,0,0.0000e+00,configs/legacy_ldpc_seed12345.cfg,logs/legacy_ldpc_seed12345.txt
legacy_ldpc,NONE,12345,20,200,bler,0,0.0000,configs/legacy_ldpc_seed12345.cfg,logs/legacy_ldpc_seed12345.txt
legacy_ldpc,NONE,67890,-10,200,ber,0.35918,3.5918e-01,configs/legacy_ldpc_seed67890.cfg,logs/legacy_ldpc_seed67890.txt
legacy_ldpc,NONE,67890,-10,200,bler,1,1.0000,configs/legacy_ldpc_seed67890.cfg,logs/legacy_ldpc_seed67890.txt
legacy_ldpc,NONE,67890,-5,200,ber,0.016758,1.6758e-02,configs/legacy_ldpc_seed67890.cfg,logs/legacy_ldpc_seed67890.txt
legacy_ldpc,NONE,67890,-5,200,bler,0.095,0.0950,configs/legacy_ldpc_seed67890.cfg,logs/legacy_ldpc_seed67890.txt
legacy_ldpc,NONE,67890,0,200,ber,0,0.0000e+00,configs/legacy_ldpc_seed67890.cfg,logs/legacy_ldpc_seed67890.txt
legacy_ldpc,NONE,67890,0,200,bler,0,0.0000,configs/legacy_ldpc_seed67890.cfg,logs/legacy_ldpc_seed67890.txt
legacy_ldpc,NONE,67890,5,200,ber,0,0.0000e+00,configs/legacy_ldpc_seed67890.cfg,logs/legacy_ldpc_seed67890.txt
legacy_ldpc,NONE,67890,5,200,bler,0,0.0000,configs/legacy_ldpc_seed67890.cfg,logs/legacy_ldpc_seed67890.txt
legacy_ldpc,NONE,67890,10,200,ber,0,0.0000e+00,configs/legacy_ldpc_seed67890.cfg,logs/legacy_ldpc_seed67890.txt
legacy_ldpc,NONE,67890,10,200,bler,0,0.0000,configs/legacy_ldpc_seed67890.cfg,logs/legacy_ldpc_seed67890.txt
legacy_ldpc,NONE,67890,15,200,ber,0,0.0000e+00,configs/legacy_ldpc_seed67890.cfg,logs/legacy_ldpc_seed67890.txt
legacy_ldpc,NONE,67890,15,200,bler,0,0.0000,configs/legacy_ldpc_seed67890.cfg,logs/legacy_ldpc_seed67890.txt
legacy_ldpc,NONE,67890,20,200,ber,0,0.0000e+00,configs/legacy_ldpc_seed67890.cfg,logs/legacy_ldpc_seed67890.txt
legacy_ldpc,NONE,67890,20,200,bler,0,0.0000,configs/legacy_ldpc_seed67890.cfg,logs/legacy_ldpc_seed67890.txt
legacy_polar,NONE,12345,-10,200,ber,0.49551,4.9551e-01,configs/legacy_polar_seed12345.cfg,logs/legacy_polar_seed12345.txt
legacy_polar,NONE,12345,-10,200,bler,1,1.0000,configs/legacy_polar_seed12345.cfg,logs/legacy_polar_seed12345.txt
legacy_polar,NONE,12345,-5,200,ber,0.48895,4.8895e-01,configs/legacy_polar_seed12345.cfg,logs/legacy_polar_seed12345.txt
legacy_polar,NONE,12345,-5,200,bler,1,1.0000,configs/legacy_polar_seed12345.cfg,logs/legacy_polar_seed12345.txt
legacy_polar,NONE,12345,0,200,ber,0.36012,3.6012e-01,configs/legacy_polar_seed12345.cfg,logs/legacy_polar_seed12345.txt
legacy_polar,NONE,12345,0,200,bler,0.905,0.9050,configs/legacy_polar_seed12345.cfg,logs/legacy_polar_seed12345.txt
legacy_polar,NONE,12345,5,200,ber,0,0.0000e+00,configs/legacy_polar_seed12345.cfg,logs/legacy_polar_seed12345.txt
legacy_polar,NONE,12345,5,200,bler,0,0.0000,configs/legacy_polar_seed12345.cfg,logs/legacy_polar_seed12345.txt
legacy_polar,NONE,12345,10,200,ber,0,0.0000e+00,configs/legacy_polar_seed12345.cfg,logs/legacy_polar_seed12345.txt
legacy_polar,NONE,12345,10,200,bler,0,0.0000,configs/legacy_polar_seed12345.cfg,logs/legacy_polar_seed12345.txt
legacy_polar,NONE,12345,15,200,ber,0,0.0000e+00,configs/legacy_polar_seed12345.cfg,logs/legacy_polar_seed12345.txt
legacy_polar,NONE,12345,15,200,bler,0,0.0000,configs/legacy_polar_seed12345.cfg,logs/legacy_polar_seed12345.txt
legacy_polar,NONE,12345,20,200,ber,0,0.0000e+00,configs/legacy_polar_seed12345.cfg,logs/legacy_polar_seed12345.txt
legacy_polar,NONE,12345,20,200,bler,0,0.0000,configs/legacy_polar_seed12345.cfg,logs/legacy_polar_seed12345.txt
legacy_polar,NONE,67890,-10,200,ber,0.49562,4.9562e-01,configs/legacy_polar_seed67890.cfg,logs/legacy_polar_seed67890.txt
legacy_polar,NONE,67890,-10,200,bler,1,1.0000,configs/legacy_polar_seed67890.cfg,logs/legacy_polar_seed67890.txt
legacy_polar,NONE,67890,-5,200,ber,0.4977,4.9770e-01,configs/legacy_polar_seed67890.cfg,logs/legacy_polar_seed67890.txt
legacy_polar,NONE,67890,-5,200,bler,1,1.0000,configs/legacy_polar_seed67890.cfg,logs/legacy_polar_seed67890.txt
legacy_polar,NONE,67890,0,200,ber,0.34527,3.4527e-01,configs/legacy_polar_seed67890.cfg,logs/legacy_polar_seed67890.txt
legacy_polar,NONE,67890,0,200,bler,0.9,0.9000,configs/legacy_polar_seed67890.cfg,logs/legacy_polar_seed67890.txt
legacy_polar,NONE,67890,5,200,ber,0,0.0000e+00,configs/legacy_polar_seed67890.cfg,logs/legacy_polar_seed67890.txt
legacy_polar,NONE,67890,5,200,bler,0,0.0000,configs/legacy_polar_seed67890.cfg,logs/legacy_polar_seed67890.txt
legacy_polar,NONE,67890,10,200,ber,0,0.0000e+00,configs/legacy_polar_seed67890.cfg,logs/legacy_polar_seed67890.txt
legacy_polar,NONE,67890,10,200,bler,0,0.0000,configs/legacy_polar_seed67890.cfg,logs/legacy_polar_seed67890.txt
legacy_polar,NONE,67890,15,200,ber,0,0.0000e+00,configs/legacy_polar_seed67890.cfg,logs/legacy_polar_seed67890.txt
legacy_polar,NONE,67890,15,200,bler,0,0.0000,configs/legacy_polar_seed67890.cfg,logs/legacy_polar_seed67890.txt
legacy_polar,NONE,67890,20,200,ber,0,0.0000e+00,configs/legacy_polar_seed67890.cfg,logs/legacy_polar_seed67890.txt
legacy_polar,NONE,67890,20,200,bler,0,0.0000,configs/legacy_polar_seed67890.cfg,logs/legacy_polar_seed67890.txt
